time,pm2_5,pm10,carbon_monoxide,nitrogen_dioxide,sulphur_dioxide,ozone,temperature_2m,relative_humidity_2m,surface_pressure,wind_speed_10m,precipitation
2026-05-21 00:00:00,23.1,52.7,185.0,11.5,5.0,56.0,28.7,84,1003.1,15.3,0.0
2026-05-21 01:00:00,22.5,53.6,165.0,8.7,4.5,59.0,28.3,88,1002.7,14.0,0.0
2026-05-21 02:00:00,22.4,54.5,152.0,6.7,4.2,60.0,28.2,88,1002.4,14.2,0.0
2026-05-21 03:00:00,22.5,55.8,145.0,5.9,4.2,60.0,28.2,86,1002.3,14.1,0.0
2026-05-21 04:00:00,22.8,57.2,145.0,5.8,4.4,59.0,28.3,83,1002.4,13.7,0.0
2026-05-21 05:00:00,23.8,61.0,157.0,6.0,4.6,62.0,28.3,84,1002.4,12.5,0.0
2026-05-21 06:00:00,24.7,63.6,195.0,6.9,5.0,64.0,28.1,84,1003.0,12.1,0.0
2026-05-21 07:00:00,28.2,80.8,245.0,8.1,5.5,66.0,28.7,80,1003.6,13.6,0.0
2026-05-21 08:00:00,33.1,100.8,275.0,8.5,5.8,71.0,29.8,74,1004.2,14.9,0.0
2026-05-21 09:00:00,36.1,111.3,264.0,7.3,5.8,80.0,30.9,67,1004.4,15.5,0.0
2026-05-21 10:00:00,34.6,105.7,233.0,5.2,5.7,92.0,31.6,65,1004.6,15.9,0.0
2026-05-21 11:00:00,34.6,104.1,209.0,3.7,5.5,100.0,32.5,62,1004.6,15.9,0.0
2026-05-21 12:00:00,34.1,103.6,203.0,3.1,5.4,102.0,32.5,63,1004.4,15.9,0.0
2026-05-21 13:00:00,33.5,101.0,204.0,3.1,5.2,100.0,32.6,63,1003.9,16.6,0.0
2026-05-21 14:00:00,32.7,95.5,210.0,3.4,5.1,96.0,32.4,64,1003.3,16.7,0.0
2026-05-21 15:00:00,31.9,91.5,223.0,4.0,5.0,89.0,32.1,65,1002.9,17.1,0.0
2026-05-21 16:00:00,31.1,87.5,241.0,5.0,4.8,80.0,31.7,66,1002.5,16.1,0.0
2026-05-21 17:00:00,42.3,123.4,252.0,6.6,5.1,77.0,31.6,66,1002.5,15.3,0.0
2026-05-21 18:00:00,42.6,122.5,249.0,8.2,5.2,70.0,30.6,70,1002.7,15.4,0.0
2026-05-21 19:00:00,42.5,118.3,238.0,10.4,5.3,61.0,29.9,73,1003.2,15.0,0.0
2026-05-21 20:00:00,42.6,115.3,228.0,12.3,5.5,54.0,29.6,75,1003.7,14.4,0.0
2026-05-21 21:00:00,39.2,102.2,221.0,13.6,5.7,50.0,29.3,78,1004.3,13.2,0.0
2026-05-21 22:00:00,38.0,97.3,215.0,14.5,6.0,49.0,29.0,81,1004.8,12.7,0.0
2026-05-21 23:00:00,37.1,92.7,206.0,14.6,6.1,48.0,29.0,81,1004.9,13.3,0.0
2026-05-22 00:00:00,36.4,90.3,191.0,13.5,5.9,48.0,28.7,82,1004.9,13.0,0.0
2026-05-22 01:00:00,35.3,87.3,174.0,11.6,5.6,49.0,28.5,84,1004.7,12.2,0.0
2026-05-22 02:00:00,34.1,84.8,162.0,10.1,5.4,49.0,28.3,85,1004.4,11.3,0.0
2026-05-22 03:00:00,33.3,83.6,156.0,9.4,5.5,48.0,28.1,87,1004.7,10.6,0.0
2026-05-22 04:00:00,32.6,82.4,155.0,9.1,5.7,47.0,27.9,88,1004.9,9.7,0.0
2026-05-22 05:00:00,30.9,79.9,169.0,7.6,5.4,52.0,28.1,86,1004.9,9.6,0.0
2026-05-22 06:00:00,31.0,79.9,214.0,8.2,5.8,53.0,27.9,87,1005.4,9.7,0.0
2026-05-22 07:00:00,34.0,98.0,274.0,9.0,6.3,55.0,28.7,82,1006.3,10.2,0.0
2026-05-22 08:00:00,37.4,117.6,310.0,9.1,6.7,60.0,29.9,75,1006.9,10.5,0.0
2026-05-22 09:00:00,40.2,130.4,297.0,7.8,6.8,72.0,30.9,70,1007.4,10.8,0.0
2026-05-22 10:00:00,42.4,138.8,259.0,5.8,6.9,87.0,31.7,67,1007.7,11.8,0.0
2026-05-22 11:00:00,43.8,139.7,231.0,4.3,6.8,98.0,32.4,63,1007.7,11.7,0.0
2026-05-22 12:00:00,45.1,143.0,227.0,3.7,6.6,103.0,32.7,61,1007.4,12.4,0.0
2026-05-22 13:00:00,45.5,143.9,233.0,3.5,6.4,105.0,33.0,59,1006.8,13.2,0.0
2026-05-22 14:00:00,45.6,143.9,242.0,3.8,6.2,103.0,32.9,60,1006.1,14.1,0.0
2026-05-22 15:00:00,45.4,141.6,256.0,4.6,6.1,95.0,32.4,62,1005.6,15.2,0.0
2026-05-22 16:00:00,43.9,132.2,273.0,5.9,5.9,83.0,31.5,66,1005.4,15.6,0.0
2026-05-22 17:00:00,52.6,163.0,279.0,7.5,5.8,74.0,31.3,70,1005.3,13.7,0.0
2026-05-22 18:00:00,51.2,156.9,265.0,8.6,5.6,67.0,30.1,75,1005.6,13.7,0.0
2026-05-22 19:00:00,49.6,148.1,239.0,10.1,5.4,57.0,29.6,78,1006.0,13.1,0.0
2026-05-22 20:00:00,49.1,147.6,217.0,11.0,5.2,50.0,29.4,79,1006.5,14.8,0.0
2026-05-22 21:00:00,49.1,151.3,204.0,10.9,5.1,48.0,29.2,79,1006.8,15.7,0.0
2026-05-22 22:00:00,48.5,142.5,195.0,10.2,5.1,50.0,29.1,79,1007.4,14.5,0.0
2026-05-22 23:00:00,48.9,139.2,185.0,9.4,5.0,51.0,29.1,80,1007.5,14.3,0.0
2026-05-23 00:00:00,49.0,137.4,170.0,8.5,4.9,52.0,29.0,80,1007.5,13.7,0.0
2026-05-23 01:00:00,49.1,135.0,154.0,7.6,4.7,53.0,28.8,81,1007.3,12.8,0.0
2026-05-23 02:00:00,48.4,133.6,143.0,6.8,4.6,54.0,28.5,83,1007.2,11.8,0.0
2026-05-23 03:00:00,46.9,127.6,136.0,6.3,4.7,55.0,28.4,82,1007.1,10.7,0.0
2026-05-23 04:00:00,44.0,121.1,134.0,6.1,4.8,57.0,28.2,82,1007.2,10.0,0.0
2026-05-23 05:00:00,38.0,99.0,149.0,6.2,5.0,61.0,28.0,82,1007.0,10.3,0.0
2026-05-23 06:00:00,36.2,90.3,199.0,7.2,5.4,64.0,27.7,84,1007.4,10.0,0.0
2026-05-23 07:00:00,38.2,105.9,265.0,8.6,5.9,68.0,28.3,78,1007.8,10.3,0.0
2026-05-23 08:00:00,40.2,110.8,305.0,9.1,6.3,75.0,29.4,73,1008.3,9.9,0.0
2026-05-23 09:00:00,40.4,109.4,293.0,7.9,6.5,89.0,30.6,66,1008.8,10.7,0.0
2026-05-23 10:00:00,40.7,108.3,255.0,5.9,6.6,106.0,31.6,62,1009.0,12.0,0.0
2026-05-23 11:00:00,40.5,106.6,226.0,4.3,6.5,118.0,32.3,60,1008.7,12.8,0.0
2026-05-23 12:00:00,40.0,102.9,221.0,3.6,6.2,122.0,32.6,58,1008.4,13.4,0.0
2026-05-23 13:00:00,39.6,100.1,225.0,3.5,5.8,120.0,32.5,58,1007.9,14.4,0.0
2026-05-23 14:00:00,39.1,99.0,231.0,3.7,5.5,115.0,32.0,62,1007.4,15.5,0.0
2026-05-23 15:00:00,38.8,99.4,239.0,4.4,5.2,105.0,31.5,65,1007.0,16.4,0.0
2026-05-23 16:00:00,39.0,100.8,248.0,5.5,5.0,91.0,31.0,67,1006.5,16.7,0.0
2026-05-23 17:00:00,39.0,101.0,253.0,7.1,5.0,84.0,30.9,67,1006.3,15.8,0.0
2026-05-23 18:00:00,39.5,102.2,249.0,8.7,5.1,76.0,29.9,71,1006.1,14.9,0.0
2026-05-23 19:00:00,39.5,101.3,240.0,11.0,5.2,65.0,29.0,76,1006.1,14.0,0.0
2026-05-23 20:00:00,39.5,100.4,229.0,12.8,5.3,57.0,28.6,78,1006.4,13.4,0.0
2026-05-23 21:00:00,38.6,92.2,215.0,13.9,5.4,54.0,28.6,77,1007.0,13.9,0.0
2026-05-23 22:00:00,38.5,89.6,199.0,14.6,5.6,54.0,28.5,78,1007.6,14.3,0.0
2026-05-23 23:00:00,38.2,88.0,183.0,14.1,5.5,55.0,28.5,79,1007.5,14.0,0.0
2026-05-24 00:00:00,37.3,85.7,166.0,11.7,5.0,58.0,28.2,80,1007.2,13.6,0.0
2026-05-24 01:00:00,36.2,85.2,149.0,8.3,4.2,63.0,28.0,82,1006.7,14.3,0.0
2026-05-24 02:00:00,35.2,82.4,137.0,5.6,3.7,67.0,27.8,82,1006.3,14.6,0.0
2026-05-24 03:00:00,34.6,82.0,132.0,4.5,3.6,68.0,27.8,81,1006.0,14.6,0.0
2026-05-24 04:00:00,35.7,85.7,133.0,4.3,3.7,68.0,27.8,79,1006.4,14.2,0.0
2026-05-24 05:00:00,33.4,77.8,140.0,4.2,3.7,72.0,27.9,81,1006.7,14.8,0.0
2026-05-24 06:00:00,33.9,81.0,158.0,4.5,3.9,74.0,28.0,78,1007.2,14.5,0.0
2026-05-24 07:00:00,39.2,104.1,182.0,5.0,4.3,76.0,28.8,73,1007.9,15.6,0.0
2026-05-24 08:00:00,40.6,108.7,195.0,5.0,4.5,79.0,29.7,70,1008.4,17.7,0.0
2026-05-24 09:00:00,40.7,109.0,188.0,4.3,4.6,84.0,30.7,65,1008.7,18.3,0.0
2026-05-24 10:00:00,40.9,109.7,171.0,3.2,4.6,90.0,31.5,61,1008.8,18.8,0.0
2026-05-24 11:00:00,40.4,108.7,158.0,2.4,4.6,94.0,32.4,60,1008.7,19.8,0.0
2026-05-24 12:00:00,40.2,108.5,156.0,2.1,4.5,93.0,32.7,58,1008.3,20.0,0.0
2026-05-24 13:00:00,39.7,108.0,159.0,2.0,4.3,90.0,32.6,59,1007.6,19.2,0.0
2026-05-24 14:00:00,39.1,107.1,164.0,2.2,4.1,86.0,32.9,59,1006.8,18.8,0.0
2026-05-24 15:00:00,37.6,102.4,175.0,2.6,4.1,80.0,32.5,62,1005.9,18.7,0.0
2026-05-24 16:00:00,35.7,96.9,188.0,3.3,4.1,74.0,31.8,66,1005.6,18.6,0.0
2026-05-24 17:00:00,43.9,118.5,195.0,4.3,4.1,68.0,31.1,67,1005.5,18.3,0.0
2026-05-24 18:00:00,41.4,110.1,191.0,5.3,4.2,62.0,30.0,72,1005.4,17.2,0.0
2026-05-24 19:00:00,39.1,99.4,181.0,6.7,4.3,55.0,29.1,79,1005.7,16.4,0.0
2026-05-24 20:00:00,32.8,83.4,171.0,7.7,4.4,49.0,28.8,81,1006.0,17.6,0.0
2026-05-24 21:00:00,28.6,70.1,164.0,7.9,4.4,47.0,28.8,80,1006.4,18.2,0.0
2026-05-24 22:00:00,27.1,65.4,158.0,7.6,4.3,47.0,28.8,81,1007.1,16.9,0.0
2026-05-24 23:00:00,25.5,62.4,151.0,7.1,4.2,48.0,28.9,79,1007.1,17.4,0.0
2026-05-25 00:00:00,24.0,59.1,141.0,6.2,3.9,49.0,28.7,80,1006.7,17.6,0.0
2026-05-25 01:00:00,23.3,58.2,131.0,5.1,3.6,50.0,28.8,78,1006.1,17.4,0.0
2026-05-25 02:00:00,23.3,58.8,125.0,4.3,3.3,51.0,28.6,81,1005.8,17.6,0.0
2026-05-25 03:00:00,23.4,58.3,121.0,3.9,3.2,52.0,28.4,82,1005.4,17.7,0.0
2026-05-25 04:00:00,23.6,57.9,122.0,3.7,3.3,53.0,28.4,81,1005.2,17.1,0.0
2026-05-25 05:00:00,24.9,61.9,134.0,3.8,3.3,54.0,28.1,87,1005.4,16.2,0.0
2026-05-25 06:00:00,24.6,58.9,171.0,4.8,3.7,55.0,28.2,87,1005.4,15.8,0.0
2026-05-25 07:00:00,27.0,69.8,220.0,6.1,4.2,58.0,29.0,82,1006.0,17.6,0.0
2026-05-25 08:00:00,34.6,95.5,250.0,6.8,4.7,62.0,30.2,74,1006.4,18.0,0.0
2026-05-25 09:00:00,34.8,99.0,243.0,6.1,5.0,70.0,31.3,69,1006.8,18.4,0.0
2026-05-25 10:00:00,35.9,103.6,216.0,4.7,5.2,80.0,32.0,66,1007.0,17.3,0.0
2026-05-25 11:00:00,36.4,105.2,196.0,3.6,5.3,87.0,32.4,66,1006.8,18.0,0.0
2026-05-25 12:00:00,36.1,102.0,189.0,3.1,5.2,89.0,32.6,65,1006.5,19.0,0.0
2026-05-25 13:00:00,33.5,90.3,189.0,2.9,4.9,89.0,32.9,64,1005.7,20.3,0.0
2026-05-25 14:00:00,31.5,83.4,195.0,3.2,4.7,86.0,32.9,65,1004.9,20.2,0.0
2026-05-25 15:00:00,30.3,79.9,213.0,4.0,4.6,81.0,32.4,68,1004.1,19.8,0.0
2026-05-25 16:00:00,28.6,74.0,238.0,5.3,4.6,73.0,31.8,72,1003.5,18.6,0.0
2026-05-25 17:00:00,31.0,80.3,255.0,6.9,4.9,69.0,31.6,72,1003.2,16.9,0.0
2026-05-25 18:00:00,27.8,66.6,257.0,9.0,5.0,62.0,30.5,78,1003.2,13.9,0.0
2026-05-25 19:00:00,22.6,50.3,250.0,11.8,5.2,52.0,29.6,83,1003.6,13.0,0.0
2026-05-25 20:00:00,19.7,42.4,239.0,14.3,5.5,44.0,29.4,84,1004.0,12.7,0.0
2026-05-25 21:00:00,19.4,39.9,225.0,16.2,5.9,40.0,29.3,85,1004.3,11.3,0.0
2026-05-25 22:00:00,19.1,38.1,207.0,17.7,6.4,38.0,29.0,87,1004.7,10.2,0.0
2026-05-25 23:00:00,19.4,37.7,189.0,17.8,6.6,38.0,29.3,87,1004.9,10.3,0.0
2026-05-26 00:00:00,19.0,37.5,172.0,15.7,6.2,40.0,28.8,90,1004.6,10.5,0.0
2026-05-26 01:00:00,17.9,36.6,155.0,12.3,5.4,44.0,28.6,92,1004.4,10.6,0.0
2026-05-26 02:00:00,16.7,34.9,143.0,9.4,4.8,47.0,28.3,93,1003.9,12.7,0.0
2026-05-26 03:00:00,16.1,35.3,134.0,7.5,4.5,49.0,28.2,93,1003.6,13.3,0.0
2026-05-26 04:00:00,15.9,36.2,131.0,6.2,4.4,51.0,28.1,93,1003.6,13.5,0.0
2026-05-26 05:00:00,15.4,33.2,144.0,6.0,4.3,52.0,28.1,93,1003.8,13.2,0.0
2026-05-26 06:00:00,15.8,34.1,192.0,7.0,4.7,53.0,28.0,94,1004.1,12.7,0.0
2026-05-26 07:00:00,18.2,41.8,256.0,8.3,5.3,54.0,28.8,88,1004.8,13.3,0.0
2026-05-26 08:00:00,23.5,57.9,296.0,8.8,5.8,60.0,30.1,80,1005.3,12.0,0.0
2026-05-26 09:00:00,25.8,62.9,287.0,7.7,6.0,73.0,31.1,75,1005.5,11.4,0.0
2026-05-26 10:00:00,28.7,71.7,252.0,5.8,6.1,90.0,32.2,71,1005.8,11.3,0.0
2026-05-26 11:00:00,30.5,77.1,226.0,4.4,6.1,103.0,33.3,66,1005.7,13.5,0.0
2026-05-26 12:00:00,31.3,80.6,218.0,3.8,6.0,108.0,33.7,63,1005.4,14.5,0.0
2026-05-26 13:00:00,30.7,77.8,218.0,3.7,5.7,108.0,33.8,63,1004.9,15.7,0.0
2026-05-26 14:00:00,29.3,73.3,226.0,4.0,5.5,105.0,33.8,63,1004.2,16.2,0.0
2026-05-26 15:00:00,27.2,65.9,248.0,4.7,5.3,98.0,33.5,63,1003.4,15.9,0.0
2026-05-26 16:00:00,24.4,55.9,279.0,5.9,5.2,87.0,33.1,65,1003.2,15.1,0.0
2026-05-26 17:00:00,21.5,47.1,299.0,8.0,5.5,80.0,32.8,67,1003.2,13.4,0.0
2026-05-26 18:00:00,18.8,38.2,299.0,10.8,5.8,70.0,31.3,74,1003.1,12.2,0.0
2026-05-26 19:00:00,17.2,30.3,288.0,14.7,6.2,56.0,30.1,81,1003.6,12.0,0.0
2026-05-26 20:00:00,14.8,24.1,277.0,17.5,6.5,45.0,29.5,84,1004.0,10.8,0.0
2026-05-26 21:00:00,15.0,24.2,272.0,18.3,6.7,41.0,29.2,87,1004.5,10.2,0.0
2026-05-26 22:00:00,16.3,27.2,267.0,18.0,6.7,41.0,29.0,88,1005.2,9.4,0.0
2026-05-26 23:00:00,17.3,30.3,254.0,17.2,6.7,41.0,28.9,90,1005.6,8.0,0.0
2026-05-27 00:00:00,17.6,31.7,223.0,15.9,6.6,40.0,28.5,92,1005.5,6.6,0.0
2026-05-27 01:00:00,17.4,32.5,184.0,14.1,6.3,40.0,28.3,93,1005.3,6.9,0.0
2026-05-27 02:00:00,16.8,31.5,155.0,12.3,6.1,41.0,28.0,94,1005.0,9.2,0.0
2026-05-27 03:00:00,16.1,30.7,140.0,10.5,5.8,42.0,27.9,94,1004.8,10.6,0.0
2026-05-27 04:00:00,15.8,32.2,135.0,8.8,5.5,45.0,27.9,93,1004.9,12.4,0.0
2026-05-27 05:00:00,15.4,32.0,148.0,7.4,5.4,48.0,28.2,92,1005.0,13.8,0.0
2026-05-27 06:00:00,15.7,33.1,194.0,8.2,5.6,49.0,28.2,92,1005.3,13.9,0.0
2026-05-27 07:00:00,17.6,38.8,258.0,9.2,6.0,51.0,28.9,87,1006.1,13.6,0.0
2026-05-27 08:00:00,20.5,48.3,296.0,9.5,6.2,56.0,30.0,79,1006.7,14.0,0.0
2026-05-27 09:00:00,22.6,51.6,283.0,8.2,6.2,68.0,31.1,73,1007.1,14.3,0.0
2026-05-27 10:00:00,23.9,53.1,244.0,6.1,6.1,84.0,32.1,69,1007.1,13.9,0.0
2026-05-27 11:00:00,24.6,52.5,214.0,4.5,5.9,96.0,33.0,64,1007.0,14.8,0.0
2026-05-27 12:00:00,24.7,50.6,206.0,3.8,5.7,102.0,33.3,64,1006.5,15.8,0.0
2026-05-27 13:00:00,24.6,48.8,208.0,3.7,5.5,103.0,33.4,65,1005.9,16.2,0.0
2026-05-27 14:00:00,24.5,48.1,217.0,4.0,5.3,101.0,33.2,66,1005.2,16.7,0.0
2026-05-27 15:00:00,24.0,47.4,236.0,4.7,5.2,93.0,32.9,68,1004.7,16.7,0.0
2026-05-27 16:00:00,23.2,46.9,263.0,6.0,5.2,82.0,32.3,71,1004.4,16.2,0.0
2026-05-27 17:00:00,27.8,59.5,284.0,8.1,5.3,75.0,32.3,69,1004.0,15.3,0.0
2026-05-27 18:00:00,27.1,58.3,299.0,11.4,5.7,65.0,31.2,74,1004.1,13.5,0.0
2026-05-27 19:00:00,26.4,54.6,309.0,15.9,6.1,50.0,30.1,81,1004.4,11.8,0.0
2026-05-27 20:00:00,22.2,43.3,306.0,18.8,6.4,40.0,29.5,87,1004.6,11.6,0.0
2026-05-27 21:00:00,20.7,39.2,281.0,18.6,6.3,38.0,29.1,89,1004.8,12.3,0.0
2026-05-27 22:00:00,20.1,37.5,243.0,16.7,6.1,40.0,28.9,91,1005.4,14.0,0.0
2026-05-27 23:00:00,19.8,37.4,207.0,14.5,5.7,43.0,29.2,89,1005.9,12.9,0.0
2026-05-28 00:00:00,19.2,36.3,178.0,12.2,5.2,45.0,28.9,91,1005.8,13.4,0.0
2026-05-28 01:00:00,18.5,35.2,152.0,9.6,4.7,47.0,28.7,92,1005.3,14.3,0.0
2026-05-28 02:00:00,17.8,34.3,134.0,7.5,4.3,48.0,28.4,93,1005.1,14.0,0.0
2026-05-28 03:00:00,17.2,33.6,124.0,6.3,4.1,48.0,28.4,92,1004.7,14.7,0.0
2026-05-28 04:00:00,17.0,32.8,123.0,5.7,4.1,49.0,28.3,92,1004.3,15.0,0.0
2026-05-28 05:00:00,16.9,33.3,135.0,5.4,4.1,51.0,28.4,91,1004.4,15.5,0.0
2026-05-28 06:00:00,16.9,32.4,174.0,6.6,4.5,51.0,28.3,92,1004.9,14.7,0.0
2026-05-28 07:00:00,18.6,35.9,227.0,8.2,5.2,51.0,29.1,86,1005.5,15.9,0.0
2026-05-28 08:00:00,21.6,43.5,260.0,8.9,5.6,54.0,30.3,79,1005.7,17.1,0.0
2026-05-28 09:00:00,23.3,47.0,252.0,7.8,5.7,65.0,31.4,72,1006.0,17.1,0.0
2026-05-28 10:00:00,24.3,48.5,223.0,5.8,5.7,79.0,32.2,69,1006.1,16.9,0.0
2026-05-28 11:00:00,24.8,48.5,201.0,4.3,5.6,89.0,33.2,65,1006.1,16.7,0.0
2026-05-28 12:00:00,24.7,47.5,196.0,3.7,5.4,93.0,33.4,65,1005.7,16.4,0.0
2026-05-28 13:00:00,24.5,46.9,199.0,3.4,5.0,94.0,33.6,64,1005.1,16.1,0.0
2026-05-28 14:00:00,24.7,47.8,208.0,3.7,4.8,91.0,33.4,67,1004.3,17.5,0.0
2026-05-28 15:00:00,24.0,46.3,227.0,4.4,4.7,85.0,32.8,72,1003.6,17.8,0.0
2026-05-28 16:00:00,23.3,46.4,252.0,5.6,4.7,75.0,32.2,74,1003.0,18.0,0.0
2026-05-28 17:00:00,35.3,75.7,268.0,7.2,4.7,67.0,32.0,74,1002.8,16.8,0.0
2026-05-28 18:00:00,33.2,68.2,266.0,9.6,4.8,60.0,30.9,79,1002.7,15.7,0.0
2026-05-28 19:00:00,27.5,55.5,254.0,12.9,5.1,51.0,30.1,84,1003.0,15.1,0.0
2026-05-28 20:00:00,24.2,46.0,241.0,15.3,5.3,44.0,29.6,88,1003.5,13.8,0.0
2026-05-28 21:00:00,23.2,43.5,232.0,16.2,5.6,41.0,29.5,89,1004.2,12.6,0.0
2026-05-28 22:00:00,23.1,42.8,223.0,16.3,6.0,41.0,29.3,90,1004.6,11.9,0.0
2026-05-28 23:00:00,22.6,41.2,209.0,15.5,6.1,41.0,29.4,90,1004.4,13.3,0.0
2026-05-29 00:00:00,21.4,38.8,184.0,13.4,5.7,43.0,29.0,92,1003.9,14.4,0.0
2026-05-29 01:00:00,19.8,36.4,155.0,10.4,5.0,45.0,28.9,92,1003.5,13.2,0.0
2026-05-29 02:00:00,18.1,33.4,134.0,7.9,4.5,48.0,28.8,91,1003.4,13.1,0.0
2026-05-29 03:00:00,16.9,31.5,124.0,6.4,4.2,50.0,28.7,91,1003.5,12.4,0.0
2026-05-29 04:00:00,16.2,30.7,124.0,5.3,4.1,51.0,28.6,91,1003.1,15.1,0.0
2026-05-29 05:00:00,16.2,30.9,137.0,5.0,3.9,53.0,28.8,92,1003.1,15.5,0.0
2026-05-29 06:00:00,16.2,31.0,178.0,6.1,4.3,53.0,28.8,91,1003.6,13.8,0.0
2026-05-29 07:00:00,17.8,34.8,234.0,7.5,4.8,53.0,29.5,87,1004.0,13.8,0.0
2026-05-29 08:00:00,21.5,43.7,268.0,8.1,5.2,57.0,30.7,79,1004.3,16.2,0.0
2026-05-29 09:00:00,24.4,49.4,260.0,7.3,5.5,69.0,31.9,72,1004.5,15.9,0.0
2026-05-29 10:00:00,26.7,53.7,232.0,5.6,5.7,84.0,32.6,70,1004.3,16.0,0.0
2026-05-29 11:00:00,28.2,57.7,211.0,4.4,5.7,95.0,33.5,66,1004.2,16.4,0.0
2026-05-29 12:00:00,28.9,60.5,208.0,3.8,5.5,99.0,34.1,64,1003.6,17.3,0.0
2026-05-29 13:00:00,29.2,62.6,212.0,3.6,5.2,98.0,34.5,63,1002.9,17.5,0.0
2026-05-29 14:00:00,28.7,62.9,221.0,3.9,4.9,95.0,34.4,63,1002.1,17.2,0.0
2026-05-29 15:00:00,27.9,62.9,238.0,4.7,4.8,88.0,34.0,65,1001.4,17.1,0.0
2026-05-29 16:00:00,26.4,58.4,260.0,6.0,4.7,78.0,33.0,70,1000.7,17.3,0.0
2026-05-29 17:00:00,33.3,78.2,277.0,8.0,4.6,75.0,32.2,72,1000.4,17.3,0.0
2026-05-29 18:00:00,28.9,62.2,287.0,10.5,4.9,66.0,31.3,75,1000.5,16.4,0.0
2026-05-29 19:00:00,23.3,44.0,293.0,13.9,5.2,54.0,30.3,80,1000.8,15.9,0.0
2026-05-29 20:00:00,19.6,34.1,290.0,16.0,5.4,45.0,30.1,83,1001.2,13.6,0.0
2026-05-29 21:00:00,18.4,31.1,277.0,15.6,5.3,43.0,29.8,85,1001.4,12.1,0.0
2026-05-29 22:00:00,18.1,30.4,257.0,13.8,5.0,45.0,29.6,85,1001.9,12.2,0.0
2026-05-29 23:00:00,17.7,30.2,232.0,11.8,4.7,47.0,29.4,87,1001.6,11.8,0.0
2026-05-30 00:00:00,17.3,30.0,200.0,9.8,4.3,50.0,29.1,88,1001.4,12.5,0.0
2026-05-30 01:00:00,16.7,30.2,163.0,7.7,3.9,53.0,29.0,86,1001.0,14.4,0.0
2026-05-30 02:00:00,16.4,31.1,138.0,6.0,3.6,55.0,28.9,87,1000.7,14.1,0.0
2026-05-30 03:00:00,16.2,31.3,126.0,5.0,3.5,56.0,28.7,88,1000.4,14.8,0.0
2026-05-30 04:00:00,16.0,31.0,125.0,4.5,3.5,55.0,28.7,88,1000.3,13.5,0.0
2026-05-30 05:00:00,16.3,32.5,142.0,4.8,3.7,58.0,28.9,89,1000.1,13.2,0.0
2026-05-30 06:00:00,16.5,31.9,193.0,6.7,4.2,58.0,28.9,90,1000.4,14.5,0.0
2026-05-30 07:00:00,17.6,33.2,262.0,9.2,5.0,58.0,29.7,86,1001.0,14.4,0.0
2026-05-30 08:00:00,22.9,45.4,302.0,10.4,5.5,62.0,30.8,80,1001.4,14.8,0.0
2026-05-30 09:00:00,26.0,54.0,287.0,9.2,5.7,75.0,31.9,75,1001.7,14.4,0.0
2026-05-30 10:00:00,28.2,62.4,243.0,6.7,5.6,92.0,32.9,70,1001.7,15.7,0.0
2026-05-30 11:00:00,29.4,69.4,210.0,4.8,5.5,104.0,33.6,70,1001.8,18.5,0.0
2026-05-30 12:00:00,29.2,72.4,201.0,4.0,5.3,107.0,34.2,65,1001.4,17.9,0.0
2026-05-30 13:00:00,28.8,75.4,203.0,3.8,4.9,104.0,35.0,61,1001.1,15.9,0.0
2026-05-30 14:00:00,27.2,70.8,212.0,4.0,4.7,99.0,35.1,59,1000.5,15.8,0.0
2026-05-30 15:00:00,25.1,59.8,234.0,4.8,4.6,91.0,34.6,62,999.7,15.7,0.0
2026-05-30 16:00:00,24.0,54.4,263.0,6.0,4.6,81.0,33.7,65,999.4,15.4,0.0
2026-05-30 17:00:00,23.4,54.1,283.0,7.9,4.6,76.0,33.0,70,999.4,14.8,0.0
2026-05-30 18:00:00,21.8,41.0,286.0,10.3,4.9,67.0,31.4,78,999.3,15.6,0.0
2026-05-30 19:00:00,21.1,34.2,280.0,13.6,5.3,54.0,30.6,84,1000.0,14.9,0.0
2026-05-30 20:00:00,17.8,27.5,269.0,15.7,5.6,45.0,30.1,86,1000.7,12.5,0.0
2026-05-30 21:00:00,16.5,25.8,252.0,15.8,5.7,42.0,29.9,88,1001.6,11.8,0.0
2026-05-30 22:00:00,16.6,26.9,230.0,14.7,5.7,43.0,29.8,88,1002.2,11.9,0.0
2026-05-30 23:00:00,16.8,27.7,207.0,13.2,5.5,44.0,29.7,88,1002.6,13.1,0.0
2026-05-31 00:00:00,16.5,28.1,181.0,11.0,5.0,46.0,29.4,90,1002.5,13.4,0.0
2026-05-31 01:00:00,16.3,28.3,154.0,8.3,4.4,48.0,29.3,90,1002.5,14.7,0.0
2026-05-31 02:00:00,16.6,29.5,136.0,6.3,4.0,50.0,29.1,89,1002.1,14.6,0.0
2026-05-31 03:00:00,17.3,31.1,129.0,5.5,3.9,50.0,28.9,92,1001.9,13.4,0.0
2026-05-31 04:00:00,18.0,32.8,131.0,5.4,3.9,48.0,28.7,92,1002.0,12.5,0.0
2026-05-31 05:00:00,18.3,33.3,141.0,5.9,4.4,49.0,28.9,92,1001.9,14.1,0.0
2026-05-31 06:00:00,19.0,34.8,168.0,6.1,4.6,50.0,28.8,92,1002.8,11.8,0.0
2026-05-31 07:00:00,20.4,38.6,203.0,6.3,4.9,52.0,29.6,86,1003.6,11.7,0.0
2026-05-31 08:00:00,22.6,44.6,223.0,6.1,5.1,55.0,30.6,80,1004.3,13.4,0.0
2026-05-31 09:00:00,23.3,47.3,211.0,5.3,5.1,61.0,31.5,74,1004.8,15.2,0.1
2026-05-31 10:00:00,23.3,46.7,183.0,4.1,5.0,67.0,32.1,71,1004.9,16.6,0.2
2026-05-31 11:00:00,22.5,44.8,162.0,3.2,4.9,73.0,32.6,70,1005.4,16.2,0.2
2026-05-31 12:00:00,21.7,42.8,157.0,2.6,4.7,77.0,33.0,67,1005.4,15.9,0.2
2026-05-31 13:00:00,20.4,40.5,160.0,2.3,4.5,79.0,32.9,69,1005.1,16.0,0.1
2026-05-31 14:00:00,20.5,40.4,165.0,2.2,4.4,79.0,32.8,69,1004.5,16.1,0.1
2026-05-31 15:00:00,19.2,38.1,173.0,2.5,4.4,76.0,32.5,71,1003.7,17.0,0.1
2026-05-31 16:00:00,19.0,37.5,184.0,3.1,4.4,70.0,32.0,73,1003.4,16.9,0.1
2026-05-31 17:00:00,23.4,49.9,190.0,4.1,4.6,65.0,31.7,71,1003.2,16.8,0.1
2026-05-31 18:00:00,22.4,47.4,187.0,5.7,4.8,60.0,30.9,73,1003.2,16.0,0.0
2026-05-31 19:00:00,21.0,42.8,179.0,7.9,5.1,52.0,30.4,75,1003.7,15.9,0.1
2026-05-31 20:00:00,21.4,41.1,172.0,9.5,5.4,47.0,30.1,77,1004.3,14.3,0.1
2026-05-31 21:00:00,21.4,39.5,168.0,10.1,5.6,46.0,30.1,76,1005.1,13.5,0.1
2026-05-31 22:00:00,19.1,35.0,165.0,10.1,5.8,46.0,29.9,76,1005.8,12.5,0.2
2026-05-31 23:00:00,18.2,33.6,159.0,9.9,5.8,47.0,29.9,80,1005.7,12.5,0.1
2026-06-01 00:00:00,18.1,33.6,147.0,9.4,5.6,47.0,29.5,83,1005.5,10.2,0.0
2026-06-01 01:00:00,21.1,41.4,133.0,8.6,5.2,48.0,29.2,84,1005.2,10.1,0.0
2026-06-01 02:00:00,20.1,39.1,124.0,8.0,5.0,48.0,29.1,85,1004.5,10.8,0.0
2026-06-01 03:00:00,20.1,39.8,117.0,7.8,5.0,47.0,29.0,85,1004.3,11.2,0.0
2026-06-01 04:00:00,19.4,38.5,115.0,7.8,5.1,46.0,28.9,85,1004.2,9.9,0.0
2026-06-01 05:00:00,18.9,40.9,130.0,5.9,5.0,55.0,28.6,86,1004.1,6.6,0.0
2026-06-01 06:00:00,19.4,40.4,183.0,7.0,5.6,56.0,28.7,86,1004.8,7.0,0.0
2026-06-01 07:00:00,23.3,55.5,253.0,8.5,6.5,59.0,29.6,81,1005.4,8.0,0.0
2026-06-01 08:00:00,24.3,59.4,296.0,9.1,7.1,64.0,30.8,74,1005.8,9.0,0.0
2026-06-01 09:00:00,25.6,63.6,283.0,7.9,7.2,76.0,31.8,68,1006.1,10.8,0.0
2026-06-01 10:00:00,27.2,66.4,242.0,5.8,7.0,91.0,32.4,65,1006.3,12.5,0.0
2026-06-01 11:00:00,28.1,67.5,210.0,4.1,6.8,101.0,33.0,62,1006.7,11.8,0.0
2026-06-01 12:00:00,27.9,65.2,201.0,3.4,6.5,104.0,33.0,61,1006.5,12.4,0.0
2026-06-01 13:00:00,27.1,62.4,202.0,3.1,6.0,102.0,32.9,64,1005.9,14.1,0.0
2026-06-01 14:00:00,25.9,57.6,207.0,3.2,5.7,97.0,32.7,65,1005.3,14.8,0.0
2026-06-01 15:00:00,24.7,53.0,219.0,3.8,5.5,89.0,32.1,68,1004.4,14.7,0.0
2026-06-01 16:00:00,23.2,47.4,236.0,4.8,5.4,78.0,31.8,70,1004.1,14.4,0.0
2026-06-01 17:00:00,34.7,79.2,245.0,6.3,5.8,75.0,32.3,66,1003.6,13.8,0.0
2026-06-01 18:00:00,33.3,76.1,238.0,8.1,5.9,66.0,31.5,67,1003.6,13.2,0.0
2026-06-01 19:00:00,32.0,73.6,224.0,10.6,6.0,54.0,31.0,69,1003.7,14.3,0.0
2026-06-01 20:00:00,31.1,69.8,212.0,12.7,6.1,44.0,30.3,73,1003.8,14.0,0.0
2026-06-01 21:00:00,29.9,63.8,209.0,14.0,6.3,40.0,30.1,75,1004.9,12.1,0.0
2026-06-01 22:00:00,28.9,59.3,208.0,15.0,6.4,39.0,30.1,76,1006.2,7.7,0.0
2026-06-01 23:00:00,25.4,52.5,202.0,15.7,6.6,38.0,30.2,75,1005.6,5.8,0.0
2026-06-02 00:00:00,25.1,51.9,183.0,16.2,6.7,36.0,29.7,79,1005.0,9.0,0.0
2026-06-02 01:00:00,25.2,49.6,158.0,16.5,6.8,33.0,29.3,81,1003.5,16.1,0.0
2026-06-02 02:00:00,24.8,46.7,143.0,16.2,6.9,32.0,29.1,82,1005.6,6.3,0.0
2026-06-02 03:00:00,24.6,47.0,142.0,15.1,6.9,33.0,29.3,81,1004.8,6.0,0.0
2026-06-02 04:00:00,24.0,46.6,150.0,13.5,6.8,35.0,29.1,83,1005.0,6.7,0.0
2026-06-02 05:00:00,24.2,42.0,171.0,21.1,9.6,27.0,29.1,82,1005.4,10.9,0.0
2026-06-02 06:00:00,25.6,49.5,218.0,17.9,9.4,34.0,29.2,82,1005.9,9.9,0.0
2026-06-02 07:00:00,26.2,57.5,277.0,13.5,9.1,44.0,29.9,77,1006.2,11.1,0.0
2026-06-02 08:00:00,27.5,62.6,311.0,9.7,8.8,55.0,30.6,73,1006.3,13.5,0.0
2026-06-02 09:00:00,28.1,65.2,293.0,7.3,8.3,67.0,31.2,70,1006.4,13.8,0.0
2026-06-02 10:00:00,28.9,69.2,249.0,5.7,7.7,80.0,32.2,65,1006.4,12.6,0.0
2026-06-02 11:00:00,29.6,72.6,221.0,4.5,7.3,93.0,33.0,59,1007.0,9.1,0.0
2026-06-02 12:00:00,31.0,75.9,225.0,3.8,7.4,106.0,33.5,56,1006.4,8.6,0.0
2026-06-02 13:00:00,31.7,74.5,244.0,3.6,7.7,119.0,34.2,55,1005.5,9.3,0.0
2026-06-02 14:00:00,32.2,74.0,267.0,4.0,8.1,125.0,33.9,58,1004.6,12.2,0.0
2026-06-02 15:00:00,32.5,73.1,297.0,4.9,8.4,123.0,33.1,60,1003.6,12.8,0.0
2026-06-02 16:00:00,32.1,71.9,332.0,6.3,8.7,115.0,32.7,61,1003.2,11.2,0.0
2026-06-02 17:00:00,45.2,110.1,349.0,8.3,10.1,107.0,31.9,67,1002.7,14.0,0.0
2026-06-02 18:00:00,42.4,102.7,336.0,11.1,9.6,90.0,30.7,75,1002.7,15.1,0.0
2026-06-02 19:00:00,40.0,95.9,306.0,15.0,8.9,66.0,30.2,77,1003.7,10.5,0.0
2026-06-02 20:00:00,38.4,91.5,279.0,17.7,8.3,49.0,29.8,78,1003.9,12.4,0.0
2026-06-02 21:00:00,35.0,84.3,263.0,18.0,7.8,44.0,29.5,80,1004.2,12.2,0.0
2026-06-02 22:00:00,31.2,72.2,249.0,17.1,7.5,44.0,29.4,81,1004.3,11.4,0.0
2026-06-02 23:00:00,29.3,68.0,231.0,16.3,7.2,45.0,29.0,81,1003.6,11.6,0.0
2026-06-03 00:00:00,28.3,65.9,200.0,16.0,7.1,43.0,28.8,80,1004.3,8.8,0.0
2026-06-03 01:00:00,26.8,60.1,165.0,15.9,7.2,41.0,28.6,80,1004.5,6.9,0.0
2026-06-03 02:00:00,25.5,57.7,147.0,15.7,7.3,39.0,28.3,80,1004.3,4.5,0.0
2026-06-03 03:00:00,24.0,55.3,156.0,15.6,7.3,36.0,28.1,82,1004.0,2.3,0.0
2026-06-03 04:00:00,22.9,51.9,183.0,15.6,7.3,32.0,28.0,83,1003.5,4.1,0.0
2026-06-03 05:00:00,32.8,75.0,219.0,19.2,9.7,34.0,27.9,81,1002.9,2.8,0.0
2026-06-03 06:00:00,34.3,78.7,276.0,18.1,10.8,39.0,27.7,83,1003.2,4.0,0.0
2026-06-03 07:00:00,34.8,86.4,344.0,16.5,12.2,46.0,28.4,79,1004.2,8.2,0.0
2026-06-03 08:00:00,33.9,91.0,380.0,14.4,12.9,56.0,29.6,73,1004.1,3.6,0.0
2026-06-03 09:00:00,32.7,88.7,359.0,11.4,12.4,71.0,30.8,68,1004.2,6.8,0.0
2026-06-03 10:00:00,31.8,85.0,307.0,8.0,11.1,87.0,31.3,67,1004.2,11.7,0.0
2026-06-03 11:00:00,31.0,80.6,263.0,5.3,9.8,99.0,32.3,60,1004.4,10.1,0.0
2026-06-03 12:00:00,29.5,75.7,241.0,3.9,8.5,102.0,32.5,61,1004.1,11.2,0.0
2026-06-03 13:00:00,28.0,71.9,227.0,3.3,7.1,99.0,32.8,63,1003.7,11.8,0.0
2026-06-03 14:00:00,25.9,65.2,222.0,3.3,6.1,94.0,33.1,63,1002.9,13.1,0.0
2026-06-03 15:00:00,25.0,61.7,233.0,3.9,5.8,87.0,32.7,65,1002.1,14.4,0.0
2026-06-03 16:00:00,24.9,61.0,253.0,5.1,5.9,78.0,32.3,67,1001.5,14.5,0.0
2026-06-03 17:00:00,30.6,77.3,266.0,7.1,6.6,75.0,32.3,62,1001.5,13.3,0.0
2026-06-03 18:00:00,30.3,75.0,266.0,9.6,6.8,66.0,31.0,68,1001.1,15.0,0.0
2026-06-03 19:00:00,30.0,71.7,260.0,12.9,7.2,54.0,30.2,72,1000.9,16.1,0.0
2026-06-03 20:00:00,30.4,72.4,249.0,15.1,7.3,46.0,29.8,76,1001.0,14.0,0.0
2026-06-03 21:00:00,30.0,71.2,232.0,15.1,7.0,45.0,29.8,77,1001.3,10.9,0.0
2026-06-03 22:00:00,30.2,69.4,209.0,13.9,6.6,47.0,29.8,77,1002.1,9.7,0.0
2026-06-03 23:00:00,31.7,75.7,190.0,12.6,6.2,49.0,29.9,77,1002.3,11.3,0.0
2026-06-04 00:00:00,33.3,83.8,175.0,11.4,6.0,51.0,29.6,80,1001.9,11.5,0.0
2026-06-04 01:00:00,35.5,89.6,163.0,10.0,5.9,53.0,29.5,80,1001.8,11.1,0.0
2026-06-04 02:00:00,35.0,89.4,155.0,8.9,5.9,55.0,29.3,82,1001.0,10.5,0.0
2026-06-04 03:00:00,32.9,84.1,146.0,8.3,5.9,56.0,29.2,82,1000.7,9.1,0.0
2026-06-04 04:00:00,30.9,78.0,141.0,7.9,5.9,56.0,29.1,82,1000.4,9.6,0.0
2026-06-04 05:00:00,31.2,77.5,151.0,8.5,6.2,57.0,29.4,82,1000.6,11.1,0.0
2026-06-04 06:00:00,30.9,76.8,193.0,8.6,6.2,60.0,29.3,82,1001.1,11.4,0.0
2026-06-04 07:00:00,33.6,91.7,249.0,8.7,6.3,65.0,29.8,80,1001.6,12.3,0.0
2026-06-04 08:00:00,33.6,90.1,283.0,8.4,6.3,71.0,30.6,75,1002.0,13.6,0.0
2026-06-04 09:00:00,32.9,87.8,270.0,7.2,6.2,78.0,31.3,71,1002.3,13.8,0.0
2026-06-04 10:00:00,32.7,88.2,233.0,5.7,6.0,85.0,32.0,68,1002.6,15.3,0.1
2026-06-04 11:00:00,31.7,85.4,206.0,4.4,5.8,91.0,32.7,65,1002.8,15.2,0.1
2026-06-04 12:00:00,30.7,83.4,202.0,3.7,5.6,94.0,32.4,67,1002.5,15.4,0.0
2026-06-04 13:00:00,29.9,81.3,207.0,3.2,5.4,96.0,32.7,66,1002.0,14.9,0.0
2026-06-04 14:00:00,29.3,78.2,216.0,3.3,5.2,95.0,32.8,64,1001.0,15.8,0.0
2026-06-04 15:00:00,27.8,71.9,231.0,4.0,5.2,90.0,32.4,67,1000.3,16.6,0.0
2026-06-04 16:00:00,27.1,69.4,251.0,5.2,5.2,82.0,32.0,70,999.6,16.6,0.0
2026-06-04 17:00:00,43.0,114.8,261.0,7.3,5.6,77.0,31.6,71,998.9,16.8,0.0
2026-06-04 18:00:00,40.5,102.7,254.0,9.1,5.6,69.0,30.6,75,998.8,16.6,0.0
2026-06-04 19:00:00,38.4,91.7,237.0,11.7,5.7,58.0,30.3,76,999.5,14.6,0.0
2026-06-04 20:00:00,32.9,78.9,223.0,13.7,5.8,50.0,30.1,77,999.9,14.7,0.0
2026-06-04 21:00:00,30.9,70.8,218.0,15.0,6.1,46.0,30.0,78,1000.5,14.3,0.0
2026-06-04 22:00:00,30.6,69.6,215.0,15.8,6.5,44.0,29.8,80,1000.8,13.9,0.0
2026-06-04 23:00:00,30.7,68.7,208.0,15.7,6.6,44.0,29.7,82,1000.6,13.1,0.0
2026-06-05 00:00:00,29.7,66.1,189.0,14.1,6.3,45.0,29.4,84,1000.4,12.2,0.0
2026-06-05 01:00:00,28.7,63.8,165.0,11.6,5.7,48.0,29.2,85,1000.3,11.8,0.0
2026-06-05 02:00:00,27.0,60.1,149.0,9.5,5.3,51.0,29.0,86,999.9,10.8,0.0
2026-06-05 03:00:00,26.1,59.6,143.0,8.2,5.2,53.0,28.9,86,999.9,10.9,0.0
2026-06-05 04:00:00,25.7,60.1,144.0,7.2,5.3,54.0,28.7,87,999.7,11.8,0.0
2026-06-05 05:00:00,27.1,63.8,159.0,6.8,5.3,57.0,28.9,88,999.4,12.1,0.0
2026-06-05 06:00:00,28.9,72.9,201.0,7.5,5.6,59.0,28.8,89,1000.0,11.1,0.0
2026-06-05 07:00:00,31.4,90.6,257.0,8.5,6.0,62.0,29.6,84,1000.7,12.0,0.0
2026-06-05 08:00:00,35.7,114.1,290.0,8.7,6.3,68.0,30.7,77,1001.4,12.4,0.0
2026-06-05 09:00:00,38.5,128.1,278.0,7.5,6.6,80.0,31.8,71,1001.7,13.0,0.0
2026-06-05 10:00:00,39.9,132.7,244.0,5.7,6.8,95.0,32.8,66,1002.0,12.5,0.0
2026-06-05 11:00:00,40.6,134.6,219.0,4.2,6.9,106.0,33.3,64,1002.3,12.9,0.0
2026-06-05 12:00:00,39.3,125.7,213.0,3.5,6.7,111.0,33.2,65,1002.4,14.2,0.0
2026-06-05 13:00:00,37.0,112.0,216.0,3.2,6.3,112.0,33.2,65,1001.9,15.1,0.0
2026-06-05 14:00:00,34.2,100.4,225.0,3.5,6.0,110.0,33.1,66,1001.2,15.2,0.0
2026-06-05 15:00:00,32.5,92.9,245.0,4.3,5.9,104.0,32.9,66,1000.5,15.4,0.0
2026-06-05 16:00:00,31.2,88.0,271.0,5.6,5.9,96.0,32.4,68,1000.1,14.7,0.0
2026-06-05 17:00:00,36.8,106.6,288.0,7.6,6.4,89.0,32.2,67,1000.0,13.0,0.0
2026-06-05 18:00:00,33.1,90.8,287.0,9.8,6.5,79.0,31.1,74,999.9,13.4,0.0
2026-06-05 19:00:00,29.9,75.0,276.0,12.8,6.6,66.0,30.0,78,1000.2,12.7,0.0
2026-06-05 20:00:00,26.2,59.5,267.0,15.3,6.7,55.0,29.6,80,1000.3,12.7,0.0
2026-06-05 21:00:00,24.0,54.6,267.0,16.7,6.9,50.0,29.8,78,1001.1,10.2,0.0
2026-06-05 22:00:00,23.3,49.1,269.0,17.5,7.0,47.0,29.8,78,1002.1,8.9,0.0
2026-06-05 23:00:00,24.1,51.0,261.0,17.6,7.1,46.0,29.6,80,1002.4,8.4,0.0
2026-06-06 00:00:00,24.4,51.2,232.0,16.6,7.0,46.0,29.1,83,1002.2,8.7,0.0
2026-06-06 01:00:00,24.1,52.0,193.0,14.8,6.8,47.0,29.0,83,1002.0,8.6,0.0
2026-06-06 02:00:00,23.7,55.4,164.0,13.0,6.6,48.0,28.8,84,1001.3,9.9,0.0
2026-06-06 03:00:00,23.3,57.2,151.0,11.4,6.4,49.0,28.6,85,1001.1,10.4,0.0
2026-06-06 04:00:00,22.8,56.7,148.0,9.7,6.2,49.0,28.5,85,1001.3,10.6,0.0
2026-06-06 05:00:00,22.8,56.8,159.0,8.3,5.8,53.0,28.7,87,1001.3,11.1,0.0
2026-06-06 06:00:00,24.2,64.5,196.0,8.5,5.9,56.0,28.6,87,1001.8,11.7,0.0
2026-06-06 07:00:00,26.3,80.3,246.0,8.6,5.9,60.0,29.2,82,1002.4,12.4,0.0
2026-06-06 08:00:00,28.8,88.5,276.0,8.3,6.0,66.0,30.4,74,1003.0,11.9,0.0
2026-06-06 09:00:00,31.5,96.9,264.0,7.0,6.1,78.0,31.5,67,1003.3,11.6,0.0
2026-06-06 10:00:00,30.4,89.9,232.0,5.3,6.2,91.0,32.4,64,1003.4,13.2,0.0
2026-06-06 11:00:00,29.8,85.0,208.0,3.9,6.1,101.0,33.2,61,1003.8,14.8,0.0
2026-06-06 12:00:00,27.9,77.1,202.0,3.3,5.8,103.0,33.2,62,1003.6,15.7,0.0
2026-06-06 13:00:00,25.8,70.3,203.0,3.0,5.3,100.0,33.3,63,1003.0,16.3,0.0
2026-06-06 14:00:00,24.4,65.9,210.0,3.2,5.0,96.0,33.3,64,1002.4,16.9,0.0
2026-06-06 15:00:00,23.5,61.7,227.0,3.9,4.9,90.0,32.9,66,1002.0,16.7,0.0
2026-06-06 16:00:00,22.8,59.5,249.0,5.0,4.9,81.0,32.6,67,1001.7,16.2,0.0
2026-06-06 17:00:00,27.4,75.9,260.0,6.4,4.8,73.0,32.0,69,1001.5,15.2,0.0
2026-06-06 18:00:00,28.9,80.3,251.0,7.9,4.9,67.0,31.3,71,1001.6,15.7,0.0
2026-06-06 19:00:00,24.1,66.1,232.0,9.9,4.9,58.0,30.8,72,1001.8,16.9,0.0
2026-06-06 20:00:00,23.1,62.4,215.0,11.3,5.0,52.0,30.2,77,1001.9,18.2,0.0
2026-06-06 21:00:00,21.8,57.6,207.0,11.7,5.1,50.0,30.0,78,1003.0,14.4,0.0
2026-06-06 22:00:00,18.9,51.6,201.0,11.6,5.1,50.0,29.9,78,1003.9,13.6,0.0
2026-06-06 23:00:00,18.4,51.1,191.0,11.1,5.1,51.0,29.7,80,1004.0,13.1,0.0
2026-06-07 00:00:00,18.6,52.3,173.0,10.2,5.0,52.0,29.3,82,1003.7,12.1,0.0
2026-06-07 01:00:00,19.0,53.3,151.0,9.1,4.8,54.0,29.2,82,1003.4,12.4,0.0
2026-06-07 02:00:00,19.6,54.1,136.0,8.0,4.6,56.0,29.0,82,1002.8,12.8,0.0
2026-06-07 03:00:00,20.7,56.3,133.0,7.2,4.5,58.0,28.9,83,1002.8,13.1,0.0
2026-06-07 04:00:00,22.3,58.8,137.0,6.5,4.6,60.0,28.9,83,1002.8,14.1,0.0
2026-06-07 05:00:00,24.6,61.9,146.0,5.3,4.2,66.0,29.0,84,1002.7,13.5,0.0
2026-06-07 06:00:00,26.3,64.0,164.0,5.5,4.4,69.0,28.9,84,1003.1,13.3,0.0
2026-06-07 07:00:00,30.6,78.5,187.0,5.7,4.7,73.0,29.6,80,1003.5,15.1,0.0
2026-06-07 08:00:00,33.1,84.8,200.0,5.6,5.0,78.0,30.9,72,1003.8,15.9,0.0
2026-06-07 09:00:00,33.8,86.1,194.0,4.7,5.1,86.0,32.0,66,1004.2,15.9,0.0
2026-06-07 10:00:00,33.5,85.9,179.0,3.5,5.2,95.0,33.0,61,1004.2,15.5,0.0
2026-06-07 11:00:00,32.7,86.8,167.0,2.6,5.2,101.0,33.8,59,1004.5,15.5,0.0
2026-06-07 12:00:00,31.7,87.3,164.0,2.2,5.1,101.0,33.9,59,1004.1,16.3,0.0
2026-06-07 13:00:00,30.7,88.9,166.0,2.2,4.9,97.0,33.8,60,1003.7,16.5,0.0
2026-06-07 14:00:00,30.0,90.1,170.0,2.4,4.7,93.0,33.8,61,1003.1,16.1,0.0
2026-06-07 15:00:00,29.2,88.7,179.0,2.9,4.6,88.0,33.4,64,1002.4,16.8,0.0
2026-06-07 16:00:00,28.8,89.6,191.0,3.6,4.6,83.0,32.8,67,1002.0,16.8,0.0
2026-06-07 17:00:00,33.8,110.6,198.0,4.6,4.6,79.0,32.3,68,1001.8,16.5,0.0
2026-06-07 18:00:00,31.3,99.7,195.0,5.8,4.7,73.0,31.1,74,1002.0,16.5,0.0
2026-06-07 19:00:00,28.5,83.8,187.0,7.6,4.8,64.0,30.2,80,1002.2,16.4,0.0
2026-06-07 20:00:00,24.9,69.8,179.0,8.9,4.9,58.0,30.0,80,1002.5,18.1,0.0
2026-06-07 21:00:00,22.9,60.3,173.0,9.5,5.1,57.0,30.0,80,1003.3,16.6,0.0
2026-06-07 22:00:00,24.7,61.9,168.0,9.8,5.3,57.0,30.0,79,1003.7,14.7,0.0
2026-06-07 23:00:00,26.7,64.5,161.0,9.6,5.3,59.0,29.8,82,1003.4,14.4,0.0
2026-06-08 00:00:00,27.9,66.4,150.0,8.8,5.1,61.0,29.6,83,1003.3,12.5,0.0
2026-06-08 01:00:00,28.1,66.8,138.0,7.6,4.8,63.0,29.3,84,1002.8,13.0,0.0
2026-06-08 02:00:00,26.7,64.7,129.0,6.5,4.5,65.0,29.4,82,1002.2,13.9,0.0
2026-06-08 03:00:00,24.6,60.5,121.0,5.5,4.2,66.0,29.3,83,1001.6,15.1,0.0
2026-06-08 04:00:00,22.8,57.6,117.0,4.7,4.0,67.0,29.1,84,1001.5,15.0,0.0
2026-06-08 05:00:00,21.7,55.2,127.0,4.3,3.8,70.0,29.2,85,1001.2,14.8,0.0
2026-06-08 06:00:00,21.5,54.5,166.0,5.4,4.2,70.0,29.2,85,1001.7,14.1,0.0
2026-06-08 07:00:00,25.1,68.0,219.0,6.9,4.8,70.0,30.0,79,1002.2,13.7,0.0
2026-06-08 08:00:00,28.8,79.6,252.0,7.6,5.3,74.0,31.0,72,1002.8,15.3,0.0
2026-06-08 09:00:00,31.0,87.8,246.0,6.8,5.6,84.0,32.1,66,1002.9,14.2,0.0
2026-06-08 10:00:00,32.8,92.0,221.0,5.2,5.8,97.0,32.9,65,1002.7,15.2,0.0
2026-06-08 11:00:00,34.7,98.0,201.0,4.0,5.8,106.0,33.5,64,1002.8,16.9,0.0
2026-06-08 12:00:00,35.4,100.8,195.0,3.5,5.5,108.0,33.9,62,1002.5,17.5,0.0
2026-06-08 13:00:00,35.2,100.4,195.0,3.3,5.1,105.0,34.1,62,1001.8,18.0,0.0
2026-06-08 14:00:00,33.9,95.9,199.0,3.5,4.7,100.0,34.0,64,1001.0,18.1,0.0
2026-06-08 15:00:00,30.5,82.4,210.0,4.2,4.6,93.0,33.5,67,1000.8,17.7,0.0
2026-06-08 16:00:00,26.9,68.5,227.0,5.3,4.5,84.0,32.9,70,1000.5,18.2,0.0
2026-06-08 17:00:00,30.4,82.0,239.0,6.6,4.5,76.0,32.2,73,999.9,19.7,0.0
2026-06-08 18:00:00,27.9,70.1,245.0,8.2,4.7,70.0,31.0,78,999.6,19.5,0.0
2026-06-08 19:00:00,24.3,59.0,247.0,10.6,4.9,61.0,30.6,80,1000.5,15.4,0.0
2026-06-08 20:00:00,21.4,50.1,245.0,12.5,5.2,54.0,30.3,82,1000.7,13.6,0.0
2026-06-08 21:00:00,21.0,46.4,240.0,14.0,5.6,50.0,30.2,83,1001.3,13.9,0.0
2026-06-08 22:00:00,21.5,45.5,231.0,15.2,6.1,48.0,29.9,85,1001.8,12.5,0.0
2026-06-08 23:00:00,22.1,45.4,216.0,15.2,6.3,47.0,29.9,87,1001.8,13.1,0.0
2026-06-09 00:00:00,21.9,44.4,190.0,13.3,5.9,48.0,29.7,88,1001.4,13.6,0.0
2026-06-09 01:00:00,20.5,41.7,159.0,10.2,5.1,51.0,29.6,88,1000.8,14.0,0.0
2026-06-09 02:00:00,18.8,38.0,137.0,7.6,4.5,54.0,29.4,90,1000.3,14.7,0.0
2026-06-09 03:00:00,17.2,33.9,127.0,6.1,4.1,55.0,29.2,91,1000.2,14.8,0.0
2026-06-09 04:00:00,15.9,31.3,126.0,5.0,3.9,57.0,29.2,91,1000.0,14.2,0.0
2026-06-09 05:00:00,15.2,29.9,136.0,4.4,3.7,59.0,29.2,91,1000.3,16.0,0.0
2026-06-09 06:00:00,14.6,28.2,169.0,5.6,4.1,57.0,29.3,90,1000.6,16.4,0.0
2026-06-09 07:00:00,15.2,29.0,215.0,7.3,4.7,55.0,30.0,85,1000.9,19.1,0.0
2026-06-09 08:00:00,17.7,32.9,242.0,8.1,5.1,56.0,31.1,77,1001.2,20.4,0.0
2026-06-09 09:00:00,19.4,36.8,233.0,7.2,5.2,64.0,32.0,73,1001.2,19.8,0.0
2026-06-09 10:00:00,20.5,41.0,206.0,5.4,5.1,75.0,32.9,69,1001.3,19.2,0.0
2026-06-09 11:00:00,21.9,46.8,186.0,4.0,5.0,83.0,33.5,65,1001.7,20.3,0.0
2026-06-09 12:00:00,22.3,51.7,182.0,3.4,4.8,86.0,33.5,66,1001.2,21.8,0.0
2026-06-09 13:00:00,22.6,54.8,186.0,3.2,4.6,87.0,33.8,64,1000.6,20.9,0.0
2026-06-09 14:00:00,23.1,57.5,195.0,3.4,4.4,85.0,34.0,65,999.8,20.1,0.0
2026-06-09 15:00:00,23.3,57.9,216.0,4.1,4.4,80.0,33.6,66,999.3,19.0,0.0
2026-06-09 16:00:00,22.6,55.8,242.0,5.3,4.5,73.0,33.0,71,998.9,18.0,0.0
2026-06-09 17:00:00,27.2,74.5,259.0,6.4,4.4,66.0,32.5,72,999.1,17.3,0.0
2026-06-09 18:00:00,26.1,67.1,257.0,8.3,4.6,60.0,31.4,78,999.2,16.0,0.0
2026-06-09 19:00:00,23.4,57.4,245.0,10.9,5.0,53.0,30.6,83,999.5,16.1,0.0
2026-06-09 20:00:00,20.8,48.4,233.0,12.7,5.2,47.0,30.2,85,999.9,17.0,0.0
2026-06-09 21:00:00,19.6,42.1,228.0,13.3,5.3,45.0,29.9,87,1000.2,16.6,0.0
2026-06-09 22:00:00,19.2,39.7,224.0,13.1,5.4,45.0,29.7,87,1000.9,14.5,0.0
2026-06-09 23:00:00,18.6,38.1,213.0,12.3,5.3,46.0,29.7,88,1001.0,14.9,0.0
2026-06-10 00:00:00,17.9,36.7,189.0,10.7,5.0,47.0,29.4,90,1000.8,14.0,0.0
2026-06-10 01:00:00,17.1,34.8,159.0,8.6,4.5,49.0,29.2,90,1000.5,13.3,0.0
2026-06-10 02:00:00,16.5,33.5,136.0,6.8,4.1,51.0,29.1,90,999.8,14.1,0.0
2026-06-10 03:00:00,15.9,32.2,123.0,5.7,3.9,52.0,29.2,87,999.9,15.6,0.0
2026-06-10 04:00:00,15.4,31.5,117.0,5.0,3.9,52.0,29.1,88,999.9,16.9,0.0
2026-06-10 05:00:00,15.2,32.0,125.0,4.5,3.6,54.0,29.3,90,1000.0,19.2,0.0
2026-06-10 06:00:00,15.0,30.0,162.0,5.8,4.0,53.0,29.4,89,1000.4,20.6,0.0
2026-06-10 07:00:00,15.6,29.9,213.0,7.6,4.4,52.0,30.0,85,1001.0,21.3,0.0
2026-06-10 08:00:00,17.3,35.3,244.0,8.4,4.8,54.0,31.0,79,1001.4,21.9,0.0
2026-06-10 09:00:00,21.0,44.8,232.0,7.4,4.9,63.0,32.1,72,1001.5,22.7,0.0
2026-06-10 10:00:00,22.3,52.2,200.0,5.5,4.9,75.0,33.0,67,1001.7,22.9,0.0
2026-06-10 11:00:00,23.6,59.8,177.0,4.0,4.8,84.0,33.8,65,1001.7,21.0,0.0
2026-06-10 12:00:00,24.9,67.3,174.0,3.5,4.7,89.0,34.1,64,1001.2,21.1,0.0
2026-06-10 13:00:00,25.9,72.9,180.0,3.4,4.6,91.0,34.1,66,1000.6,20.7,0.0
2026-06-10 14:00:00,26.4,74.7,193.0,3.9,4.6,90.0,34.0,67,999.8,20.3,0.0
2026-06-10 15:00:00,27.0,76.6,218.0,4.9,4.6,86.0,33.8,67,999.2,18.8,0.0
2026-06-10 16:00:00,26.4,72.9,251.0,6.4,4.7,79.0,33.4,69,998.7,16.8,0.0
2026-06-10 17:00:00,32.5,92.0,277.0,8.9,5.1,73.0,32.9,71,998.6,15.8,0.0
2026-06-10 18:00:00,29.1,73.1,294.0,13.0,5.5,63.0,31.8,75,998.6,14.6,0.0
2026-06-10 19:00:00,24.2,54.4,305.0,18.6,6.0,49.0,31.0,79,998.6,11.6,0.0
2026-06-10 20:00:00,20.7,42.4,305.0,21.6,6.2,40.0,30.5,83,999.2,8.8,0.0
2026-06-10 21:00:00,19.2,40.5,292.0,19.7,5.9,40.0,30.3,84,999.8,7.3,0.0
2026-06-10 22:00:00,18.8,40.9,268.0,15.3,5.3,45.0,30.1,85,1000.2,10.1,0.0
2026-06-10 23:00:00,18.6,42.7,240.0,11.4,4.7,50.0,29.9,85,1000.5,11.1,0.0
2026-06-11 00:00:00,18.8,45.2,204.0,9.0,4.3,52.0,29.7,86,1000.2,12.4,0.0
2026-06-11 01:00:00,18.9,46.6,164.0,7.1,3.9,54.0,29.6,85,999.8,13.7,0.0
2026-06-11 02:00:00,19.1,47.7,134.0,5.7,3.7,56.0,29.5,86,999.3,13.8,0.0
2026-06-11 03:00:00,19.5,48.8,117.0,4.7,3.6,57.0,29.3,88,999.1,13.5,0.0
2026-06-11 04:00:00,20.0,49.5,111.0,4.3,3.6,58.0,29.2,90,999.2,14.4,0.0
2026-06-11 05:00:00,20.8,50.9,127.0,4.9,3.8,57.0,29.2,91,998.6,15.4,0.0
2026-06-11 06:00:00,21.9,51.8,187.0,7.3,4.4,57.0,29.3,90,999.3,15.7,0.0
2026-06-11 07:00:00,24.8,60.3,268.0,10.4,5.2,57.0,30.0,87,999.5,13.0,0.0
2026-06-11 08:00:00,30.3,69.2,318.0,12.2,6.0,63.0,31.6,78,1000.1,15.0,0.0
2026-06-11 09:00:00,36.6,94.3,304.0,11.3,6.7,80.0,33.1,71,1000.4,14.6,0.0
2026-06-11 10:00:00,47.1,148.1,258.0,9.0,7.3,104.0,34.7,63,1000.5,14.6,0.0
2026-06-11 11:00:00,58.1,200.7,224.0,7.1,7.6,121.0,35.4,57,1000.7,16.8,0.0
2026-06-11 12:00:00,66.4,237.5,219.0,6.2,7.2,129.0,36.3,53,1000.0,16.1,0.0
2026-06-11 13:00:00,68.7,238.4,226.0,5.8,6.5,131.0,36.9,50,999.5,17.8,0.0
2026-06-11 14:00:00,68.2,232.4,239.0,6.1,5.9,127.0,36.8,50,998.8,18.0,0.0
2026-06-11 15:00:00,65.7,221.2,263.0,7.2,5.5,116.0,36.3,51,998.4,17.4,0.0
2026-06-11 16:00:00,56.0,182.5,293.0,9.0,5.2,99.0,35.4,56,998.0,15.7,0.0
2026-06-11 17:00:00,45.2,146.7,314.0,11.7,5.1,84.0,34.2,63,997.6,16.1,0.0
2026-06-11 18:00:00,34.5,109.2,320.0,13.9,5.1,74.0,32.6,71,997.4,14.0,0.0
2026-06-11 19:00:00,26.7,72.4,316.0,16.8,5.1,60.0,31.8,72,998.2,6.9,0.0
2026-06-11 20:00:00,20.7,58.1,301.0,18.2,5.1,50.0,31.2,75,998.5,10.4,0.0
2026-06-11 21:00:00,18.6,49.7,271.0,16.6,5.0,48.0,31.0,74,998.9,13.6,0.0
2026-06-11 22:00:00,18.0,44.6,230.0,13.5,4.9,50.0,30.5,79,999.6,11.6,0.0
2026-06-11 23:00:00,16.9,40.4,193.0,10.6,4.7,52.0,30.3,81,999.5,12.1,0.0
2026-06-12 00:00:00,16.4,39.5,163.0,8.4,4.3,53.0,29.8,83,999.1,13.1,0.0
2026-06-12 01:00:00,16.1,40.0,137.0,6.5,3.9,55.0,29.5,86,998.9,15.8,0.0
2026-06-12 02:00:00,16.4,42.8,120.0,5.1,3.6,56.0,29.4,86,998.6,17.1,0.0
2026-06-12 03:00:00,16.8,44.9,112.0,4.4,3.5,56.0,29.2,87,998.8,18.3,0.0
2026-06-12 04:00:00,17.3,47.3,112.0,4.3,3.6,56.0,29.2,86,998.7,18.4,0.0
2026-06-12 05:00:00,17.2,48.5,127.0,4.4,3.6,56.0,29.3,86,998.9,17.8,0.0
2026-06-12 06:00:00,18.2,49.5,170.0,6.0,4.1,55.0,29.0,89,999.7,16.7,0.0
2026-06-12 07:00:00,20.0,53.7,228.0,8.2,4.8,54.0,29.8,85,1000.4,17.1,0.0
2026-06-12 08:00:00,22.5,61.9,263.0,9.3,5.3,57.0,30.8,79,1001.1,18.2,0.0
2026-06-12 09:00:00,28.1,77.5,253.0,8.3,5.4,67.0,31.8,74,1001.6,17.7,0.0
2026-06-12 10:00:00,31.5,94.1,221.0,6.1,5.3,82.0,32.5,71,1001.9,18.1,0.0
2026-06-12 11:00:00,34.2,107.8,197.0,4.5,5.2,92.0,33.5,66,1002.0,18.7,0.0
2026-06-12 12:00:00,35.4,114.6,190.0,3.9,5.1,96.0,33.9,64,1002.0,18.7,0.0
2026-06-12 13:00:00,35.2,114.1,192.0,3.8,4.9,96.0,34.2,62,1001.6,19.6,0.0
2026-06-12 14:00:00,33.2,102.2,201.0,4.1,4.8,93.0,33.8,66,1001.2,19.9,0.0
2026-06-12 15:00:00,31.0,91.7,225.0,5.0,4.7,87.0,33.7,66,1000.8,18.4,0.0
2026-06-12 16:00:00,28.5,80.1,256.0,6.3,4.7,78.0,33.0,70,1000.4,17.9,0.0
2026-06-12 17:00:00,27.0,73.1,278.0,7.8,4.8,70.0,31.9,76,999.7,19.2,0.0
2026-06-12 18:00:00,24.1,58.3,284.0,10.0,4.9,62.0,30.9,82,999.5,17.8,0.0
2026-06-12 19:00:00,19.6,43.9,280.0,12.9,5.0,52.0,30.2,86,1000.1,12.9,0.0
2026-06-12 20:00:00,17.1,36.6,267.0,14.5,5.0,44.0,30.0,84,1000.6,15.7,0.0
2026-06-12 21:00:00,16.9,39.3,240.0,13.8,4.9,43.0,30.1,83,1001.5,15.3,0.0
2026-06-12 22:00:00,17.0,39.6,203.0,11.9,4.7,44.0,30.0,83,1002.3,15.1,0.0
2026-06-12 23:00:00,17.2,41.3,171.0,9.9,4.5,46.0,30.0,79,1002.1,17.3,0.0
2026-06-13 00:00:00,17.2,43.3,148.0,8.2,4.2,47.0,29.9,80,1002.2,15.5,0.0
2026-06-13 01:00:00,17.0,43.3,130.0,6.5,3.9,48.0,29.7,81,1001.8,17.4,0.0
2026-06-13 02:00:00,16.7,42.8,118.0,5.1,3.6,49.0,29.4,81,1001.7,17.7,0.0
2026-06-13 03:00:00,16.5,43.5,112.0,4.2,3.4,49.0,29.4,81,1001.7,18.3,0.0
2026-06-13 04:00:00,16.2,43.2,112.0,3.7,3.4,49.0,29.1,83,1001.6,17.8,0.0
2026-06-13 05:00:00,17.1,47.4,124.0,3.8,3.3,51.0,29.3,80,1001.7,18.7,0.0
2026-06-13 06:00:00,17.3,48.1,158.0,4.8,3.6,50.0,29.4,79,1002.4,18.4,0.0
2026-06-13 07:00:00,20.4,59.0,204.0,6.2,4.0,50.0,30.0,76,1003.3,19.8,0.0
2026-06-13 08:00:00,23.5,69.4,231.0,6.8,4.3,52.0,30.8,72,1003.9,20.3,0.0
2026-06-13 09:00:00,25.5,78.2,221.0,6.0,4.3,59.0,31.7,66,1004.3,20.8,0.0
2026-06-13 10:00:00,27.0,86.8,192.0,4.6,4.2,68.0,32.5,61,1004.7,21.0,0.0
2026-06-13 11:00:00,28.0,92.4,171.0,3.4,4.1,75.0,32.8,58,1005.5,19.8,0.0
2026-06-13 12:00:00,28.2,94.5,167.0,2.9,4.1,78.0,33.1,57,1005.2,18.3,0.0
2026-06-13 13:00:00,27.0,87.3,171.0,2.7,4.0,79.0,33.2,58,1004.7,18.1,0.0
2026-06-13 14:00:00,25.3,79.2,179.0,2.9,4.0,77.0,33.4,59,1004.1,18.7,0.0
2026-06-13 15:00:00,23.9,70.8,193.0,3.5,4.0,73.0,33.0,61,1003.4,18.7,0.0
2026-06-13 16:00:00,22.1,64.5,210.0,4.4,4.0,66.0,32.5,64,1002.8,18.7,0.0
2026-06-13 17:00:00,23.3,65.7,221.0,5.8,4.2,63.0,32.4,65,1002.8,18.3,0.0
2026-06-13 18:00:00,23.1,63.6,219.0,7.5,4.3,58.0,31.1,70,1002.4,19.6,0.0
2026-06-13 19:00:00,22.8,61.7,210.0,9.9,4.5,51.0,30.2,74,1002.5,20.0,0.0
2026-06-13 20:00:00,22.8,57.3,199.0,11.5,4.6,46.0,30.1,74,1003.5,16.7,0.0
2026-06-13 21:00:00,21.9,52.9,186.0,11.6,4.7,45.0,30.0,75,1004.3,16.3,0.0
2026-06-13 22:00:00,20.8,50.9,169.0,11.0,4.7,45.0,29.8,76,1004.5,15.5,0.0
2026-06-13 23:00:00,21.4,52.4,154.0,10.1,4.6,46.0,29.8,78,1004.6,15.8,0.0
2026-06-14 00:00:00,19.1,44.6,139.0,9.0,4.4,47.0,29.5,78,1004.3,16.8,0.0
2026-06-14 01:00:00,18.2,41.3,124.0,7.6,4.2,47.0,29.4,77,1004.1,17.4,0.0
2026-06-14 02:00:00,13.1,30.5,114.0,6.4,4.0,48.0,29.3,77,1003.9,16.9,0.0
2026-06-14 03:00:00,11.4,26.3,111.0,5.6,3.9,48.0,29.1,78,1003.8,15.9,0.0
2026-06-14 04:00:00,10.6,24.0,113.0,5.0,3.9,48.0,28.9,80,1003.6,16.5,0.0
2026-06-14 05:00:00,10.4,22.4,120.0,4.6,3.8,52.0,29.3,78,1003.8,16.4,0.0
2026-06-14 06:00:00,10.3,22.4,139.0,4.9,4.1,52.0,29.3,77,1004.4,16.8,0.0
2026-06-14 07:00:00,11.2,25.2,163.0,5.2,4.4,53.0,29.9,72,1004.6,18.8,0.0
2026-06-14 08:00:00,13.5,30.9,177.0,5.2,4.6,55.0,30.3,69,1005.2,20.7,0.0
2026-06-14 09:00:00,14.1,34.1,171.0,4.4,4.5,60.0,31.0,65,1005.6,21.2,0.0
2026-06-14 10:00:00,14.5,36.1,155.0,3.2,4.3,67.0,31.8,62,1005.7,20.7,0.0
2026-06-14 11:00:00,14.4,36.7,143.0,2.3,4.1,72.0,32.7,58,1005.9,21.2,0.0
2026-06-14 12:00:00,13.9,36.4,141.0,2.0,4.0,72.0,32.7,56,1005.6,20.5,0.0
2026-06-14 13:00:00,13.3,35.3,143.0,2.0,3.9,71.0,32.9,58,1004.8,21.7,0.0
2026-06-14 14:00:00,13.1,35.2,147.0,2.2,3.8,68.0,32.2,61,1004.5,21.9,0.0
2026-06-14 15:00:00,13.2,35.5,155.0,2.5,3.8,65.0,32.2,61,1003.7,22.1,0.0
2026-06-14 16:00:00,13.6,36.3,164.0,3.1,3.8,61.0,32.1,61,1003.2,21.1,0.0
2026-06-14 17:00:00,18.9,57.9,169.0,3.7,3.4,58.0,31.6,64,1003.0,21.0,0.0
2026-06-14 18:00:00,19.3,54.7,165.0,5.0,3.7,54.0,31.1,65,1002.8,20.8,0.0
2026-06-14 19:00:00,19.9,52.9,157.0,6.7,4.0,49.0,30.1,71,1002.5,21.3,0.0
2026-06-14 20:00:00,21.2,51.2,150.0,7.8,4.3,46.0,29.5,74,1003.0,21.2,0.2
2026-06-14 21:00:00,21.0,48.9,147.0,7.7,4.3,46.0,29.5,75,1003.5,21.7,0.2
2026-06-14 22:00:00,19.6,44.9,145.0,6.9,4.2,47.0,29.2,77,1004.0,19.2,0.0
2026-06-14 23:00:00,18.2,42.3,141.0,6.1,4.1,48.0,29.1,77,1003.7,18.3,0.0
2026-06-15 00:00:00,14.1,35.2,131.0,5.3,3.9,49.0,28.9,78,1002.9,18.6,0.0
2026-06-15 01:00:00,14.0,34.8,118.0,4.4,3.6,50.0,28.8,78,1002.7,17.5,0.0
2026-06-15 02:00:00,12.7,30.9,110.0,3.8,3.4,51.0,28.8,77,1002.3,18.1,0.0
2026-06-15 03:00:00,12.7,31.3,105.0,3.4,3.3,51.0,28.8,77,1002.3,19.6,0.0
2026-06-15 04:00:00,13.0,31.7,104.0,3.3,3.4,51.0,28.7,77,1002.4,18.6,0.0
2026-06-15 05:00:00,12.6,31.2,115.0,3.5,3.4,53.0,28.9,80,1002.1,17.8,0.0
2026-06-15 06:00:00,12.5,29.6,150.0,4.7,3.9,53.0,28.8,81,1002.8,17.0,0.1
2026-06-15 07:00:00,14.6,33.9,196.0,6.3,4.5,52.0,29.4,77,1003.1,19.7,0.0
2026-06-15 08:00:00,15.9,36.3,224.0,7.1,4.9,54.0,30.2,72,1003.7,20.6,0.0
2026-06-15 09:00:00,15.2,35.0,216.0,6.2,4.9,60.0,30.9,68,1004.0,22.1,0.0
2026-06-15 10:00:00,15.9,38.0,191.0,4.4,4.6,67.0,31.6,65,1004.1,21.9,0.1
2026-06-15 11:00:00,17.5,43.4,172.0,3.1,4.4,73.0,32.3,60,1004.2,20.9,0.1
2026-06-15 12:00:00,13.6,31.3,168.0,2.6,4.2,75.0,31.9,63,1004.2,20.1,0.0
2026-06-15 13:00:00,13.2,30.3,171.0,2.6,4.1,74.0,32.5,61,1003.8,19.8,0.0
2026-06-15 14:00:00,13.3,30.3,177.0,2.9,4.0,72.0,32.4,60,1003.3,20.2,0.0
2026-06-15 15:00:00,13.5,30.5,189.0,3.7,4.0,68.0,32.0,65,1002.5,21.3,0.1
2026-06-15 16:00:00,13.2,29.3,206.0,5.0,4.1,61.0,31.5,69,1002.1,21.5,0.1
2026-06-15 17:00:00,16.6,36.3,215.0,7.0,4.0,53.0,31.7,65,1001.6,20.9,0.3
2026-06-15 18:00:00,18.6,40.4,211.0,8.4,4.3,50.0,31.0,69,1001.8,19.9,0.0
2026-06-15 19:00:00,18.1,37.7,201.0,10.3,4.7,46.0,30.4,72,1002.0,19.4,0.1
2026-06-15 20:00:00,16.3,34.2,192.0,11.4,5.0,43.0,30.1,74,1002.4,18.6,0.1
2026-06-15 21:00:00,14.6,30.6,189.0,11.1,5.1,43.0,30.1,74,1002.9,17.5,0.1
2026-06-15 22:00:00,14.6,32.1,187.0,10.0,5.0,43.0,29.9,76,1003.5,16.1,0.1
2026-06-15 23:00:00,14.4,32.9,180.0,9.0,4.9,44.0,29.7,78,1003.2,15.4,0.0
2026-06-16 00:00:00,13.8,31.3,160.0,8.3,4.8,44.0,29.4,80,1002.9,14.7,0.0
2026-06-16 01:00:00,13.8,31.2,136.0,7.8,4.6,43.0,29.0,82,1002.6,14.4,0.0
2026-06-16 02:00:00,15.7,37.0,119.0,7.3,4.6,43.0,28.8,84,1002.2,13.1,0.0
2026-06-16 03:00:00,14.1,31.7,113.0,6.9,4.7,43.0,28.7,84,1002.0,12.6,0.0
2026-06-16 04:00:00,13.5,30.7,116.0,6.5,4.9,44.0,28.5,85,1002.0,12.6,0.0
2026-06-16 05:00:00,12.1,27.9,134.0,6.0,5.0,47.0,28.6,86,1001.9,11.7,0.0
2026-06-16 06:00:00,12.7,28.9,186.0,6.6,5.2,48.0,28.6,86,1002.9,10.2,0.0
2026-06-16 07:00:00,14.8,36.9,254.0,7.5,5.5,50.0,29.2,83,1003.4,11.4,0.0
2026-06-16 08:00:00,17.5,44.8,293.0,7.8,5.7,53.0,30.3,76,1003.6,13.5,0.0
2026-06-16 09:00:00,18.9,49.8,275.0,7.1,5.6,57.0,31.1,71,1004.0,16.5,0.1
2026-06-16 10:00:00,19.8,51.7,227.0,5.9,5.3,62.0,31.3,72,1004.4,19.2,0.2
2026-06-16 11:00:00,20.3,54.2,191.0,4.8,5.0,67.0,31.2,71,1004.4,18.9,0.2
2026-06-16 12:00:00,20.5,56.0,181.0,4.0,4.8,71.0,31.7,69,1004.3,17.8,0.1
2026-06-16 13:00:00,21.0,58.2,183.0,3.4,4.7,75.0,32.5,64,1004.0,17.5,0.0
2026-06-16 14:00:00,21.1,57.3,191.0,3.3,4.6,77.0,32.5,64,1003.4,17.2,0.0
2026-06-16 15:00:00,21.0,54.9,208.0,3.7,4.6,75.0,32.8,61,1002.8,16.9,0.0
2026-06-16 16:00:00,20.8,54.0,230.0,4.6,4.7,71.0,32.6,61,1002.4,16.9,0.0
2026-06-16 17:00:00,28.8,79.4,244.0,5.7,4.7,70.0,32.1,63,1001.7,16.2,0.0
2026-06-16 18:00:00,28.1,74.3,241.0,8.1,5.0,63.0,31.0,68,1001.8,16.5,0.0
2026-06-16 19:00:00,27.1,69.4,229.0,11.5,5.4,53.0,30.6,69,1002.3,16.0,0.0
2026-06-16 20:00:00,26.7,62.6,217.0,14.0,5.8,46.0,30.4,71,1003.3,14.0,0.0
2026-06-16 21:00:00,26.0,58.9,208.0,15.1,6.2,42.0,30.3,72,1003.8,13.8,0.0
2026-06-16 22:00:00,25.4,58.2,198.0,15.3,6.5,41.0,30.0,74,1004.3,13.5,0.0
2026-06-16 23:00:00,24.7,57.6,186.0,14.6,6.5,41.0,29.9,75,1004.3,12.6,0.0
2026-06-17 00:00:00,23.5,55.1,167.0,12.2,5.9,43.0,29.6,77,1003.9,14.6,0.0
2026-06-17 01:00:00,21.7,52.6,146.0,8.9,5.1,46.0,29.4,79,1003.4,16.7,0.1
2026-06-17 02:00:00,22.2,56.2,131.0,6.5,4.5,48.0,29.3,80,1003.1,17.2,0.0
2026-06-17 03:00:00,20.4,50.6,121.0,5.9,4.5,47.0,29.1,81,1003.8,12.6,0.1
2026-06-17 04:00:00,22.3,55.8,117.0,6.1,4.9,46.0,29.1,80,1003.8,11.7,0.0
2026-06-17 05:00:00,21.6,55.6,129.0,6.7,5.4,47.0,29.4,80,1003.8,11.4,0.0
2026-06-17 06:00:00,22.7,58.0,174.0,7.4,5.4,47.0,29.2,80,1004.2,11.4,0.0
2026-06-17 07:00:00,21.2,55.6,235.0,8.2,5.5,48.0,29.5,78,1004.6,13.6,0.0
2026-06-17 08:00:00,20.7,54.6,271.0,8.4,5.5,51.0,30.3,73,1005.0,15.0,0.0
2026-06-17 09:00:00,20.8,54.7,256.0,7.3,5.5,57.0,31.1,68,1005.2,15.7,0.0
2026-06-17 10:00:00,22.9,61.0,216.0,5.6,5.4,65.0,31.7,66,1005.4,15.7,0.0
2026-06-17 11:00:00,20.9,53.6,186.0,4.3,5.3,71.0,32.7,58,1005.6,15.6,0.0
2026-06-17 12:00:00,20.4,51.9,179.0,3.7,5.1,74.0,32.9,57,1005.4,15.4,0.0
2026-06-17 13:00:00,20.1,51.5,183.0,3.5,4.9,75.0,32.6,60,1004.9,15.3,0.1
2026-06-17 14:00:00,19.6,48.3,192.0,3.7,4.8,74.0,32.1,63,1004.2,15.0,0.1
2026-06-17 15:00:00,19.0,45.3,210.0,4.1,4.7,71.0,32.3,64,1003.9,15.4,0.0
2026-06-17 16:00:00,18.7,44.4,235.0,4.9,4.7,65.0,31.9,65,1003.3,15.4,0.0
2026-06-17 17:00:00,25.3,63.1,248.0,6.0,4.7,63.0,31.8,64,1003.4,13.7,0.0
2026-06-17 18:00:00,24.3,58.4,241.0,8.7,5.1,57.0,31.0,67,1003.8,13.1,0.0
2026-06-17 19:00:00,23.4,51.8,224.0,12.5,5.7,48.0,30.5,68,1004.1,13.5,0.0
2026-06-17 20:00:00,25.0,51.5,209.0,15.3,6.1,42.0,30.2,70,1003.9,15.3,0.0
2026-06-17 21:00:00,26.3,51.6,203.0,16.5,6.4,40.0,30.1,70,1004.2,15.7,0.0
2026-06-17 22:00:00,24.7,47.3,199.0,16.6,6.6,40.0,30.1,70,1004.7,14.0,0.0
2026-06-17 23:00:00,23.6,45.5,190.0,15.8,6.5,41.0,30.0,71,1004.6,13.9,0.0
2026-06-18 00:00:00,22.6,45.1,170.0,13.3,6.0,44.0,29.7,72,1004.4,15.7,0.0
2026-06-18 01:00:00,22.2,46.3,144.0,9.9,5.2,48.0,29.6,73,1004.0,13.6,0.0
2026-06-18 02:00:00,22.7,49.6,128.0,7.3,4.7,50.0,29.5,73,1003.9,12.4,0.0
2026-06-18 03:00:00,23.5,53.3,124.0,6.6,4.8,49.0,29.2,75,1003.6,12.5,0.0
2026-06-18 04:00:00,25.0,57.6,128.0,6.8,5.3,46.0,29.2,76,1003.8,10.3,0.0
2026-06-18 05:00:00,22.2,51.7,144.0,6.7,5.3,48.0,29.7,75,1003.9,11.6,0.0
2026-06-18 06:00:00,18.7,43.4,184.0,7.6,5.6,48.0,29.5,77,1004.1,11.7,0.0
2026-06-18 07:00:00,19.3,47.1,236.0,8.8,5.9,48.0,29.7,77,1004.6,14.9,0.0
2026-06-18 08:00:00,18.5,45.6,265.0,9.1,6.1,50.0,30.5,74,1004.9,15.0,0.0
2026-06-18 09:00:00,18.3,45.4,249.0,7.9,6.0,57.0,31.4,69,1004.9,15.3,0.0
2026-06-18 10:00:00,18.9,46.8,210.0,5.8,5.8,67.0,32.1,65,1004.9,16.1,0.0
2026-06-18 11:00:00,19.3,47.5,181.0,4.2,5.5,74.0,32.5,61,1005.3,16.3,0.0
2026-06-18 12:00:00,19.2,47.0,175.0,3.5,5.2,76.0,32.6,60,1004.9,15.8,0.0
2026-06-18 13:00:00,19.0,47.1,180.0,3.3,5.0,75.0,32.9,59,1004.5,15.4,0.0
2026-06-18 14:00:00,18.3,44.5,189.0,3.5,4.8,73.0,32.5,63,1003.8,16.2,0.1
2026-06-18 15:00:00,18.1,43.2,204.0,4.2,4.8,68.0,31.8,67,1003.1,16.8,0.2
2026-06-18 16:00:00,17.5,41.3,223.0,5.4,4.8,62.0,31.5,69,1002.8,16.4,0.2
2026-06-18 17:00:00,27.5,78.9,237.0,7.1,4.7,55.0,31.3,67,1002.9,16.2,0.0
2026-06-18 18:00:00,27.4,75.2,242.0,9.0,5.1,51.0,30.3,72,1002.5,17.0,0.0
2026-06-18 19:00:00,28.5,75.0,241.0,11.6,5.7,45.0,29.8,75,1002.4,15.5,0.0
2026-06-18 20:00:00,28.0,66.1,235.0,13.9,6.2,41.0,29.6,76,1002.7,14.5,0.0
2026-06-18 21:00:00,28.2,61.5,222.0,15.7,6.6,38.0,29.7,75,1003.8,14.0,0.0
2026-06-18 22:00:00,27.8,56.7,205.0,17.2,7.0,37.0,29.6,76,1004.1,13.3,0.1
2026-06-18 23:00:00,23.4,48.3,187.0,17.2,7.0,37.0,29.4,77,1003.1,15.1,0.0
2026-06-19 00:00:00,20.5,43.9,169.0,14.7,6.4,40.0,29.0,80,1003.3,13.4,0.0
2026-06-19 01:00:00,19.7,43.2,151.0,10.7,5.5,45.0,28.9,81,1003.1,12.1,0.0
2026-06-19 02:00:00,19.7,44.1,138.0,7.7,4.9,48.0,28.8,82,1002.9,10.3,0.0
2026-06-19 03:00:00,19.9,45.2,130.0,6.6,4.8,48.0,28.6,83,1002.4,9.8,0.0
2026-06-19 04:00:00,20.2,46.4,127.0,6.4,5.1,47.0,28.5,84,1002.2,11.0,0.0
2026-06-19 05:00:00,19.3,45.3,137.0,8.3,6.1,47.0,28.8,83,1002.4,13.1,0.0
2026-06-19 06:00:00,19.4,45.5,174.0,8.8,6.2,48.0,28.7,83,1002.8,13.3,0.0
2026-06-19 07:00:00,21.0,51.9,224.0,9.4,6.2,49.0,29.4,78,1003.7,14.8,0.0
2026-06-19 08:00:00,23.6,59.6,254.0,9.4,6.2,52.0,30.2,73,1004.1,14.9,0.0
2026-06-19 09:00:00,24.9,66.6,243.0,8.0,6.0,58.0,31.0,69,1004.1,15.2,0.0
2026-06-19 10:00:00,26.3,73.8,212.0,6.0,5.8,66.0,31.7,66,1004.5,15.6,0.0
2026-06-19 11:00:00,24.2,66.8,189.0,4.4,5.5,72.0,32.4,62,1004.8,15.0,0.0
2026-06-19 12:00:00,23.7,66.4,185.0,3.6,5.2,75.0,32.7,61,1004.8,15.3,0.0
2026-06-19 13:00:00,22.6,63.3,189.0,3.2,4.9,75.0,32.8,62,1004.5,15.2,0.0
2026-06-19 14:00:00,21.1,60.5,197.0,3.3,4.7,74.0,32.7,62,1003.9,15.2,0.0
2026-06-19 15:00:00,19.7,55.6,213.0,4.0,4.7,69.0,32.5,63,1003.3,15.9,0.0
2026-06-19 16:00:00,19.2,53.3,233.0,5.1,4.7,62.0,31.9,65,1003.1,16.1,0.0
2026-06-19 17:00:00,34.9,106.4,243.0,6.0,4.9,62.0,32.0,62,1003.5,14.8,0.0
2026-06-19 18:00:00,34.1,102.0,234.0,7.6,5.0,56.0,31.1,66,1003.2,17.4,0.0
2026-06-19 19:00:00,31.5,87.1,215.0,9.7,5.1,49.0,30.3,70,1003.3,17.8,0.0
2026-06-19 20:00:00,29.6,75.0,199.0,11.1,5.2,43.0,29.9,72,1003.8,17.1,0.0
2026-06-19 21:00:00,28.5,68.9,191.0,11.3,5.3,42.0,30.0,72,1004.5,15.3,0.0
2026-06-19 22:00:00,26.7,63.6,186.0,10.7,5.3,43.0,30.1,72,1004.9,15.2,0.0
2026-06-19 23:00:00,26.0,61.5,177.0,10.0,5.3,44.0,30.0,72,1005.0,13.7,0.0
2026-06-20 00:00:00,25.7,61.5,160.0,9.1,5.2,45.0,29.6,75,1004.5,12.5,0.0
2026-06-20 01:00:00,27.1,66.8,140.0,8.1,5.0,45.0,29.3,78,1004.5,12.6,0.0
2026-06-20 02:00:00,26.1,73.1,126.0,7.2,4.9,46.0,29.1,80,1004.0,13.5,0.1
2026-06-20 03:00:00,18.9,48.7,120.0,6.5,4.8,46.0,28.9,81,1003.7,13.0,0.0
2026-06-20 04:00:00,16.6,43.3,120.0,5.9,4.8,46.0,28.8,82,1003.4,12.6,0.0
2026-06-20 05:00:00,18.6,48.0,132.0,5.9,4.8,49.0,28.9,82,1003.7,13.2,0.0
2026-06-20 06:00:00,17.0,44.9,168.0,6.7,5.0,49.0,28.8,82,1004.2,12.3,0.0
2026-06-20 07:00:00,18.5,51.1,216.0,7.8,5.2,50.0,29.4,78,1004.8,14.1,0.0
2026-06-20 08:00:00,20.0,57.0,245.0,8.2,5.3,53.0,30.4,73,1005.0,16.0,0.0
2026-06-20 09:00:00,21.0,62.2,236.0,7.3,5.3,59.0,31.3,67,1005.3,16.5,0.0
2026-06-20 10:00:00,22.1,68.9,208.0,5.8,5.1,67.0,32.2,63,1005.2,16.8,0.0
2026-06-20 11:00:00,22.7,71.7,187.0,4.5,5.0,73.0,32.4,61,1005.5,16.2,0.0
2026-06-20 12:00:00,22.8,73.3,184.0,3.8,4.8,74.0,32.1,62,1005.2,15.3,0.0
2026-06-20 13:00:00,22.9,75.4,188.0,3.4,4.6,73.0,32.4,61,1005.0,14.8,0.0
2026-06-20 14:00:00,22.9,76.1,195.0,3.5,4.5,70.0,32.2,62,1004.6,15.4,0.0
2026-06-20 15:00:00,23.0,76.1,207.0,4.0,4.4,66.0,32.1,63,1004.0,16.4,0.0
2026-06-20 16:00:00,21.4,68.0,223.0,5.0,4.4,61.0,31.8,65,1003.6,18.3,0.0
2026-06-20 17:00:00,28.5,105.7,231.0,5.9,4.4,62.0,31.8,65,1003.4,15.2,0.0
2026-06-20 18:00:00,25.1,88.7,226.0,7.4,4.6,57.0,30.9,68,1003.8,14.1,0.0
2026-06-20 19:00:00,22.3,70.8,214.0,9.3,4.8,50.0,30.2,72,1004.2,14.8,0.0
2026-06-20 20:00:00,21.2,60.3,204.0,10.7,5.0,45.0,29.9,73,1004.8,15.0,0.0
2026-06-20 21:00:00,19.8,48.9,200.0,11.0,5.0,43.0,29.7,75,1005.1,15.5,0.0
2026-06-20 22:00:00,18.1,44.1,198.0,10.6,5.0,43.0,29.6,76,1005.9,14.5,0.0
2026-06-20 23:00:00,17.4,43.8,191.0,9.9,4.9,44.0,29.6,76,1005.7,15.1,0.0
2026-06-21 00:00:00,17.1,44.9,173.0,8.7,4.7,45.0,29.4,76,1005.4,13.7,0.0
2026-06-21 01:00:00,14.8,39.2,150.0,7.1,4.4,46.0,29.1,77,1005.0,14.0,0.0
2026-06-21 02:00:00,14.5,38.3,132.0,5.9,4.2,47.0,28.9,79,1004.3,14.0,0.0
2026-06-21 03:00:00,14.2,36.6,122.0,5.3,4.1,47.0,28.6,81,1004.1,13.4,0.0
2026-06-21 04:00:00,14.1,35.9,118.0,5.0,4.2,47.0,28.4,83,1003.9,12.1,0.0
2026-06-21 05:00:00,14.6,38.1,122.0,4.3,3.9,50.0,29.0,79,1003.9,13.4,0.0
2026-06-21 06:00:00,14.8,36.9,142.0,4.8,4.3,51.0,29.0,79,1004.1,13.2,0.0
2026-06-21 07:00:00,16.3,44.5,171.0,5.4,4.8,53.0,29.5,76,1004.5,14.4,0.0
2026-06-21 08:00:00,18.9,53.9,188.0,5.5,5.2,57.0,30.3,72,1004.5,15.2,0.0
2026-06-21 09:00:00,19.9,58.9,180.0,4.7,5.2,64.0,31.2,68,1004.5,16.2,0.0
2026-06-21 10:00:00,20.7,62.6,160.0,3.5,5.0,72.0,31.8,64,1004.4,16.9,0.0
2026-06-21 11:00:00,20.6,60.3,145.0,2.6,4.8,78.0,32.5,59,1004.3,16.7,0.0
2026-06-21 12:00:00,20.4,59.6,142.0,2.2,4.5,78.0,32.3,59,1003.8,17.4,0.0
2026-06-21 13:00:00,19.4,54.9,145.0,2.0,4.2,76.0,32.2,59,1003.1,17.7,0.0
2026-06-21 14:00:00,18.9,51.8,150.0,2.1,4.0,72.0,32.0,61,1002.4,18.3,0.0
2026-06-21 15:00:00,18.7,49.8,159.0,2.5,3.9,67.0,31.8,62,1001.9,18.7,0.0
2026-06-21 16:00:00,18.7,47.7,170.0,3.2,3.9,62.0,31.6,61,1001.4,18.8,0.0
2026-06-21 17:00:00,20.7,53.9,178.0,3.7,4.0,60.0,31.1,65,1001.2,18.2,0.0
2026-06-21 18:00:00,21.0,54.1,180.0,4.8,4.2,56.0,30.6,67,1001.1,17.6,0.0
2026-06-21 19:00:00,21.5,51.6,180.0,6.3,4.5,52.0,30.1,70,1001.6,16.7,0.0
2026-06-21 20:00:00,22.8,52.9,175.0,7.4,4.7,48.0,30.0,70,1002.0,16.8,0.0
2026-06-21 21:00:00,25.1,58.6,165.0,7.7,4.8,47.0,30.1,70,1002.7,17.5,0.0
2026-06-21 22:00:00,25.3,57.6,152.0,7.7,4.9,47.0,30.0,71,1003.2,16.8,0.0
2026-06-21 23:00:00,24.7,55.4,140.0,7.3,4.9,47.0,29.4,75,1003.3,15.3,0.0
2026-06-22 00:00:00,24.7,56.3,129.0,6.5,4.7,48.0,29.2,77,1003.0,15.5,0.0
2026-06-22 01:00:00,24.4,57.4,119.0,5.3,4.3,49.0,28.9,80,1002.7,15.9,0.1
2026-06-22 02:00:00,24.7,58.1,113.0,4.5,4.1,50.0,28.7,81,1002.3,15.5,0.0
2026-06-22 03:00:00,27.6,63.8,108.0,4.2,4.0,50.0,28.7,81,1002.3,15.8,0.0
2026-06-22 04:00:00,25.3,57.5,107.0,4.2,4.0,49.0,28.6,81,1002.1,15.5,0.0
2026-06-22 05:00:00,18.7,43.3,119.0,4.1,3.8,51.0,28.8,81,1002.4,15.7,0.0
2026-06-22 06:00:00,18.4,41.7,158.0,5.2,4.1,51.0,28.7,82,1002.8,16.7,0.0
2026-06-22 07:00:00,19.2,44.6,210.0,6.6,4.6,50.0,29.1,79,1003.1,18.3,0.0
2026-06-22 08:00:00,19.8,48.0,241.0,7.2,4.9,52.0,29.9,74,1003.6,18.3,0.1
2026-06-22 09:00:00,21.0,52.0,230.0,6.4,5.0,58.0,30.6,70,1003.5,17.7,0.1
2026-06-22 10:00:00,23.3,60.5,199.0,4.8,5.0,65.0,31.5,66,1003.5,17.5,0.0
2026-06-22 11:00:00,22.2,56.8,175.0,3.5,4.9,71.0,32.1,62,1003.6,17.7,0.0
2026-06-22 12:00:00,22.3,58.4,170.0,2.9,4.7,73.0,32.3,61,1003.3,18.0,0.0
2026-06-22 13:00:00,22.2,57.9,172.0,2.7,4.5,73.0,32.3,61,1002.8,18.3,0.0
2026-06-22 14:00:00,21.9,56.9,179.0,2.8,4.3,71.0,32.1,62,1002.3,19.0,0.0
2026-06-22 15:00:00,23.2,60.1,193.0,3.3,4.2,67.0,31.9,63,1001.7,18.1,0.0
2026-06-22 16:00:00,20.7,52.9,212.0,4.2,4.2,61.0,31.6,63,1001.1,17.4,0.0
2026-06-22 17:00:00,28.9,76.1,223.0,5.4,4.3,56.0,31.6,62,1000.8,17.6,0.0
2026-06-22 18:00:00,28.6,72.9,222.0,7.0,4.5,52.0,31.0,63,1001.0,17.5,0.0
2026-06-22 19:00:00,29.0,72.4,213.0,9.1,4.8,48.0,30.3,67,1001.7,16.7,0.0
2026-06-22 20:00:00,29.0,70.1,204.0,10.7,5.1,44.0,30.0,69,1002.2,15.9,0.0
2026-06-22 21:00:00,29.3,66.6,197.0,11.4,5.4,43.0,29.8,71,1002.5,15.7,0.0
2026-06-22 22:00:00,28.9,66.8,188.0,11.5,5.7,42.0,29.8,72,1002.7,16.6,0.0
2026-06-22 23:00:00,28.2,65.4,178.0,11.1,5.8,43.0,29.6,70,1002.9,14.9,0.0
2026-06-23 00:00:00,27.1,62.2,163.0,9.7,5.4,44.0,29.5,73,1002.5,15.0,0.1
2026-06-23 01:00:00,25.3,57.4,146.0,7.7,4.8,46.0,29.4,73,1002.3,14.9,0.0
2026-06-23 02:00:00,24.9,56.8,133.0,6.2,4.4,48.0,29.2,75,1001.9,15.0,0.0
2026-06-23 03:00:00,24.4,54.8,123.0,5.5,4.4,48.0,29.2,75,1001.7,15.2,0.0
2026-06-23 04:00:00,21.4,49.4,117.0,5.3,4.5,48.0,29.1,77,1002.0,15.4,0.0
2026-06-23 05:00:00,17.2,39.9,126.0,5.1,4.4,49.0,29.1,76,1002.0,14.2,0.0
2026-06-23 06:00:00,17.0,39.0,166.0,6.5,4.7,48.0,28.9,79,1002.2,14.8,0.0
2026-06-23 07:00:00,17.8,42.1,221.0,8.3,5.2,47.0,29.0,80,1002.7,16.8,0.1
2026-06-23 08:00:00,19.7,46.1,254.0,9.1,5.5,49.0,29.8,75,1002.9,18.2,0.1
2026-06-23 09:00:00,19.6,47.6,242.0,7.9,5.5,56.0,30.6,71,1002.9,18.2,0.1
2026-06-23 10:00:00,20.5,52.4,207.0,5.6,5.2,65.0,31.4,66,1003.0,17.3,0.0
2026-06-23 11:00:00,21.0,53.7,181.0,3.8,5.0,72.0,32.4,60,1002.9,17.0,0.0
2026-06-23 12:00:00,21.0,54.5,176.0,3.0,4.8,75.0,32.6,58,1002.5,17.5,0.0
2026-06-23 13:00:00,21.5,55.2,179.0,2.8,4.5,76.0,32.6,59,1001.7,18.9,0.0
2026-06-23 14:00:00,22.4,57.7,186.0,2.9,4.3,74.0,32.0,62,1001.0,18.5,0.0
2026-06-23 15:00:00,22.5,58.0,199.0,3.5,4.2,70.0,32.3,59,1000.5,18.6,0.0
2026-06-23 16:00:00,21.9,55.6,216.0,4.5,4.2,63.0,31.9,60,1000.0,19.4,0.0
2026-06-23 17:00:00,27.4,73.8,225.0,5.5,3.9,58.0,31.3,62,1000.1,17.5,0.0
2026-06-23 18:00:00,26.7,68.9,218.0,6.8,4.1,54.0,30.7,65,1000.1,17.8,0.0
2026-06-23 19:00:00,26.4,65.4,203.0,8.5,4.3,48.0,30.0,69,1000.7,18.6,0.0
2026-06-23 20:00:00,27.8,67.3,189.0,9.7,4.5,43.0,29.7,72,1001.0,20.4,0.0
2026-06-23 21:00:00,27.9,66.1,181.0,10.0,4.7,41.0,29.5,73,1001.4,20.7,0.0
2026-06-23 22:00:00,28.6,65.7,175.0,9.9,4.8,41.0,29.5,73,1001.6,21.1,0.0
2026-06-23 23:00:00,28.3,65.4,166.0,9.2,4.8,42.0,29.6,73,1001.7,19.5,0.1
2026-06-24 00:00:00,27.2,64.0,150.0,7.7,4.5,43.0,29.4,75,1001.5,19.1,0.0
2026-06-24 01:00:00,26.0,61.5,130.0,5.7,3.9,45.0,29.2,76,1001.2,18.3,0.0
2026-06-24 02:00:00,25.4,60.3,116.0,4.2,3.6,47.0,29.0,77,1000.9,19.5,0.0
2026-06-24 03:00:00,24.2,56.2,106.0,3.7,3.6,47.0,28.9,78,1000.6,19.2,0.0
2026-06-24 04:00:00,22.6,51.9,101.0,3.8,3.7,47.0,28.6,81,1000.5,19.4,0.0
2026-06-24 05:00:00,16.7,43.8,113.0,4.3,3.9,47.0,28.9,78,1000.3,17.8,0.0
2026-06-24 06:00:00,15.6,37.8,160.0,5.5,4.2,47.0,28.9,77,1000.7,18.4,0.0
2026-06-24 07:00:00,18.2,44.1,224.0,7.1,4.6,46.0,29.1,77,1001.0,19.8,0.0
2026-06-24 08:00:00,18.9,45.6,263.0,7.8,4.8,48.0,29.5,74,1001.6,19.1,0.0
2026-06-24 09:00:00,19.7,47.6,250.0,6.8,4.7,54.0,30.2,71,1001.9,19.8,0.0
2026-06-24 10:00:00,20.3,49.9,211.0,5.0,4.5,63.0,30.5,70,1002.1,20.8,0.1
2026-06-24 11:00:00,20.1,48.9,182.0,3.6,4.3,69.0,31.6,64,1002.0,22.3,0.1
2026-06-24 12:00:00,20.0,48.5,176.0,3.2,4.1,70.0,31.8,64,1001.6,22.8,0.2
2026-06-24 13:00:00,19.7,47.4,180.0,3.2,4.0,68.0,31.6,66,1001.0,22.2,0.2
2026-06-24 14:00:00,19.4,46.6,187.0,3.5,3.9,65.0,31.6,67,1000.7,21.2,0.1
2026-06-24 15:00:00,19.7,47.1,200.0,4.1,3.9,61.0,31.5,66,1000.3,21.1,0.1
2026-06-24 16:00:00,20.0,47.5,216.0,4.9,3.9,56.0,31.2,68,1000.0,21.5,0.0
2026-06-24 17:00:00,20.3,46.4,226.0,6.0,4.0,52.0,31.5,64,999.3,19.1,0.0
2026-06-24 18:00:00,20.6,47.3,223.0,7.6,4.2,48.0,30.7,67,999.4,18.0,0.0
2026-06-24 19:00:00,20.8,46.6,213.0,9.3,4.3,44.0,30.1,70,999.9,18.4,0.0
2026-06-24 20:00:00,21.0,45.5,204.0,10.4,4.5,42.0,29.7,73,1000.1,18.5,0.1
2026-06-24 21:00:00,20.7,43.9,200.0,10.3,4.6,42.0,29.5,74,1000.9,19.0,0.1
2026-06-24 22:00:00,20.4,42.4,197.0,9.5,4.6,44.0,29.4,75,1001.6,17.9,0.1
2026-06-24 23:00:00,20.5,44.8,189.0,8.6,4.6,45.0,29.6,74,1001.7,17.2,0.0
2026-06-25 00:00:00,19.1,40.6,169.0,7.5,4.4,46.0,29.2,76,1001.6,15.9,0.0
2026-06-25 01:00:00,15.1,33.3,145.0,6.2,4.0,47.0,29.1,75,1001.2,14.6,0.0
2026-06-25 02:00:00,14.8,33.8,127.0,5.2,3.8,48.0,29.0,75,1000.9,14.7,0.0
2026-06-25 03:00:00,16.4,36.2,119.0,4.8,3.8,48.0,28.9,76,1000.8,15.2,0.0
2026-06-25 04:00:00,13.9,31.1,119.0,4.7,4.0,48.0,28.9,76,1000.8,16.1,0.0
2026-06-25 05:00:00,13.3,29.6,131.0,4.9,4.2,48.0,28.8,78,1001.0,15.5,0.0
2026-06-25 06:00:00,13.2,28.7,170.0,5.8,4.5,48.0,28.7,79,1001.5,14.3,0.0
2026-06-25 07:00:00,16.9,37.0,221.0,7.1,4.7,48.0,29.2,77,1001.9,17.4,0.0
2026-06-25 08:00:00,17.5,38.1,251.0,7.6,4.9,50.0,29.8,73,1002.2,19.0,0.0
2026-06-25 09:00:00,18.1,40.4,238.0,6.5,4.9,57.0,30.7,69,1002.6,19.7,0.1
2026-06-25 10:00:00,18.3,42.0,203.0,4.7,4.7,66.0,31.6,65,1002.6,19.1,0.0
2026-06-25 11:00:00,18.0,41.8,177.0,3.3,4.5,73.0,31.8,64,1002.6,19.2,0.1
2026-06-25 12:00:00,18.1,42.1,173.0,2.8,4.3,75.0,31.9,63,1002.5,19.3,0.1
2026-06-25 13:00:00,18.2,42.1,179.0,2.8,4.1,73.0,31.8,64,1002.3,18.8,0.1
2026-06-25 14:00:00,18.2,42.3,188.0,3.2,4.0,71.0,31.8,66,1001.8,19.2,0.1
2026-06-25 15:00:00,18.0,40.7,204.0,3.9,4.0,67.0,31.4,69,1001.3,19.7,0.1
2026-06-25 16:00:00,18.1,40.4,223.0,4.9,4.0,62.0,31.6,68,1000.8,18.5,0.0
2026-06-25 17:00:00,22.6,49.2,235.0,6.5,4.5,57.0,31.3,66,1000.8,16.7,0.0
2026-06-25 18:00:00,22.8,50.5,232.0,8.3,4.8,53.0,30.6,69,1001.1,16.3,0.1
2026-06-25 19:00:00,22.2,48.7,221.0,10.7,5.2,47.0,30.0,73,1001.6,16.6,0.0
2026-06-25 20:00:00,21.5,45.6,212.0,12.4,5.5,43.0,29.7,74,1001.9,15.5,0.0
2026-06-25 21:00:00,21.4,44.2,212.0,12.9,5.7,41.0,29.5,75,1002.4,15.1,0.0
2026-06-25 22:00:00,19.0,39.8,214.0,12.8,5.9,41.0,29.6,75,1003.0,14.6,0.0
2026-06-25 23:00:00,18.2,38.9,207.0,12.1,5.9,41.0,29.5,76,1003.2,13.5,0.0
2026-06-26 00:00:00,17.6,38.0,182.0,10.7,5.5,42.0,29.2,77,1003.1,12.9,0.0
2026-06-26 01:00:00,17.5,38.8,149.0,8.7,5.0,45.0,29.0,78,1002.7,12.6,0.0
2026-06-26 02:00:00,17.5,38.8,127.0,7.3,4.7,46.0,28.8,80,1002.5,11.7,0.0
2026-06-26 03:00:00,17.5,38.9,122.0,6.9,4.8,45.0,28.6,81,1002.2,10.8,0.0
2026-06-26 04:00:00,17.5,38.8,127.0,6.9,5.1,44.0,28.4,82,1002.1,10.4,0.0
2026-06-26 05:00:00,18.2,41.7,144.0,7.4,5.5,43.0,28.9,78,1002.3,9.7,0.0
2026-06-26 06:00:00,18.5,40.7,183.0,8.0,5.8,44.0,28.9,78,1003.0,10.2,0.0
2026-06-26 07:00:00,20.1,48.5,232.0,8.8,6.2,45.0,29.3,77,1003.5,11.6,0.0
2026-06-26 08:00:00,21.5,53.1,262.0,9.0,6.4,49.0,30.2,73,1003.9,13.2,0.0
2026-06-26 09:00:00,22.2,55.8,252.0,7.9,6.3,57.0,31.1,69,1004.1,13.1,0.0
2026-06-26 10:00:00,22.7,58.0,222.0,6.1,6.0,66.0,31.6,66,1004.3,13.9,0.0
2026-06-26 11:00:00,23.1,59.3,199.0,4.7,5.7,73.0,32.9,60,1004.1,13.1,0.1
2026-06-26 12:00:00,22.7,57.9,194.0,4.0,5.5,75.0,32.1,64,1003.9,14.0,0.0
2026-06-26 13:00:00,22.7,57.2,196.0,3.7,5.2,74.0,31.9,67,1003.7,14.8,0.0
2026-06-26 14:00:00,21.6,51.3,202.0,3.7,5.0,72.0,32.3,65,1003.2,15.0,0.0
2026-06-26 15:00:00,20.9,48.3,213.0,4.1,4.8,68.0,32.0,67,1002.8,15.9,0.0
2026-06-26 16:00:00,20.7,48.0,227.0,5.0,4.7,63.0,31.4,69,1002.3,15.5,0.0
2026-06-26 17:00:00,17.3,39.2,236.0,6.0,4.5,59.0,31.7,66,1002.3,15.0,0.0
2026-06-26 18:00:00,18.2,41.1,236.0,7.6,4.8,54.0,30.9,68,1002.4,14.3,0.0
2026-06-26 19:00:00,19.4,43.1,231.0,9.8,5.2,48.0,30.2,72,1002.9,14.6,0.0
2026-06-26 20:00:00,19.6,42.8,223.0,11.4,5.5,43.0,29.8,75,1003.4,14.7,0.0
2026-06-26 21:00:00,19.8,43.0,212.0,12.0,5.7,41.0,29.6,77,1003.8,13.2,0.0
2026-06-26 22:00:00,20.1,43.3,198.0,12.1,5.8,41.0,29.4,77,1004.2,12.1,0.0
2026-06-26 23:00:00,19.6,41.7,183.0,11.9,5.9,41.0,29.4,76,1004.2,12.0,0.0
2026-06-27 00:00:00,18.4,39.3,167.0,11.2,5.8,41.0,29.2,77,1004.0,11.2,0.0
2026-06-27 01:00:00,16.9,36.3,150.0,10.2,5.6,42.0,29.1,77,1003.8,9.9,0.0
2026-06-27 02:00:00,16.4,35.4,139.0,9.4,5.6,42.0,28.9,78,1003.2,9.4,0.0
2026-06-27 03:00:00,16.1,34.9,132.0,9.2,5.8,41.0,28.9,77,1003.1,8.8,0.0
2026-06-27 04:00:00,15.7,33.4,129.0,9.3,6.2,40.0,28.8,77,1003.1,8.6,0.0
2026-06-27 05:00:00,15.5,33.4,140.0,8.3,6.2,42.0,29.0,78,1003.2,9.3,0.0
2026-06-27 06:00:00,15.5,32.6,178.0,8.6,6.4,44.0,28.8,79,1003.7,9.0,0.0
2026-06-27 07:00:00,16.8,38.3,229.0,9.0,6.6,46.0,29.4,75,1004.0,10.6,0.0
2026-06-27 08:00:00,17.9,42.3,260.0,8.8,6.7,51.0,30.2,72,1004.4,12.1,0.0
2026-06-27 09:00:00,19.3,46.4,249.0,7.4,6.4,60.0,30.9,68,1004.6,12.8,0.0
2026-06-27 10:00:00,20.4,49.9,216.0,5.4,6.0,72.0,31.3,67,1004.7,13.5,0.0
2026-06-27 11:00:00,21.5,52.7,193.0,3.9,5.6,81.0,31.7,66,1004.5,13.8,0.0
2026-06-27 12:00:00,21.7,53.3,191.0,3.2,5.3,86.0,31.7,66,1004.0,13.0,0.0
2026-06-27 13:00:00,21.2,52.7,197.0,2.9,5.0,87.0,32.4,64,1003.6,13.4,0.0
2026-06-27 14:00:00,20.6,50.6,206.0,3.1,4.8,86.0,31.7,67,1003.0,14.6,0.0
2026-06-27 15:00:00,19.4,46.8,218.0,3.6,4.7,80.0,31.3,69,1002.3,14.8,0.0
2026-06-27 16:00:00,18.3,43.9,232.0,4.6,4.6,71.0,31.1,70,1001.5,15.1,0.0
2026-06-27 17:00:00,24.4,60.5,240.0,6.3,5.1,68.0,31.3,68,1001.5,15.2,0.1
2026-06-27 18:00:00,22.6,54.4,237.0,7.9,5.1,61.0,30.6,71,1001.4,14.8,0.0
2026-06-27 19:00:00,21.2,49.6,228.0,10.2,5.1,51.0,30.0,73,1001.9,14.5,0.0
2026-06-27 20:00:00,19.8,44.6,217.0,11.6,5.1,44.0,29.6,75,1002.2,13.8,0.0
2026-06-27 21:00:00,19.8,44.6,204.0,11.6,5.1,43.0,29.4,77,1002.6,13.7,0.0
2026-06-27 22:00:00,19.9,44.6,188.0,10.8,5.1,44.0,29.3,77,1003.0,12.9,0.0
2026-06-27 23:00:00,20.0,44.9,172.0,9.8,5.0,46.0,29.1,79,1003.5,13.4,0.0
2026-06-28 00:00:00,18.2,41.9,156.0,8.7,4.7,47.0,28.9,79,1003.1,12.9,0.1
2026-06-28 01:00:00,17.4,40.5,140.0,7.4,4.4,47.0,28.6,82,1002.6,12.8,0.1
2026-06-28 02:00:00,16.9,39.1,129.0,6.4,4.2,48.0,28.5,83,1002.1,13.0,0.0
2026-06-28 03:00:00,16.9,38.6,124.0,6.0,4.3,48.0,28.3,84,1002.0,11.7,0.0
2026-06-28 04:00:00,16.8,38.2,125.0,6.0,4.5,48.0,28.3,84,1001.5,11.3,0.0
2026-06-28 05:00:00,17.1,38.6,131.0,5.5,4.4,49.0,29.0,79,1001.6,11.7,0.0
2026-06-28 06:00:00,17.6,38.9,148.0,5.8,4.6,50.0,28.9,79,1001.5,12.8,0.0
2026-06-28 07:00:00,19.2,45.2,171.0,6.2,4.9,51.0,29.2,78,1001.8,15.7,0.0
2026-06-28 08:00:00,22.9,54.2,184.0,6.1,5.1,54.0,29.9,74,1002.3,16.9,0.0
2026-06-28 09:00:00,23.9,56.6,177.0,5.2,5.1,59.0,30.7,70,1002.6,16.6,0.0
2026-06-28 10:00:00,24.4,59.0,160.0,3.9,4.9,66.0,31.5,66,1002.5,16.1,0.0
2026-06-28 11:00:00,24.1,58.7,148.0,2.9,4.7,71.0,32.1,63,1002.4,16.6,0.0
2026-06-28 12:00:00,23.3,57.4,145.0,2.4,4.5,73.0,31.9,65,1002.0,16.3,0.0
2026-06-28 13:00:00,23.0,57.3,147.0,2.2,4.3,73.0,31.9,64,1001.6,16.8,0.0
2026-06-28 14:00:00,22.4,55.3,152.0,2.2,4.2,72.0,31.9,65,1001.2,18.3,0.1
2026-06-28 15:00:00,24.6,62.2,162.0,2.6,4.1,69.0,31.1,68,1000.6,19.6,0.1
2026-06-28 16:00:00,21.9,54.4,174.0,3.2,4.1,64.0,31.1,69,1000.1,19.0,0.1
2026-06-28 17:00:00,21.9,53.6,181.0,4.0,4.1,59.0,30.7,70,999.6,19.6,0.0
2026-06-28 18:00:00,21.7,51.9,177.0,5.0,4.2,55.0,30.2,72,999.8,18.7,0.0
2026-06-28 19:00:00,21.2,49.1,167.0,6.2,4.3,51.0,29.7,75,1000.0,18.2,0.0
2026-06-28 20:00:00,21.7,48.1,159.0,6.9,4.4,49.0,29.6,75,1000.5,17.7,0.1
2026-06-28 21:00:00,22.6,49.2,156.0,6.9,4.4,48.0,29.4,76,1001.0,19.0,0.1
2026-06-28 22:00:00,23.1,49.8,154.0,6.4,4.3,49.0,29.3,77,1001.6,17.8,0.1
2026-06-28 23:00:00,22.1,46.4,149.0,5.9,4.2,49.0,29.0,78,1002.1,17.0,0.0
2026-06-29 00:00:00,21.8,46.1,137.0,5.3,4.0,49.0,28.8,80,1001.5,16.2,0.0
2026-06-29 01:00:00,18.3,40.4,123.0,4.6,3.7,50.0,28.6,81,1001.2,14.9,0.0
2026-06-29 02:00:00,17.9,39.1,113.0,4.1,3.6,50.0,28.5,82,1000.7,14.0,0.0
2026-06-29 03:00:00,17.9,38.8,107.0,3.9,3.6,50.0,28.3,82,1000.5,13.9,0.0
2026-06-29 04:00:00,17.9,38.8,105.0,3.8,3.7,50.0,28.2,83,1000.3,13.6,0.0
2026-06-29 05:00:00,21.9,49.4,116.0,4.5,4.0,50.0,28.3,82,1000.1,14.9,0.0
2026-06-29 06:00:00,22.2,49.4,154.0,5.4,4.3,51.0,28.2,82,1000.3,14.8,0.0
2026-06-29 07:00:00,25.3,60.3,204.0,6.5,4.8,52.0,28.8,79,1000.7,16.9,0.0
2026-06-29 08:00:00,28.3,70.5,235.0,7.0,5.1,54.0,29.6,74,1001.0,17.7,0.0
2026-06-29 09:00:00,28.5,72.6,227.0,6.1,5.0,59.0,30.3,70,1001.3,18.1,0.0
2026-06-29 10:00:00,28.5,72.6,199.0,4.6,4.7,66.0,30.9,67,1001.6,18.6,0.0
2026-06-29 11:00:00,27.6,71.0,177.0,3.4,4.5,71.0,31.7,62,1001.7,18.8,0.0
2026-06-29 12:00:00,27.1,70.3,172.0,2.9,4.3,73.0,31.8,60,1001.3,19.0,0.0
2026-06-29 13:00:00,27.0,70.3,173.0,2.7,4.2,74.0,32.2,59,1000.6,19.3,0.0
2026-06-29 14:00:00,25.6,65.2,178.0,3.0,4.1,73.0,32.1,60,1000.0,19.9,0.0
2026-06-29 15:00:00,25.1,63.3,189.0,3.8,4.1,68.0,31.6,62,999.5,19.3,0.0
2026-06-29 16:00:00,24.4,61.7,203.0,5.1,4.2,62.0,31.3,64,999.0,19.2,0.0
2026-06-29 17:00:00,30.7,79.9,212.0,6.6,4.0,55.0,30.9,64,999.0,18.7,0.0
2026-06-29 18:00:00,31.2,77.3,210.0,7.9,4.3,53.0,30.2,66,999.0,18.0,0.0
2026-06-29 19:00:00,31.8,75.7,203.0,9.6,4.8,49.0,29.8,69,999.1,17.8,0.0
2026-06-29 20:00:00,30.9,70.3,195.0,10.7,5.1,47.0,29.5,71,999.4,17.2,0.0
2026-06-29 21:00:00,30.0,66.6,190.0,10.6,5.1,46.0,29.2,74,1000.3,18.4,0.1
2026-06-29 22:00:00,26.6,56.5,185.0,9.9,4.9,46.0,29.2,75,1000.8,18.4,0.0
2026-06-29 23:00:00,25.0,50.6,176.0,8.9,4.7,47.0,29.1,74,1000.7,18.2,0.0
2026-06-30 00:00:00,21.1,44.8,157.0,7.7,4.5,48.0,28.9,76,1000.7,17.1,0.0
2026-06-30 01:00:00,20.5,44.6,135.0,6.3,4.2,49.0,28.8,76,1000.3,17.3,0.0
2026-06-30 02:00:00,20.5,44.9,119.0,5.2,4.1,50.0,28.7,77,999.8,16.2,0.0
2026-06-30 03:00:00,20.7,46.2,113.0,4.7,4.1,50.0,28.6,77,999.8,16.5,0.0
2026-06-30 04:00:00,20.7,46.4,113.0,4.5,4.2,50.0,28.6,77,999.7,17.2,0.0
2026-06-30 05:00:00,21.2,49.6,126.0,4.5,4.1,50.0,28.7,78,999.5,16.5,0.0
2026-06-30 06:00:00,21.3,48.0,162.0,6.0,4.5,49.0,28.7,79,999.7,16.3,0.0
2026-06-30 07:00:00,22.5,51.8,210.0,7.9,5.0,48.0,29.2,76,1000.1,19.0,0.0
2026-06-30 08:00:00,25.7,60.1,240.0,8.8,5.3,49.0,29.8,73,1000.2,19.8,0.0
2026-06-30 09:00:00,25.0,58.9,235.0,7.7,5.2,55.0,30.4,70,1000.5,20.9,0.1
2026-06-30 10:00:00,24.9,59.6,213.0,5.5,5.0,64.0,30.9,67,1000.9,20.3,0.2
2026-06-30 11:00:00,25.4,61.0,196.0,3.9,4.7,70.0,30.7,69,1000.7,19.4,0.2
2026-06-30 12:00:00,24.7,58.8,191.0,3.4,4.5,71.0,31.3,66,1000.5,18.9,0.0
2026-06-30 13:00:00,23.5,55.6,191.0,3.4,4.4,70.0,32.3,61,1000.0,18.9,0.0
2026-06-30 14:00:00,23.6,57.3,195.0,3.8,4.3,68.0,31.8,63,999.5,19.3,0.0
2026-06-30 15:00:00,24.0,58.6,207.0,4.5,4.3,65.0,31.4,66,999.0,20.2,0.1
2026-06-30 16:00:00,22.9,55.4,223.0,5.6,4.3,60.0,31.1,68,998.4,19.0,0.2
2026-06-30 17:00:00,25.7,61.9,232.0,6.9,4.4,56.0,31.6,61,998.4,18.9,0.2
2026-06-30 18:00:00,23.9,56.8,227.0,8.5,4.6,52.0,30.8,65,998.4,18.6,0.0
2026-06-30 19:00:00,22.0,50.1,214.0,10.7,4.9,47.0,30.0,70,998.3,18.4,0.0
2026-06-30 20:00:00,21.3,45.8,203.0,12.0,5.1,44.0,29.7,73,998.7,18.2,0.1
2026-06-30 21:00:00,17.6,37.5,197.0,11.9,5.1,43.0,29.6,75,999.3,18.8,0.0
2026-06-30 22:00:00,17.3,38.4,192.0,10.9,5.1,44.0,29.4,76,1000.2,18.1,0.0
2026-06-30 23:00:00,18.0,40.6,183.0,9.8,5.0,45.0,29.3,77,1000.1,17.1,0.0
2026-07-01 00:00:00,19.6,44.7,164.0,8.6,4.8,46.0,29.1,78,999.8,16.0,0.0
2026-07-01 01:00:00,18.3,41.2,141.0,7.2,4.5,47.0,28.9,79,999.7,15.3,0.0
2026-07-01 02:00:00,17.6,39.7,125.0,6.1,4.3,48.0,28.7,80,999.2,15.5,0.0
2026-07-01 03:00:00,17.2,38.5,116.0,5.5,4.3,48.0,28.7,80,999.0,15.3,0.0
2026-07-01 04:00:00,17.1,38.0,114.0,5.3,4.4,49.0,28.5,82,998.7,15.3,0.0
2026-07-01 05:00:00,17.2,39.1,127.0,5.4,4.6,49.0,28.5,85,998.5,15.4,0.0
2026-07-01 06:00:00,17.6,38.9,171.0,6.7,4.9,49.0,28.5,84,998.6,14.9,0.0
2026-07-01 07:00:00,19.2,44.5,231.0,8.3,5.3,50.0,28.9,82,998.9,15.4,0.0
2026-07-01 08:00:00,21.9,51.6,267.0,9.1,5.5,52.0,29.8,77,999.1,17.0,0.1
2026-07-01 09:00:00,22.2,52.2,255.0,8.1,5.5,58.0,30.6,71,999.4,18.2,0.1
2026-07-01 10:00:00,21.6,51.1,218.0,6.3,5.3,66.0,31.2,69,999.3,18.8,0.1
2026-07-01 11:00:00,21.1,48.2,192.0,4.9,5.2,71.0,31.1,69,999.4,18.0,0.1
2026-07-01 12:00:00,20.1,45.8,189.0,4.4,5.1,72.0,31.3,68,999.2,18.0,0.0
2026-07-01 13:00:00,24.2,59.6,196.0,4.3,5.0,71.0,31.8,67,998.6,18.2,0.1
2026-07-01 14:00:00,21.4,48.3,207.0,4.6,4.9,69.0,31.3,69,998.0,18.0,0.3
2026-07-01 15:00:00,21.2,47.4,224.0,5.3,4.9,65.0,31.3,70,997.7,18.0,0.1
2026-07-01 16:00:00,22.0,49.1,246.0,6.3,4.8,60.0,31.2,70,997.2,17.4,0.1
2026-07-01 17:00:00,20.5,48.7,258.0,7.4,4.6,56.0,31.4,69,997.1,16.4,0.2
2026-07-01 18:00:00,21.1,49.5,253.0,9.4,4.9,51.0,30.4,74,997.1,16.4,0.2
2026-07-01 19:00:00,21.2,48.5,238.0,12.2,5.3,45.0,29.9,78,997.3,17.8,0.1
2026-07-01 20:00:00,19.6,44.1,224.0,14.2,5.6,40.0,29.6,80,997.9,17.2,0.2
2026-07-01 21:00:00,18.2,39.1,216.0,14.7,5.7,38.0,29.4,81,998.9,16.3,0.0
2026-07-01 22:00:00,18.3,38.6,210.0,14.4,5.7,37.0,29.2,83,999.8,14.8,0.0
2026-07-01 23:00:00,19.0,40.7,199.0,13.5,5.6,37.0,29.6,80,999.5,14.0,0.0
2026-07-02 00:00:00,19.5,42.4,180.0,11.7,5.3,38.0,29.3,81,999.5,13.3,0.0
2026-07-02 01:00:00,20.0,44.5,157.0,9.4,4.9,40.0,29.2,81,999.4,13.4,0.0
2026-07-02 02:00:00,20.2,45.2,140.0,7.6,4.7,41.0,28.8,84,999.0,13.2,0.1
2026-07-02 03:00:00,20.2,45.8,127.0,6.8,4.7,41.0,28.7,85,998.8,12.7,0.1
2026-07-02 04:00:00,19.9,45.2,120.0,6.7,4.9,40.0,28.6,86,998.5,12.6,0.0
2026-07-02 05:00:00,19.2,44.4,131.0,7.3,5.3,41.0,28.6,87,998.4,12.1,0.0
2026-07-02 06:00:00,19.0,43.4,181.0,8.5,5.9,41.0,28.5,87,998.8,11.6,0.0
2026-07-02 07:00:00,20.8,51.2,250.0,10.2,6.6,41.0,29.0,84,999.3,11.8,0.0
2026-07-02 08:00:00,22.7,59.4,292.0,10.9,7.1,43.0,29.9,78,999.6,12.3,0.0
2026-07-02 09:00:00,22.8,58.9,278.0,9.8,7.0,50.0,30.7,74,999.9,13.7,0.2
2026-07-02 10:00:00,23.2,61.2,236.0,7.8,6.6,59.0,31.2,72,1000.4,14.0,0.1
2026-07-02 11:00:00,24.4,64.7,204.0,6.2,6.3,66.0,32.0,68,1000.3,15.1,0.2
2026-07-02 12:00:00,24.3,65.9,195.0,5.3,6.1,68.0,32.1,67,1000.1,15.7,0.1
2026-07-02 13:00:00,24.4,66.4,195.0,4.8,5.9,68.0,32.3,67,999.8,15.4,0.1
2026-07-02 14:00:00,25.0,66.6,201.0,4.8,5.7,67.0,32.4,66,999.4,15.9,0.0
2026-07-02 15:00:00,24.7,65.4,215.0,5.4,5.6,65.0,32.2,67,998.9,16.1,0.0
2026-07-02 16:00:00,23.8,61.7,234.0,6.6,5.5,61.0,31.8,68,998.3,16.5,0.1
2026-07-02 17:00:00,28.3,75.9,246.0,7.7,5.4,57.0,31.3,70,998.5,15.9,0.1
2026-07-02 18:00:00,27.2,74.5,244.0,9.5,5.7,53.0,30.6,73,999.0,13.8,0.0
2026-07-02 19:00:00,27.6,74.0,234.0,12.2,6.2,48.0,30.1,75,999.8,12.9,0.1
2026-07-02 20:00:00,27.1,69.4,226.0,14.7,6.7,43.0,29.6,79,1000.0,13.6,0.1
2026-07-02 21:00:00,24.9,61.9,225.0,17.5,7.4,39.0,29.4,81,1000.9,12.5,0.0
2026-07-02 22:00:00,25.0,60.5,225.0,20.2,8.1,35.0,29.3,81,1001.7,12.0,0.0
2026-07-02 23:00:00,24.3,56.0,216.0,20.9,8.3,33.0,29.2,82,1001.9,14.0,0.0
2026-07-03 00:00:00,22.8,52.7,190.0,17.9,7.5,35.0,28.9,82,1001.3,12.6,0.0
2026-07-03 01:00:00,20.8,48.2,155.0,13.0,6.2,40.0,28.8,83,1000.9,12.9,0.0
2026-07-03 02:00:00,19.9,46.6,130.0,9.1,5.3,44.0,28.7,84,1000.6,13.4,0.0
2026-07-03 03:00:00,19.5,45.9,119.0,7.5,5.1,45.0,28.6,84,1000.3,13.1,0.0
2026-07-03 04:00:00,19.2,45.4,117.0,7.0,5.3,45.0,28.5,84,1000.3,12.7,0.0
2026-07-03 05:00:00,21.0,51.1,132.0,8.0,6.0,46.0,28.8,86,1000.2,12.0,0.0
2026-07-03 06:00:00,20.6,49.9,180.0,8.5,6.2,47.0,28.7,86,1000.6,10.7,0.0
2026-07-03 07:00:00,21.6,56.7,245.0,9.2,6.5,50.0,29.2,82,1001.5,11.0,0.0
2026-07-03 08:00:00,22.4,61.2,282.0,9.3,6.6,53.0,30.3,76,1001.7,12.5,0.0
2026-07-03 09:00:00,24.1,65.7,262.0,8.3,6.5,58.0,31.3,71,1001.8,14.7,0.0
2026-07-03 10:00:00,25.1,71.7,215.0,6.8,6.3,65.0,32.2,66,1002.1,15.6,0.0
2026-07-03 11:00:00,26.1,76.1,181.0,5.6,6.1,70.0,32.9,60,1002.3,15.5,0.0
2026-07-03 12:00:00,26.1,73.6,178.0,5.0,5.9,72.0,32.6,62,1001.9,15.2,0.0
2026-07-03 13:00:00,26.6,76.6,188.0,4.8,5.6,73.0,32.8,62,1001.3,15.7,0.0
2026-07-03 14:00:00,24.6,67.8,200.0,4.8,5.4,72.0,32.8,61,1000.8,15.8,0.0
2026-07-03 15:00:00,23.6,65.2,215.0,5.1,5.3,69.0,32.5,64,1000.3,15.8,0.0
2026-07-03 16:00:00,22.4,60.5,233.0,5.7,5.2,65.0,32.2,65,999.8,15.3,0.0
2026-07-03 17:00:00,28.1,78.2,242.0,7.0,5.7,65.0,31.7,66,999.4,14.7,0.0
2026-07-03 18:00:00,27.2,74.3,235.0,8.8,5.8,58.0,30.7,71,999.4,15.7,0.0
2026-07-03 19:00:00,26.1,67.8,219.0,11.2,5.9,49.0,30.1,74,999.9,14.5,0.0
2026-07-03 20:00:00,26.0,64.0,203.0,12.7,5.9,42.0,29.9,75,1000.2,15.8,0.0
2026-07-03 21:00:00,25.2,61.0,191.0,12.4,5.8,41.0,29.7,78,1001.0,15.2,0.0
2026-07-03 22:00:00,22.3,54.0,178.0,11.2,5.6,43.0,29.5,79,1001.6,17.0,0.1
2026-07-03 23:00:00,23.5,57.7,165.0,9.9,5.4,45.0,29.4,78,1001.6,17.2,0.0
2026-07-04 00:00:00,22.6,53.7,148.0,8.7,5.1,47.0,29.2,80,1001.6,15.5,0.0
2026-07-04 01:00:00,22.6,52.9,131.0,7.4,4.9,49.0,29.0,81,1001.2,15.7,0.0
2026-07-04 02:00:00,21.1,47.1,119.0,6.4,4.7,51.0,28.9,82,1000.2,13.5,0.0
2026-07-04 03:00:00,20.5,46.0,112.0,5.8,4.7,52.0,28.7,82,999.7,14.6,0.0
2026-07-04 04:00:00,20.7,48.0,109.0,5.5,4.9,52.0,28.6,83,999.4,14.6,0.0
2026-07-04 05:00:00,21.4,51.9,121.0,5.4,5.0,53.0,29.0,80,999.2,13.5,0.0
2026-07-04 06:00:00,22.6,55.2,161.0,6.5,5.2,53.0,29.0,81,999.8,14.9,0.0
2026-07-04 07:00:00,25.4,68.9,214.0,8.0,5.4,54.0,29.4,79,1000.4,15.3,0.0
2026-07-04 08:00:00,31.2,88.0,246.0,8.7,5.6,56.0,30.2,75,1000.6,16.2,0.0
2026-07-04 09:00:00,34.3,100.4,236.0,7.8,5.6,61.0,30.9,71,1000.4,17.2,0.0
2026-07-04 10:00:00,35.9,108.3,206.0,6.1,5.5,68.0,32.1,65,999.9,16.2,0.0
2026-07-04 11:00:00,37.0,116.9,183.0,4.7,5.3,74.0,32.0,66,1000.4,16.8,0.0
2026-07-04 12:00:00,37.5,119.2,178.0,3.9,5.1,78.0,32.0,66,999.8,16.7,0.0
2026-07-04 13:00:00,38.4,121.5,182.0,3.3,4.8,81.0,32.0,66,999.2,17.0,0.1
2026-07-04 14:00:00,34.8,108.5,190.0,3.3,4.7,82.0,32.1,67,998.3,17.5,0.0
2026-07-04 15:00:00,33.8,104.5,207.0,4.0,4.8,79.0,32.3,67,997.8,17.6,0.0
2026-07-04 16:00:00,33.6,105.2,230.0,5.2,5.1,73.0,31.9,69,997.2,16.8,0.0
2026-07-04 17:00:00,41.4,143.4,242.0,6.4,5.0,68.0,31.4,72,996.8,15.7,0.0
2026-07-04 18:00:00,39.8,132.7,236.0,8.8,5.3,61.0,30.7,75,996.8,14.7,0.0
2026-07-04 19:00:00,38.2,121.1,219.0,12.1,5.7,52.0,29.8,79,997.2,14.7,0.0
2026-07-04 20:00:00,36.8,106.9,203.0,14.3,5.9,46.0,29.5,81,997.9,13.5,0.0
2026-07-04 21:00:00,33.6,99.7,191.0,14.3,5.9,45.0,29.2,82,998.6,15.9,0.0
2026-07-04 22:00:00,35.4,104.1,180.0,13.2,5.8,46.0,29.2,83,998.9,15.4,0.1
2026-07-04 23:00:00,37.0,107.8,167.0,11.8,5.6,48.0,29.3,82,998.8,13.8,0.0
2026-07-05 00:00:00,34.6,96.4,148.0,10.3,5.3,49.0,29.0,84,998.7,13.4,0.0
2026-07-05 01:00:00,31.4,86.1,128.0,8.5,4.9,50.0,28.7,86,998.2,13.3,0.0
2026-07-05 02:00:00,29.8,82.0,113.0,7.1,4.6,51.0,28.6,86,998.0,12.6,0.0
2026-07-05 03:00:00,28.6,78.7,107.0,6.2,4.5,52.0,28.6,85,997.9,12.1,0.0
2026-07-05 04:00:00,27.8,77.1,107.0,5.6,4.5,52.0,28.6,84,997.7,12.8,0.0
2026-07-05 05:00:00,30.3,84.5,115.0,4.8,4.3,56.0,28.4,87,997.2,11.9,0.0
2026-07-05 06:00:00,30.6,87.1,140.0,5.4,4.7,56.0,28.5,86,997.8,12.5,0.0
2026-07-05 07:00:00,32.4,99.0,174.0,6.1,5.2,57.0,28.9,83,997.9,13.7,0.0
2026-07-05 08:00:00,36.7,114.1,194.0,6.3,5.6,60.0,29.9,77,997.9,15.5,0.0
2026-07-05 09:00:00,39.3,122.5,186.0,5.5,5.8,69.0,31.1,69,998.0,18.5,0.0
2026-07-05 10:00:00,39.7,122.0,165.0,4.3,6.0,80.0,32.1,64,997.7,15.9,0.0
2026-07-05 11:00:00,39.0,119.0,150.0,3.3,6.0,89.0,32.5,61,998.4,14.9,0.0
2026-07-05 12:00:00,37.8,114.3,149.0,2.8,5.9,93.0,32.9,60,998.2,14.7,0.0
2026-07-05 13:00:00,37.0,111.5,154.0,2.6,5.7,95.0,33.2,59,997.4,15.8,0.0
2026-07-05 14:00:00,36.7,110.4,161.0,2.7,5.5,93.0,33.2,60,996.7,16.1,0.0
2026-07-05 15:00:00,36.8,109.7,172.0,3.0,5.4,87.0,32.8,63,996.5,16.4,0.0
2026-07-05 16:00:00,36.3,105.9,186.0,3.6,5.3,78.0,32.0,67,995.8,16.8,0.0
2026-07-05 17:00:00,46.8,134.1,192.0,4.4,5.2,71.0,31.9,68,995.7,15.4,0.0
2026-07-05 18:00:00,46.4,131.3,185.0,5.6,5.3,65.0,31.0,72,996.1,15.7,0.0
2026-07-05 19:00:00,44.4,120.1,172.0,7.3,5.5,57.0,30.6,74,996.6,16.0,0.0
2026-07-05 20:00:00,42.7,110.6,160.0,8.8,5.7,50.0,30.2,76,997.4,16.0,0.1
2026-07-05 21:00:00,41.3,102.4,154.0,9.9,5.9,47.0,29.8,80,997.9,12.9,0.0
2026-07-05 22:00:00,35.9,88.7,149.0,10.7,6.2,46.0,29.6,82,998.5,11.5,0.0
2026-07-05 23:00:00,34.0,83.6,143.0,11.0,6.3,46.0,29.8,80,998.3,11.0,0.0
2026-07-06 00:00:00,33.3,82.4,133.0,10.4,6.1,46.0,29.4,83,997.9,10.6,0.0
2026-07-06 01:00:00,32.4,78.9,121.0,9.3,5.7,46.0,29.0,86,997.3,9.2,0.0
2026-07-06 02:00:00,31.8,77.8,114.0,8.3,5.5,46.0,29.0,87,997.0,9.0,0.0
2026-07-06 03:00:00,32.2,78.2,108.0,7.7,5.5,46.0,28.7,89,996.8,10.0,0.0
2026-07-06 04:00:00,40.7,103.6,105.0,7.3,5.7,46.0,28.6,90,996.8,9.6,0.0
2026-07-06 05:00:00,28.9,64.5,121.0,7.2,5.6,48.0,28.7,89,996.5,11.2,0.0
2026-07-06 06:00:00,29.9,70.3,175.0,8.2,6.2,49.0,28.8,88,997.0,11.0,0.0
2026-07-06 07:00:00,34.2,93.8,247.0,9.5,7.1,51.0,29.2,86,997.7,10.3,0.0
2026-07-06 08:00:00,38.5,111.5,292.0,10.0,7.7,56.0,30.3,80,998.0,10.5,0.0
2026-07-06 09:00:00,43.1,126.7,281.0,8.7,8.0,68.0,31.6,72,998.1,12.0,0.0
2026-07-06 10:00:00,45.9,134.1,242.0,6.6,8.1,84.0,32.6,67,997.9,12.6,0.0
2026-07-06 11:00:00,47.7,133.6,213.0,4.9,8.0,97.0,33.1,62,998.2,11.4,0.0
2026-07-06 12:00:00,46.9,125.7,210.0,4.1,7.6,104.0,33.3,63,997.6,12.1,0.0
2026-07-06 13:00:00,45.1,117.3,218.0,3.7,7.1,107.0,33.3,64,996.8,13.1,0.0
2026-07-06 14:00:00,42.0,106.9,228.0,3.8,6.7,106.0,33.2,66,996.2,14.4,0.0
2026-07-06 15:00:00,38.4,95.9,240.0,4.5,6.6,99.0,32.6,69,995.7,14.2,0.0
2026-07-06 16:00:00,35.0,85.7,254.0,5.6,6.6,89.0,32.1,70,995.5,13.0,0.0
2026-07-06 17:00:00,42.6,110.8,262.0,8.0,7.5,91.0,31.8,72,995.1,13.3,0.0
2026-07-06 18:00:00,39.0,97.6,259.0,10.9,7.5,78.0,30.9,76,995.4,13.4,0.0
2026-07-06 19:00:00,35.0,83.8,249.0,15.0,7.6,60.0,30.0,81,995.5,13.9,0.0
2026-07-06 20:00:00,30.4,69.6,239.0,18.6,7.8,46.0,29.8,81,995.9,12.8,0.0
2026-07-06 21:00:00,27.2,60.1,230.0,21.4,8.3,39.0,29.9,80,997.2,9.6,0.0
2026-07-06 22:00:00,26.8,57.5,221.0,23.8,8.9,36.0,29.8,81,997.7,7.5,0.0
2026-07-06 23:00:00,26.7,54.2,210.0,24.6,9.2,35.0,29.7,81,997.6,7.8,0.0
2026-07-07 00:00:00,27.3,54.4,195.0,23.0,8.9,36.0,29.3,83,997.4,6.2,0.0
2026-07-07 01:00:00,26.1,50.3,178.0,19.8,8.3,39.0,29.1,85,997.1,5.7,0.0
2026-07-07 02:00:00,24.7,47.0,165.0,17.0,7.8,42.0,28.8,87,996.9,2.9,0.0
2026-07-07 03:00:00,23.5,43.4,152.0,15.1,7.7,44.0,28.5,88,996.3,5.6,0.0
2026-07-07 04:00:00,22.8,41.7,143.0,13.6,7.7,46.0,28.4,89,995.8,7.3,0.0
2026-07-07 05:00:00,24.4,48.3,155.0,14.0,8.2,45.0,28.7,91,997.3,9.7,0.0
2026-07-07 06:00:00,25.0,49.5,211.0,13.5,8.2,51.0,28.6,92,997.5,8.4,0.0
2026-07-07 07:00:00,27.9,60.3,288.0,12.7,8.1,59.0,29.4,87,997.8,9.6,0.0
2026-07-07 08:00:00,28.1,63.3,336.0,11.6,8.1,69.0,30.2,83,997.6,11.2,0.0
2026-07-07 09:00:00,29.2,67.1,325.0,9.8,8.3,83.0,31.1,77,997.7,10.1,0.0
2026-07-07 10:00:00,31.1,69.8,285.0,7.5,8.5,100.0,32.2,71,997.5,10.4,0.0
2026-07-07 11:00:00,31.3,68.5,254.0,5.8,8.6,112.0,32.8,67,997.5,11.4,0.0
2026-07-07 12:00:00,31.2,67.5,247.0,4.9,8.4,118.0,33.5,65,996.8,10.3,0.0
2026-07-07 13:00:00,30.4,65.9,250.0,4.4,8.1,120.0,33.7,66,996.3,11.3,0.0
2026-07-07 14:00:00,29.9,65.0,259.0,4.5,7.8,118.0,32.9,70,995.9,14.5,0.0
2026-07-07 15:00:00,29.6,65.2,278.0,5.2,7.5,110.0,32.5,69,995.5,13.6,0.0
2026-07-07 16:00:00,29.3,64.5,303.0,6.5,7.1,97.0,32.2,70,995.0,11.8,0.0
2026-07-07 17:00:00,29.3,61.9,319.0,7.8,7.6,94.0,32.2,70,995.5,9.6,0.0
2026-07-07 18:00:00,29.4,65.2,318.0,9.5,7.5,83.0,31.1,77,995.1,12.1,0.0
2026-07-07 19:00:00,28.1,63.6,308.0,11.8,7.3,68.0,30.3,83,995.2,16.5,0.0
2026-07-07 20:00:00,25.2,58.6,292.0,13.4,7.1,57.0,30.1,83,996.5,13.9,0.0
2026-07-07 21:00:00,25.4,59.6,270.0,13.8,7.0,53.0,30.0,84,996.9,11.6,0.0
2026-07-07 22:00:00,24.2,51.1,242.0,13.5,6.9,52.0,29.7,85,997.6,9.8,0.0
2026-07-07 23:00:00,24.1,49.5,214.0,12.7,6.7,52.0,29.7,84,997.6,11.4,0.0
2026-07-08 00:00:00,23.7,46.9,185.0,11.4,6.3,52.0,29.4,86,997.1,11.4,0.0
2026-07-08 01:00:00,23.6,46.9,156.0,9.6,5.8,53.0,29.3,85,996.7,10.9,0.0
2026-07-08 02:00:00,23.1,45.3,137.0,8.1,5.4,54.0,29.2,87,996.6,9.2,0.0
2026-07-08 03:00:00,23.0,46.4,128.0,7.1,5.2,54.0,29.1,87,996.2,10.4,0.0
2026-07-08 04:00:00,22.9,47.5,128.0,6.3,5.1,54.0,28.9,89,995.8,10.5,0.0
2026-07-08 05:00:00,23.2,49.0,146.0,6.7,5.5,54.0,28.7,90,995.7,11.0,0.0
2026-07-08 06:00:00,23.7,52.0,198.0,8.7,6.0,53.0,28.5,89,995.7,10.6,0.0
2026-07-08 07:00:00,25.7,60.3,268.0,11.3,6.8,52.0,29.0,85,996.4,11.1,0.0
2026-07-08 08:00:00,28.4,74.0,310.0,12.6,7.3,55.0,30.0,78,996.9,11.9,0.0
2026-07-08 09:00:00,32.5,87.1,299.0,11.1,7.4,67.0,31.3,71,997.2,10.8,0.0
2026-07-08 10:00:00,34.1,91.7,260.0,8.3,7.3,85.0,32.0,68,997.4,11.8,0.0
2026-07-08 11:00:00,35.0,94.5,229.0,5.9,7.0,97.0,32.0,68,997.3,15.5,0.0
2026-07-08 12:00:00,34.9,93.4,217.0,4.7,6.5,101.0,32.1,68,997.3,16.6,0.0
2026-07-08 13:00:00,33.9,88.2,213.0,4.0,6.0,101.0,32.0,69,996.8,17.1,0.0
2026-07-08 14:00:00,32.8,82.2,217.0,3.9,5.5,98.0,32.1,69,996.3,18.0,0.0
2026-07-08 15:00:00,31.7,76.6,234.0,4.5,5.3,92.0,32.1,70,995.9,18.0,0.0
2026-07-08 16:00:00,30.6,72.6,259.0,5.7,5.1,82.0,31.7,72,995.2,18.4,0.0
2026-07-08 17:00:00,37.5,89.9,272.0,7.5,5.2,72.0,31.2,74,995.4,19.4,0.0
2026-07-08 18:00:00,35.5,81.0,263.0,9.0,5.3,66.0,30.3,77,995.5,19.3,0.0
2026-07-08 19:00:00,30.9,67.5,242.0,11.1,5.4,58.0,29.6,80,995.8,18.2,0.0
2026-07-08 20:00:00,27.6,59.0,224.0,12.7,5.5,52.0,29.4,80,996.4,17.2,0.0
2026-07-08 21:00:00,26.5,53.1,214.0,13.4,5.7,49.0,29.1,82,997.3,15.6,0.0
2026-07-08 22:00:00,25.6,51.9,207.0,13.5,5.9,48.0,29.0,82,998.2,15.0,0.0
2026-07-08 23:00:00,25.3,52.7,196.0,13.0,6.0,47.0,29.3,81,998.0,14.5,0.0
2026-07-09 00:00:00,24.8,53.1,177.0,11.6,5.7,47.0,28.9,83,997.7,15.1,0.1
2026-07-09 01:00:00,23.7,52.3,155.0,9.5,5.3,48.0,28.9,83,997.7,15.6,0.1
2026-07-09 02:00:00,22.6,51.7,138.0,7.7,4.9,48.0,28.5,88,997.2,13.9,0.0
2026-07-09 03:00:00,21.5,50.6,126.0,6.4,4.7,48.0,28.4,88,997.3,13.5,0.0
2026-07-09 04:00:00,20.0,47.8,119.0,5.3,4.5,48.0,28.2,88,997.3,14.6,0.0
2026-07-09 05:00:00,20.2,48.3,128.0,5.4,4.5,50.0,28.5,87,997.6,15.2,0.0
2026-07-09 06:00:00,19.4,46.2,169.0,6.5,4.7,49.0,28.4,87,998.0,15.4,0.0
2026-07-09 07:00:00,22.1,55.8,227.0,7.8,5.1,49.0,28.9,84,998.5,17.3,0.0
2026-07-09 08:00:00,24.1,61.7,261.0,8.4,5.3,51.0,29.7,78,998.9,18.2,0.1
2026-07-09 09:00:00,26.3,66.6,249.0,7.3,5.4,58.0,30.4,74,999.3,19.2,0.1
2026-07-09 10:00:00,26.3,66.6,213.0,5.4,5.4,67.0,31.0,71,999.4,19.5,0.0
2026-07-09 11:00:00,26.0,65.4,186.0,3.9,5.3,74.0,31.7,66,999.9,19.9,0.0
2026-07-09 12:00:00,25.5,64.3,179.0,3.3,5.2,77.0,31.8,64,999.8,19.9,0.0
2026-07-09 13:00:00,26.6,67.8,181.0,3.0,5.1,78.0,32.0,64,999.6,19.7,0.0
2026-07-09 14:00:00,26.7,67.3,187.0,3.2,5.0,77.0,31.8,64,999.4,20.2,0.0
2026-07-09 15:00:00,25.3,61.5,198.0,3.8,4.9,73.0,31.5,67,999.3,21.4,0.0
2026-07-09 16:00:00,24.7,57.0,214.0,4.7,4.9,68.0,31.0,68,999.0,20.7,0.0
2026-07-09 17:00:00,29.0,67.8,224.0,6.2,5.2,63.0,30.8,67,999.0,19.9,0.0
2026-07-09 18:00:00,29.2,65.2,225.0,7.9,5.3,58.0,29.9,72,999.3,19.1,0.0
2026-07-09 19:00:00,28.9,62.9,220.0,10.2,5.3,51.0,29.4,74,999.8,18.1,0.0
2026-07-09 20:00:00,26.1,55.6,212.0,11.7,5.4,46.0,29.3,73,1000.4,17.6,0.0
2026-07-09 21:00:00,23.8,49.9,203.0,11.8,5.4,44.0,29.1,76,1000.8,19.6,0.0
2026-07-09 22:00:00,23.3,49.5,191.0,11.0,5.4,44.0,28.9,77,1001.7,17.7,0.0
2026-07-09 23:00:00,22.4,48.2,176.0,9.9,5.3,44.0,29.2,78,1001.5,17.2,0.1
2026-07-10 00:00:00,21.1,46.1,156.0,8.2,4.9,44.0,28.7,82,1001.5,18.3,0.0
2026-07-10 01:00:00,19.6,42.4,134.0,6.2,4.4,45.0,28.4,84,1001.3,17.3,0.0
2026-07-10 02:00:00,18.3,39.1,118.0,4.7,4.0,45.0,28.3,83,1000.8,16.9,0.0
2026-07-10 03:00:00,17.1,36.1,109.0,4.1,3.9,45.0,28.3,83,1000.8,18.4,0.0
2026-07-10 04:00:00,16.2,34.0,106.0,4.0,4.0,44.0,28.1,84,1000.6,19.2,0.0
2026-07-10 05:00:00,15.7,31.9,117.0,4.2,3.9,45.0,28.5,83,1000.9,19.1,0.0
2026-07-10 06:00:00,15.4,31.7,156.0,5.4,4.1,45.0,28.3,83,1001.1,18.6,0.0
2026-07-10 07:00:00,16.5,34.8,209.0,6.9,4.5,44.0,28.6,81,1001.5,20.8,0.1
2026-07-10 08:00:00,21.0,45.6,241.0,7.6,4.7,46.0,29.4,76,1002.3,21.8,0.1
2026-07-10 09:00:00,23.4,53.9,232.0,6.7,4.8,51.0,30.0,73,1002.5,22.4,0.1
2026-07-10 10:00:00,23.4,55.1,202.0,5.0,4.8,58.0,30.4,71,1002.7,22.1,0.1
2026-07-10 11:00:00,24.0,57.4,179.0,3.7,4.7,64.0,30.9,68,1002.9,22.2,0.1
2026-07-10 12:00:00,24.9,60.8,172.0,3.1,4.6,68.0,30.9,67,1002.7,22.8,0.0
2026-07-10 13:00:00,25.1,60.5,171.0,2.8,4.5,70.0,31.0,69,1002.4,23.5,0.1
2026-07-10 14:00:00,24.9,60.3,175.0,2.9,4.4,70.0,30.5,71,1001.8,23.3,0.0
2026-07-10 15:00:00,25.1,60.1,187.0,3.5,4.3,67.0,31.0,68,1001.3,23.7,0.1
2026-07-10 16:00:00,25.1,59.0,204.0,4.4,4.3,63.0,30.2,74,1001.1,23.7,0.0
2026-07-10 17:00:00,33.1,80.1,215.0,5.3,4.2,61.0,30.6,70,1000.8,23.6,0.0
2026-07-10 18:00:00,32.9,76.8,213.0,6.2,4.3,58.0,29.9,74,1000.7,24.0,0.0
2026-07-10 19:00:00,32.6,74.3,204.0,7.5,4.3,54.0,29.3,77,1001.0,23.2,0.1
2026-07-10 20:00:00,31.2,68.9,195.0,8.4,4.4,51.0,29.0,80,1001.3,21.5,0.0
2026-07-10 21:00:00,29.6,63.6,191.0,8.9,4.5,49.0,28.6,83,1001.7,20.7,0.0
2026-07-10 22:00:00,23.6,52.3,187.0,9.0,4.6,47.0,28.4,84,1002.3,20.1,0.0
2026-07-10 23:00:00,20.0,44.8,178.0,8.6,4.5,46.0,28.5,84,1001.7,19.0,0.0
2026-07-11 00:00:00,18.2,41.2,158.0,7.3,4.2,47.0,28.3,85,1001.5,18.3,0.0
2026-07-11 01:00:00,16.8,38.5,132.0,5.5,3.7,48.0,28.1,85,1000.8,19.4,0.0
2026-07-11 02:00:00,15.7,35.6,113.0,4.1,3.4,49.0,28.1,86,1000.3,21.7,0.0
2026-07-11 03:00:00,14.8,33.4,102.0,3.5,3.3,49.0,28.1,86,1000.1,21.9,0.0
2026-07-11 04:00:00,14.3,32.0,99.0,3.3,3.3,48.0,28.1,86,1000.0,21.6,0.0
2026-07-11 05:00:00,14.4,30.4,109.0,3.4,3.3,50.0,27.9,87,1000.0,23.1,0.0
2026-07-11 06:00:00,14.8,31.9,148.0,4.5,3.5,49.0,27.9,87,1000.2,21.5,0.0
2026-07-11 07:00:00,16.5,37.0,202.0,6.1,3.7,47.0,28.3,84,1000.4,22.4,0.1
2026-07-11 08:00:00,21.2,47.8,234.0,6.8,3.9,48.0,29.1,79,1000.7,24.0,0.1
2026-07-11 09:00:00,24.3,54.9,224.0,6.0,4.0,53.0,30.1,73,1000.8,23.9,0.1
2026-07-11 10:00:00,25.3,59.6,193.0,4.5,4.1,60.0,30.6,70,1000.8,25.0,0.1
2026-07-11 11:00:00,26.0,63.6,169.0,3.3,4.2,66.0,30.7,70,1000.7,24.9,0.1
2026-07-11 12:00:00,26.5,66.4,164.0,2.8,4.2,70.0,31.0,69,1000.1,24.4,0.0
2026-07-11 13:00:00,26.7,68.0,166.0,2.7,4.1,72.0,31.1,68,999.5,23.2,0.0
2026-07-11 14:00:00,26.3,67.5,173.0,2.9,4.1,72.0,30.8,70,999.0,23.3,0.1
2026-07-11 15:00:00,25.8,66.4,187.0,3.6,4.1,69.0,30.6,72,998.6,24.1,0.1
2026-07-11 16:00:00,25.1,62.9,206.0,4.7,4.0,64.0,30.4,73,998.1,24.0,0.1
2026-07-11 17:00:00,27.6,74.5,220.0,5.5,3.8,59.0,30.2,73,997.8,24.1,0.1
2026-07-11 18:00:00,26.1,64.3,226.0,6.9,3.9,56.0,29.7,76,997.9,22.4,0.0
2026-07-11 19:00:00,25.7,58.8,228.0,8.8,4.1,52.0,28.9,82,997.7,19.5,0.0
2026-07-11 20:00:00,19.7,43.5,228.0,10.1,4.3,49.0,28.5,85,998.0,17.2,0.0
2026-07-11 21:00:00,18.2,40.0,228.0,10.1,4.4,48.0,28.5,85,998.8,16.1,0.0
2026-07-11 22:00:00,17.9,41.1,225.0,9.5,4.5,48.0,28.4,85,999.3,14.2,0.0
2026-07-11 23:00:00,17.2,38.4,214.0,8.6,4.4,49.0,28.8,83,998.7,15.9,0.0
2026-07-12 00:00:00,17.5,39.6,186.0,7.3,4.1,50.0,28.5,85,998.2,16.7,0.0
2026-07-12 01:00:00,17.6,41.8,149.0,5.7,3.6,51.0,28.4,85,997.6,17.4,0.0
2026-07-12 02:00:00,17.3,41.9,122.0,4.5,3.3,52.0,28.3,85,996.9,17.2,0.0
2026-07-12 03:00:00,17.1,41.7,109.0,3.9,3.2,52.0,28.1,86,996.4,16.4,0.0
2026-07-12 04:00:00,17.2,42.7,106.0,3.7,3.2,51.0,28.1,85,995.8,16.3,0.0
2026-07-12 05:00:00,18.3,45.6,114.0,3.8,3.2,52.0,28.4,85,995.1,18.8,0.0
2026-07-12 06:00:00,18.6,47.3,143.0,4.8,3.6,51.0,28.4,85,995.4,18.3,0.0
2026-07-12 07:00:00,19.0,48.3,183.0,6.1,4.1,50.0,28.9,83,995.6,15.9,0.0
2026-07-12 08:00:00,23.1,61.5,206.0,6.6,4.5,51.0,29.9,78,995.7,19.0,0.0
2026-07-12 09:00:00,26.0,72.4,196.0,5.6,4.6,57.0,30.8,74,995.8,19.7,0.0
2026-07-12 10:00:00,26.9,76.1,170.0,3.8,4.5,65.0,31.6,71,995.4,19.7,0.0
2026-07-12 11:00:00,26.9,75.2,151.0,2.5,4.4,71.0,31.5,71,995.6,22.6,0.0
2026-07-12 12:00:00,26.8,74.3,147.0,2.1,4.4,75.0,32.2,67,995.2,20.3,0.0
2026-07-12 13:00:00,27.2,74.3,150.0,2.2,4.3,77.0,32.8,66,994.8,20.1,0.0
2026-07-12 14:00:00,27.9,74.7,156.0,2.5,4.3,77.0,32.8,66,994.3,20.4,0.0
2026-07-12 15:00:00,29.0,76.8,167.0,3.0,4.2,76.0,32.6,65,993.8,21.1,0.0
2026-07-12 16:00:00,29.4,76.1,182.0,3.8,4.2,73.0,32.2,67,993.4,19.7,0.0
2026-07-12 17:00:00,30.6,82.4,194.0,4.9,4.3,69.0,31.3,71,993.9,17.8,0.0
2026-07-12 18:00:00,31.5,86.6,202.0,6.9,4.5,64.0,30.4,74,994.2,16.6,0.0
2026-07-12 19:00:00,33.5,93.6,207.0,9.6,4.8,56.0,29.7,77,994.8,13.8,0.0
2026-07-12 20:00:00,32.2,87.8,208.0,11.2,5.0,51.0,29.4,79,995.5,13.4,0.0
2026-07-12 21:00:00,31.0,91.7,203.0,10.8,4.9,49.0,29.1,80,996.2,15.7,0.0
2026-07-12 22:00:00,29.6,89.9,194.0,9.3,4.6,49.0,29.0,80,996.6,15.1,0.0
2026-07-12 23:00:00,26.3,79.4,181.0,7.7,4.3,50.0,29.4,78,996.9,15.8,0.0
2026-07-13 00:00:00,21.4,63.8,160.0,6.3,3.9,51.0,29.1,80,996.8,14.9,0.0
2026-07-13 01:00:00,16.7,47.6,135.0,4.8,3.4,52.0,29.0,80,996.9,14.2,0.0
2026-07-13 02:00:00,14.0,38.0,116.0,3.7,3.1,52.0,28.9,79,996.2,16.3,0.0
2026-07-13 03:00:00,13.2,34.0,103.0,3.1,3.0,52.0,28.8,79,995.9,16.7,0.0
2026-07-13 04:00:00,13.2,32.8,97.0,2.9,3.0,51.0,28.8,79,995.8,17.6,0.0
2026-07-13 05:00:00,19.4,50.8,109.0,3.2,2.9,52.0,28.8,80,996.3,15.5,0.0
2026-07-13 06:00:00,17.6,45.2,159.0,5.5,3.5,49.0,28.7,81,996.6,15.5,0.0
2026-07-13 07:00:00,19.7,49.4,228.0,8.5,4.4,46.0,29.1,79,997.3,14.2,0.0
2026-07-13 08:00:00,22.4,55.3,268.0,10.0,5.0,46.0,30.0,73,997.8,17.3,0.0
2026-07-13 09:00:00,23.6,62.2,252.0,8.6,5.1,52.0,30.7,70,998.2,18.7,0.0
2026-07-13 10:00:00,23.9,62.9,208.0,5.6,4.9,61.0,31.3,67,998.4,19.4,0.0
2026-07-13 11:00:00,24.0,64.3,174.0,3.4,4.7,68.0,31.9,66,999.1,19.5,0.0
2026-07-13 12:00:00,23.4,59.6,164.0,2.7,4.6,70.0,31.9,66,999.2,20.4,0.0
2026-07-13 13:00:00,22.9,54.9,165.0,2.6,4.4,69.0,31.7,67,999.1,22.4,0.0
2026-07-13 14:00:00,22.4,52.0,171.0,3.0,4.3,67.0,31.4,68,998.8,22.4,0.0
2026-07-13 15:00:00,21.8,49.5,186.0,3.8,4.2,63.0,31.1,69,998.5,22.7,0.0
2026-07-13 16:00:00,21.0,45.4,207.0,4.9,4.1,58.0,30.6,71,998.1,22.1,0.1
2026-07-13 17:00:00,32.0,77.1,221.0,6.2,4.0,52.0,30.2,73,998.2,21.6,0.1
2026-07-13 18:00:00,31.5,73.3,221.0,7.3,4.1,49.0,29.5,76,998.5,21.0,0.1
2026-07-13 19:00:00,30.7,68.5,214.0,8.7,4.3,45.0,28.9,78,999.2,21.8,0.3
2026-07-13 20:00:00,28.7,60.1,205.0,9.6,4.4,42.0,28.4,81,999.9,21.1,0.4
2026-07-13 21:00:00,22.2,46.8,195.0,9.5,4.5,41.0,28.3,81,1000.6,20.6,0.2
2026-07-13 22:00:00,20.1,43.9,184.0,8.7,4.5,41.0,28.0,83,1001.2,19.3,0.0
2026-07-13 23:00:00,19.8,45.2,170.0,7.9,4.5,41.0,28.3,84,1000.9,16.8,0.1
2026-07-14 00:00:00,19.4,44.2,151.0,7.0,4.3,41.0,28.0,86,1000.9,15.6,0.0
2026-07-14 01:00:00,19.2,46.2,130.0,5.9,4.1,42.0,27.9,87,1000.4,16.9,0.0
2026-07-14 02:00:00,19.0,46.8,115.0,5.1,3.9,42.0,27.7,88,1000.0,17.1,0.1
2026-07-14 03:00:00,18.2,44.1,106.0,4.6,3.8,42.0,27.7,87,999.5,18.1,0.0
2026-07-14 04:00:00,17.8,45.1,104.0,4.3,3.9,42.0,27.5,88,999.5,17.5,0.0
2026-07-14 05:00:00,17.9,44.8,118.0,4.7,4.0,43.0,27.8,88,999.6,16.7,0.0
2026-07-14 06:00:00,17.2,43.7,164.0,6.4,4.4,41.0,27.8,87,999.9,17.2,0.0
2026-07-14 07:00:00,18.4,48.1,226.0,8.7,4.9,39.0,28.1,84,1000.3,18.6,0.1
2026-07-14 08:00:00,20.7,54.7,264.0,9.8,5.3,40.0,28.7,81,1000.7,19.7,0.2
2026-07-14 09:00:00,22.2,59.6,254.0,8.6,5.4,46.0,29.4,77,1001.0,19.2,0.2
2026-07-14 10:00:00,23.2,65.0,221.0,6.3,5.4,56.0,29.6,77,1001.5,19.9,0.2
2026-07-14 11:00:00,26.1,78.9,195.0,4.6,5.3,62.0,30.3,72,1001.6,19.7,0.2
2026-07-14 12:00:00,30.6,98.7,187.0,4.2,5.2,63.0,30.7,71,1001.5,19.6,0.2
2026-07-14 13:00:00,22.9,64.5,187.0,4.5,5.1,61.0,30.8,71,1001.3,19.2,0.2
2026-07-14 14:00:00,22.2,61.9,194.0,5.0,5.0,59.0,30.5,73,1000.9,19.4,0.1
2026-07-14 15:00:00,21.9,60.8,213.0,5.5,4.9,56.0,30.2,73,1000.6,19.7,0.2
2026-07-14 16:00:00,21.5,57.4,238.0,6.3,4.8,53.0,29.7,74,1000.5,20.4,0.3
2026-07-14 17:00:00,24.4,65.9,255.0,8.2,5.0,48.0,30.0,72,1000.2,19.0,0.4
2026-07-14 18:00:00,25.8,68.2,256.0,10.4,5.3,44.0,29.1,77,1000.4,17.0,0.2
2026-07-14 19:00:00,23.8,55.8,247.0,13.3,5.8,39.0,28.7,79,1000.7,16.4,0.1
2026-07-14 20:00:00,20.8,48.2,236.0,15.1,6.1,36.0,28.3,84,1000.8,18.5,0.1
2026-07-14 21:00:00,19.0,39.9,223.0,14.9,6.1,35.0,28.1,84,1001.7,16.3,0.0
2026-07-14 22:00:00,18.6,41.1,208.0,13.5,6.0,36.0,28.2,81,1002.4,15.3,0.0
2026-07-14 23:00:00,18.7,43.0,190.0,11.9,5.8,37.0,28.4,80,1002.0,14.8,0.0
2026-07-15 00:00:00,18.2,42.4,167.0,10.0,5.4,38.0,28.2,80,1002.1,14.8,0.0
2026-07-15 01:00:00,17.4,41.3,142.0,7.8,4.9,40.0,27.9,81,1001.9,15.0,0.0
2026-07-15 02:00:00,16.7,39.9,125.0,6.2,4.5,41.0,27.6,85,1001.3,16.1,0.0
2026-07-15 03:00:00,16.2,38.2,116.0,5.4,4.4,41.0,27.6,86,1001.1,15.7,0.0
2026-07-15 04:00:00,15.9,37.1,115.0,5.1,4.5,41.0,27.4,87,1000.8,14.0,0.0
2026-07-15 05:00:00,15.2,32.6,129.0,5.9,4.8,40.0,28.0,84,1001.1,13.0,0.0
2026-07-15 06:00:00,15.7,34.0,176.0,7.6,5.3,39.0,28.0,81,1000.9,13.2,0.0
2026-07-15 07:00:00,17.3,38.9,238.0,9.8,6.0,38.0,28.3,79,1001.5,13.8,0.0
2026-07-15 08:00:00,18.2,43.9,276.0,10.8,6.5,39.0,29.0,74,1001.7,15.9,0.0
2026-07-15 09:00:00,21.1,51.6,264.0,9.6,6.5,46.0,29.7,71,1002.1,15.9,0.1
2026-07-15 10:00:00,21.8,54.0,227.0,7.2,6.2,55.0,30.4,68,1002.3,15.7,0.1
2026-07-15 11:00:00,23.0,57.4,199.0,5.3,5.9,62.0,30.9,66,1002.5,16.4,0.2
2026-07-15 12:00:00,28.9,79.6,192.0,4.5,5.8,65.0,30.7,68,1002.3,16.5,0.1
2026-07-15 13:00:00,23.9,58.4,195.0,4.3,5.7,66.0,30.9,68,1002.0,17.1,0.0
2026-07-15 14:00:00,23.9,56.9,203.0,4.5,5.6,65.0,31.0,67,1001.5,16.2,0.0
2026-07-15 15:00:00,24.2,57.3,221.0,5.3,5.5,61.0,30.7,67,1001.5,15.9,0.1
2026-07-15 16:00:00,25.1,59.8,245.0,6.7,5.5,55.0,30.2,69,1001.2,15.5,0.1
2026-07-15 17:00:00,32.6,83.8,261.0,7.0,5.5,54.0,30.5,68,1001.4,15.5,0.2
2026-07-15 18:00:00,31.4,78.5,263.0,9.0,5.8,50.0,29.7,72,1001.4,13.8,0.1
2026-07-15 19:00:00,31.3,77.3,257.0,11.7,6.3,43.0,29.1,76,1001.5,13.7,0.0
2026-07-15 20:00:00,28.4,67.8,248.0,14.1,6.7,38.0,28.6,79,1001.9,13.6,0.0
2026-07-15 21:00:00,27.1,62.2,239.0,16.1,7.2,35.0,28.2,82,1002.4,12.5,0.0
2026-07-15 22:00:00,25.2,56.0,226.0,17.7,7.6,32.0,28.0,83,1002.9,13.1,0.1
2026-07-15 23:00:00,24.0,51.3,210.0,18.1,7.8,31.0,28.1,83,1003.2,11.2,0.1
2026-07-16 00:00:00,22.8,48.3,185.0,16.4,7.4,32.0,27.9,84,1003.1,9.9,0.0
2026-07-16 01:00:00,21.5,45.9,156.0,13.6,6.6,34.0,27.7,85,1003.0,9.2,0.0
2026-07-16 02:00:00,20.3,43.4,136.0,11.4,6.2,35.0,27.5,85,1002.6,9.2,0.0
2026-07-16 03:00:00,19.4,41.7,125.0,10.8,6.3,34.0,27.2,87,1002.4,9.5,0.0
2026-07-16 04:00:00,18.7,39.8,122.0,10.8,6.7,32.0,27.3,87,1002.1,10.0,0.0
2026-07-16 05:00:00,17.9,35.6,139.0,9.7,6.7,34.0,27.5,89,1002.3,9.6,0.0
2026-07-16 06:00:00,17.5,36.0,195.0,10.1,7.0,35.0,27.3,90,1002.8,9.2,0.0
2026-07-16 07:00:00,18.6,42.4,270.0,10.7,7.4,37.0,27.3,90,1003.3,11.3,0.1
2026-07-16 08:00:00,18.0,44.0,314.0,10.5,7.6,41.0,28.6,82,1003.6,12.9,0.1
2026-07-16 09:00:00,18.3,47.4,296.0,9.0,7.3,48.0,29.6,75,1003.8,13.2,0.0
2026-07-16 10:00:00,19.2,52.5,247.0,6.7,6.8,58.0,30.2,71,1003.9,14.4,0.1
2026-07-16 11:00:00,20.7,59.3,210.0,5.0,6.4,65.0,31.1,66,1004.0,13.3,0.2
2026-07-16 12:00:00,21.6,61.7,200.0,4.3,6.3,69.0,31.2,66,1003.6,12.9,0.0
2026-07-16 13:00:00,21.7,61.2,202.0,4.1,6.4,71.0,31.6,65,1003.0,13.4,0.0
2026-07-16 14:00:00,21.8,61.5,210.0,4.2,6.4,71.0,31.1,67,1002.7,13.7,0.0
2026-07-16 15:00:00,21.8,60.8,227.0,4.6,6.3,68.0,31.0,68,1002.2,14.0,0.0
2026-07-16 16:00:00,20.4,56.3,250.0,5.4,6.2,64.0,30.6,69,1002.1,13.6,0.0
2026-07-16 17:00:00,28.3,85.9,264.0,7.1,6.4,56.0,30.2,70,1002.4,12.9,0.1
2026-07-16 18:00:00,25.8,74.5,262.0,9.0,6.5,51.0,29.6,72,1002.3,11.2,0.0
2026-07-16 19:00:00,23.7,63.3,251.0,11.6,6.7,43.0,29.2,74,1002.5,10.4,0.0
2026-07-16 20:00:00,22.5,57.5,239.0,13.9,7.0,37.0,28.7,77,1002.6,11.2,0.0
2026-07-16 21:00:00,22.0,55.2,228.0,15.7,7.5,33.0,28.5,79,1002.9,12.0,0.0
2026-07-16 22:00:00,21.9,51.8,217.0,17.1,8.1,31.0,28.3,80,1003.4,11.8,0.1
2026-07-16 23:00:00,19.6,43.8,202.0,17.5,8.3,30.0,28.4,81,1003.4,11.0,0.1
2026-07-17 00:00:00,18.5,40.3,182.0,16.1,7.8,31.0,28.0,82,1003.0,11.5,0.1
2026-07-17 01:00:00,17.1,36.2,158.0,13.6,6.9,33.0,27.7,84,1002.8,11.7,0.1
2026-07-17 02:00:00,16.6,36.1,141.0,11.3,6.2,35.0,27.8,83,1002.4,11.2,0.0
2026-07-17 03:00:00,15.6,32.9,128.0,9.6,5.9,36.0,27.4,85,1002.0,12.1,0.0
2026-07-17 04:00:00,15.0,32.1,121.0,8.2,5.8,37.0,27.3,86,1001.8,12.7,0.1
2026-07-17 05:00:00,14.5,31.8,132.0,8.3,6.1,37.0,27.7,86,1001.9,12.4,0.0
2026-07-17 06:00:00,14.8,32.7,181.0,8.9,6.4,38.0,27.5,87,1002.5,11.4,0.1
2026-07-17 07:00:00,16.6,39.1,248.0,9.6,6.8,39.0,27.9,85,1002.9,13.6,0.1
2026-07-17 08:00:00,16.7,40.4,287.0,9.7,7.0,42.0,28.7,79,1003.2,14.6,0.1
2026-07-17 09:00:00,19.5,46.9,270.0,8.7,6.7,47.0,29.7,73,1003.5,14.2,0.1
2026-07-17 10:00:00,21.0,51.5,225.0,7.1,6.2,53.0,30.5,69,1003.5,15.0,0.1
2026-07-17 11:00:00,21.4,53.2,192.0,5.7,5.8,59.0,31.2,64,1003.6,15.1,0.1
2026-07-17 12:00:00,22.6,56.2,186.0,4.6,5.6,64.0,31.0,65,1003.5,14.7,0.1
2026-07-17 13:00:00,22.5,53.7,191.0,3.7,5.4,69.0,31.0,66,1002.8,15.1,0.0
2026-07-17 14:00:00,23.5,56.6,201.0,3.3,5.3,71.0,30.6,69,1002.2,16.9,0.1
2026-07-17 15:00:00,23.0,53.3,217.0,3.7,5.2,67.0,30.4,72,1001.5,18.8,0.1
2026-07-17 16:00:00,23.1,52.7,237.0,4.7,5.1,60.0,30.3,71,1001.5,17.4,0.0
2026-07-17 17:00:00,23.9,57.9,249.0,6.2,5.0,53.0,30.3,68,1001.4,16.8,0.0
2026-07-17 18:00:00,23.2,53.9,244.0,8.2,5.2,49.0,29.5,71,1001.3,16.6,0.0
2026-07-17 19:00:00,22.8,51.5,231.0,10.8,5.6,44.0,28.9,74,1001.7,16.5,0.0
2026-07-17 20:00:00,22.0,47.6,218.0,12.7,5.8,40.0,28.7,75,1002.2,16.7,0.1
2026-07-17 21:00:00,19.1,41.1,209.0,13.1,5.9,39.0,28.5,77,1002.7,16.8,0.1
2026-07-17 22:00:00,15.9,31.3,201.0,12.7,5.9,39.0,28.3,78,1003.3,16.6,0.0
2026-07-17 23:00:00,14.7,28.9,188.0,11.8,5.8,40.0,28.2,78,1003.1,16.1,0.0
2026-07-18 00:00:00,13.6,26.9,166.0,10.3,5.4,41.0,28.1,79,1002.8,15.5,0.0
2026-07-18 01:00:00,12.5,24.7,140.0,8.3,4.9,43.0,27.8,81,1002.4,14.9,0.0
2026-07-18 02:00:00,11.6,22.9,123.0,6.7,4.5,44.0,27.7,82,1001.7,15.7,0.0
2026-07-18 03:00:00,11.1,22.2,116.0,5.8,4.4,45.0,27.5,83,1001.4,16.3,0.0
2026-07-18 04:00:00,10.9,21.7,118.0,5.3,4.5,45.0,27.5,83,1001.4,14.8,0.0
2026-07-18 05:00:00,11.5,23.5,132.0,5.3,4.7,46.0,27.6,85,1001.6,15.4,0.0
2026-07-18 06:00:00,11.9,24.6,172.0,6.0,4.8,46.0,27.6,83,1002.0,15.0,0.1
2026-07-18 07:00:00,13.3,28.9,225.0,7.0,4.9,46.0,27.9,80,1002.2,16.9,0.0
2026-07-18 08:00:00,16.3,36.2,256.0,7.3,5.0,48.0,28.6,76,1002.4,17.6,0.0
2026-07-18 09:00:00,18.1,41.4,242.0,6.3,4.9,54.0,29.6,70,1002.5,17.4,0.0
2026-07-18 10:00:00,19.1,44.9,205.0,4.7,4.7,62.0,30.4,64,1002.4,18.1,0.0
2026-07-18 11:00:00,19.4,47.1,178.0,3.5,4.5,68.0,30.6,65,1002.2,20.5,0.1
2026-07-18 12:00:00,18.7,45.2,172.0,3.0,4.4,69.0,30.8,65,1001.8,20.6,0.1
2026-07-18 13:00:00,17.8,43.7,176.0,2.9,4.3,69.0,31.0,64,1001.3,20.0,0.0
2026-07-18 14:00:00,17.4,41.3,183.0,3.2,4.3,66.0,31.1,63,1000.9,20.0,0.1
2026-07-18 15:00:00,17.1,39.6,196.0,3.9,4.3,61.0,30.0,70,1000.6,20.6,0.1
2026-07-18 16:00:00,16.4,36.9,213.0,5.0,4.3,55.0,30.1,70,1000.4,20.4,0.0
2026-07-18 17:00:00,19.6,45.9,224.0,6.7,4.1,49.0,29.8,70,1000.3,19.8,0.0
2026-07-18 18:00:00,19.7,44.1,224.0,8.7,4.4,46.0,29.2,72,1000.2,18.9,0.0
2026-07-18 19:00:00,21.7,47.0,218.0,11.4,4.7,43.0,28.7,73,1000.3,19.8,0.0
2026-07-18 20:00:00,20.5,40.3,211.0,13.1,5.0,40.0,28.6,75,1000.9,18.2,0.1
2026-07-18 21:00:00,20.3,39.1,206.0,13.1,5.1,40.0,28.5,77,1001.8,18.0,0.3
2026-07-18 22:00:00,17.7,33.1,200.0,12.1,5.1,41.0,28.4,79,1002.0,16.1,0.1
2026-07-18 23:00:00,16.8,30.0,189.0,10.8,5.0,42.0,28.5,78,1001.8,17.2,0.0
2026-07-19 00:00:00,16.5,29.0,167.0,9.4,4.7,43.0,28.2,80,1001.3,16.5,0.0
2026-07-19 01:00:00,16.5,29.9,140.0,7.7,4.3,45.0,28.0,81,1000.8,15.5,0.0
2026-07-19 02:00:00,16.2,30.5,121.0,6.3,4.0,46.0,27.7,82,1000.4,14.5,0.0
2026-07-19 03:00:00,15.8,31.2,114.0,5.4,3.9,47.0,27.7,82,1000.1,13.4,0.0
2026-07-19 04:00:00,15.3,31.2,116.0,4.8,3.9,47.0,27.6,82,1000.1,14.1,0.0
2026-07-19 05:00:00,15.5,32.9,126.0,4.8,4.1,49.0,27.5,88,1000.2,13.9,0.0
2026-07-19 06:00:00,15.7,33.8,152.0,5.3,4.4,49.0,27.6,88,1000.3,13.5,0.0
2026-07-19 07:00:00,17.4,40.2,186.0,6.0,4.9,50.0,27.9,85,1000.6,14.5,0.0
2026-07-19 08:00:00,18.7,43.5,207.0,6.2,5.2,52.0,28.7,80,1000.7,15.2,0.0
2026-07-19 09:00:00,28.8,77.3,203.0,5.5,5.2,57.0,29.4,75,1000.9,17.2,0.1
2026-07-19 10:00:00,21.4,53.4,186.0,4.4,5.0,64.0,28.9,77,1001.3,16.7,0.2
2026-07-19 11:00:00,22.2,56.5,172.0,3.6,4.9,69.0,29.4,75,1001.1,16.4,0.2
2026-07-19 12:00:00,21.9,56.1,166.0,3.3,4.9,70.0,29.8,73,1000.9,15.7,0.1
2026-07-19 13:00:00,22.2,58.1,162.0,3.3,4.9,69.0,29.9,73,1000.3,16.6,0.1
2026-07-19 14:00:00,21.9,57.3,163.0,3.5,4.9,67.0,29.9,74,1000.0,17.3,0.2
2026-07-19 15:00:00,22.2,59.0,172.0,3.9,4.9,64.0,29.6,75,999.7,17.1,0.1
2026-07-19 16:00:00,22.0,57.4,185.0,4.5,4.9,61.0,29.5,77,999.4,16.5,0.1
2026-07-19 17:00:00,22.8,65.2,194.0,5.8,5.1,55.0,29.9,73,999.1,14.8,0.0
2026-07-19 18:00:00,23.8,66.1,195.0,7.3,5.4,52.0,29.2,75,999.2,13.0,0.0
2026-07-19 19:00:00,22.7,59.8,192.0,9.4,5.9,47.0,28.8,76,999.6,14.0,0.1
2026-07-19 20:00:00,23.9,63.6,188.0,10.8,6.2,44.0,28.4,81,1000.2,12.7,0.0
2026-07-19 21:00:00,19.2,44.5,184.0,11.2,6.3,42.0,28.2,83,1000.9,11.3,0.0
2026-07-19 22:00:00,18.2,43.5,179.0,10.9,6.4,42.0,27.9,85,1001.5,11.6,0.0
2026-07-19 23:00:00,17.8,43.2,172.0,10.3,6.2,42.0,28.2,83,1001.2,12.2,0.1
2026-07-20 00:00:00,16.9,40.4,161.0,9.2,5.8,43.0,28.3,82,1000.8,11.5,0.0
2026-07-20 01:00:00,16.4,39.3,149.0,7.7,5.1,45.0,27.9,84,1000.3,10.1,0.0
2026-07-20 02:00:00,15.9,38.8,139.0,6.5,4.7,46.0,27.6,87,999.7,10.7,0.1
2026-07-20 03:00:00,15.3,36.7,127.0,5.7,4.5,47.0,27.4,88,999.5,10.6,0.0
2026-07-20 04:00:00,15.0,36.1,117.0,5.2,4.6,47.0,27.5,87,999.6,8.8,0.0
2026-07-20 05:00:00,16.0,39.0,128.0,5.8,4.9,47.0,27.7,89,999.4,8.9,0.0
2026-07-20 06:00:00,16.3,39.0,182.0,6.9,5.6,48.0,27.5,90,999.5,10.5,0.0
2026-07-20 07:00:00,18.2,46.3,256.0,8.3,6.5,50.0,28.0,87,1000.1,11.6,0.0
2026-07-20 08:00:00,19.4,52.9,302.0,9.2,7.2,52.0,28.6,82,1000.3,12.9,0.1
2026-07-20 09:00:00,21.1,56.9,291.0,9.0,7.3,56.0,28.9,80,1000.7,13.9,0.2
2026-07-20 10:00:00,21.9,56.8,251.0,8.3,7.1,61.0,29.4,77,1000.7,14.0,0.1
2026-07-20 11:00:00,21.8,55.2,219.0,7.6,6.8,65.0,29.9,74,1000.6,14.8,0.1
2026-07-20 12:00:00,21.3,52.6,207.0,6.9,6.4,66.0,30.5,71,1000.4,14.4,0.0
2026-07-20 13:00:00,20.7,49.6,204.0,6.2,6.0,65.0,31.2,68,999.8,14.4,0.0
2026-07-20 14:00:00,22.6,54.5,207.0,5.9,5.7,64.0,31.1,68,999.3,14.8,0.0
2026-07-20 15:00:00,21.1,47.5,222.0,6.2,5.6,62.0,30.7,70,999.0,15.2,0.1
2026-07-20 16:00:00,21.0,47.1,244.0,6.9,5.6,59.0,30.4,70,998.5,15.7,0.2
2026-07-20 17:00:00,26.1,63.8,258.0,8.2,5.5,55.0,30.3,72,998.5,13.0,0.3
2026-07-20 18:00:00,26.5,65.7,258.0,10.1,5.8,51.0,29.4,76,998.7,13.3,0.1
2026-07-20 19:00:00,26.3,64.0,251.0,12.7,6.2,46.0,29.0,78,999.1,12.9,0.1
2026-07-20 20:00:00,27.7,67.5,240.0,14.6,6.5,42.0,28.5,81,999.7,13.6,0.2
2026-07-20 21:00:00,24.3,54.8,227.0,15.3,6.8,40.0,28.3,83,1000.3,14.2,0.1
2026-07-20 22:00:00,23.2,49.7,212.0,15.3,7.1,40.0,28.2,84,1000.9,13.8,0.0
2026-07-20 23:00:00,22.7,47.6,195.0,14.5,7.1,40.0,28.3,82,1001.1,12.1,0.0
2026-07-21 00:00:00,21.0,42.8,175.0,12.4,6.6,42.0,28.2,83,1000.6,12.0,0.0
2026-07-21 01:00:00,20.1,41.9,153.0,9.5,5.8,44.0,28.1,84,1000.3,12.1,0.0
2026-07-21 02:00:00,19.3,40.6,138.0,7.3,5.2,46.0,27.9,85,999.6,9.8,0.0
2026-07-21 03:00:00,18.6,39.6,125.0,6.2,5.1,47.0,27.8,87,999.3,9.2,0.0
2026-07-21 04:00:00,18.3,40.0,119.0,5.9,5.2,47.0,27.6,88,999.0,10.6,0.0
2026-07-21 05:00:00,18.4,42.8,138.0,7.0,6.2,46.0,28.0,86,998.8,9.8,0.0
2026-07-21 06:00:00,18.0,40.3,210.0,9.8,7.2,44.0,27.8,87,999.1,9.4,0.0
2026-07-21 07:00:00,19.3,45.8,308.0,13.6,8.5,41.0,28.1,86,999.7,7.9,0.0
2026-07-21 08:00:00,20.8,50.6,368.0,15.7,9.2,40.0,28.7,81,999.8,9.4,0.0
2026-07-21 09:00:00,21.4,52.2,352.0,14.6,8.9,44.0,29.1,79,1000.0,10.7,0.0
2026-07-21 10:00:00,21.9,51.7,299.0,11.9,8.1,50.0,29.2,79,1000.2,10.6,0.0
2026-07-21 11:00:00,22.1,52.3,258.0,9.4,7.3,55.0,30.3,72,1000.5,11.0,0.1
2026-07-21 12:00:00,22.8,53.2,249.0,7.7,6.8,59.0,30.1,72,1000.4,11.1,0.0
2026-07-21 13:00:00,21.2,48.3,252.0,6.2,6.3,62.0,30.1,73,999.9,9.8,0.0
2026-07-21 14:00:00,27.3,68.5,258.0,5.5,6.0,63.0,30.4,73,999.1,11.5,0.0
2026-07-21 15:00:00,22.0,52.3,268.0,5.9,5.8,61.0,30.3,74,998.5,13.3,0.0
2026-07-21 16:00:00,23.5,57.2,281.0,7.0,5.8,57.0,29.7,78,998.1,13.6,0.0
2026-07-21 17:00:00,25.1,63.6,289.0,9.0,6.2,52.0,30.1,75,998.2,13.0,0.2
2026-07-21 18:00:00,25.3,62.4,289.0,11.4,6.5,47.0,29.5,77,998.5,13.5,0.2
2026-07-21 19:00:00,21.2,49.1,284.0,14.7,6.9,40.0,28.7,83,998.7,13.8,0.2
2026-07-21 20:00:00,21.0,47.3,279.0,17.0,7.3,35.0,28.5,84,999.3,11.8,0.0
2026-07-21 21:00:00,20.6,45.4,277.0,17.6,7.7,33.0,28.4,84,999.8,12.4,0.0
2026-07-21 22:00:00,18.2,38.0,274.0,17.2,8.0,33.0,28.1,85,1000.2,10.6,0.0
2026-07-21 23:00:00,17.4,34.1,261.0,16.3,8.1,34.0,28.6,83,1000.4,9.9,0.0
2026-07-22 00:00:00,17.3,32.7,227.0,14.8,7.6,35.0,28.5,82,999.9,10.6,0.0
2026-07-22 01:00:00,17.9,36.7,182.0,12.9,6.9,37.0,28.1,84,999.7,10.6,0.0
2026-07-22 02:00:00,17.8,37.1,149.0,11.2,6.4,38.0,28.0,85,999.0,9.8,0.0
2026-07-22 03:00:00,17.5,38.8,129.0,9.9,6.3,39.0,27.8,86,998.7,8.8,0.0
2026-07-22 04:00:00,18.0,41.4,122.0,8.8,6.4,40.0,27.6,87,998.5,8.5,0.0
2026-07-22 05:00:00,16.8,37.4,147.0,8.5,6.9,43.0,28.1,86,998.4,4.4,0.0
2026-07-22 06:00:00,17.0,37.6,239.0,9.7,7.8,43.0,28.0,87,998.7,4.1,0.0
2026-07-22 07:00:00,19.1,45.8,364.0,11.4,8.9,43.0,28.4,85,999.3,4.8,0.0
2026-07-22 08:00:00,20.9,54.5,437.0,12.2,9.7,46.0,29.2,80,999.4,4.9,0.0
2026-07-22 09:00:00,24.6,68.7,406.0,11.4,9.6,53.0,30.3,74,999.5,8.0,0.0
2026-07-22 10:00:00,27.5,77.5,322.0,9.7,9.2,62.0,31.2,70,999.5,9.8,0.0
2026-07-22 11:00:00,29.6,82.2,256.0,8.3,8.7,69.0,31.4,69,999.3,11.5,0.0
2026-07-22 12:00:00,39.2,112.2,234.0,7.5,8.4,72.0,31.2,70,999.1,11.8,0.1
2026-07-22 13:00:00,30.0,79.2,230.0,7.0,8.1,72.0,31.3,70,998.4,12.1,0.1
2026-07-22 14:00:00,28.7,74.0,234.0,6.9,7.9,70.0,31.1,72,997.9,13.4,0.1
2026-07-22 15:00:00,27.6,70.3,248.0,7.3,7.7,67.0,30.5,75,997.4,12.9,0.1
2026-07-22 16:00:00,26.5,66.6,271.0,8.1,7.6,62.0,30.5,74,996.9,12.1,0.0
2026-07-22 17:00:00,24.7,61.9,290.0,12.2,9.0,56.0,31.1,72,996.6,11.6,0.1
2026-07-22 18:00:00,24.6,60.5,302.0,15.0,9.0,49.0,30.2,77,997.5,11.6,0.0
2026-07-22 19:00:00,25.1,60.3,310.0,18.8,9.0,40.0,29.2,82,997.8,12.2,0.0
2026-07-22 20:00:00,23.1,54.2,305.0,20.9,8.9,34.0,28.5,84,998.1,11.4,0.0
2026-07-22 21:00:00,21.5,50.3,280.0,19.7,8.6,34.0,28.9,81,998.5,14.2,0.0
2026-07-22 22:00:00,20.4,47.3,243.0,16.7,8.1,36.0,28.8,81,999.2,12.2,0.0
2026-07-22 23:00:00,18.9,43.3,207.0,13.8,7.6,39.0,29.0,79,999.3,11.8,0.0
2026-07-23 00:00:00,18.6,44.0,175.0,11.4,6.9,41.0,28.7,80,998.9,12.2,0.1
2026-07-23 01:00:00,18.3,44.7,144.0,9.0,6.2,44.0,28.6,81,998.6,11.3,0.1
2026-07-23 02:00:00,19.2,52.9,127.0,7.4,5.8,46.0,28.3,83,997.9,10.1,0.0
2026-07-23 03:00:00,20.0,58.4,115.0,6.7,5.8,46.0,28.1,84,997.7,8.6,0.1
2026-07-23 04:00:00,21.2,66.6,115.0,6.7,6.0,46.0,28.1,84,997.5,5.6,0.0
2026-07-23 05:00:00,22.2,67.1,162.0,6.9,7.0,46.0,28.5,82,997.8,2.8,0.0
2026-07-23 06:00:00,24.3,68.5,306.0,9.3,9.0,43.0,28.2,84,997.8,2.8,0.0
2026-07-23 07:00:00,24.6,68.9,496.0,12.5,11.8,40.0,28.7,81,998.5,2.6,0.0
2026-07-23 08:00:00,25.4,71.9,612.0,14.2,13.8,43.0,29.5,77,998.0,5.7,0.0
2026-07-23 09:00:00,26.2,77.8,585.0,13.1,14.4,55.0,30.4,73,998.6,4.7,0.0
2026-07-23 10:00:00,27.0,80.1,485.0,10.4,14.1,73.0,30.7,72,998.5,7.7,0.0
2026-07-23 11:00:00,29.7,82.7,399.0,8.1,13.7,91.0,31.9,65,998.4,5.3,0.0
2026-07-23 12:00:00,32.8,84.8,361.0,6.6,13.2,110.0,32.8,61,997.9,8.6,0.0
2026-07-23 13:00:00,34.2,84.3,337.0,5.3,12.4,127.0,32.0,64,997.5,15.5,0.0
2026-07-23 14:00:00,33.5,80.3,321.0,4.9,11.5,134.0,32.1,63,996.7,14.8,0.0
2026-07-23 15:00:00,31.0,75.7,314.0,5.4,10.4,121.0,32.1,66,996.2,13.2,0.0
2026-07-23 16:00:00,28.1,71.9,315.0,6.6,9.1,96.0,31.9,66,995.8,11.4,0.0
2026-07-23 17:00:00,38.2,99.9,310.0,9.5,10.6,93.0,31.2,71,995.6,12.1,0.0
2026-07-23 18:00:00,35.3,95.7,293.0,13.2,9.9,74.0,30.5,75,995.8,12.1,0.0
2026-07-23 19:00:00,32.0,87.1,272.0,18.2,9.0,48.0,29.7,78,996.7,8.0,0.0
2026-07-23 20:00:00,31.0,85.0,250.0,21.2,8.2,30.0,29.3,82,996.4,12.0,0.0
2026-07-23 21:00:00,28.6,78.2,230.0,20.1,7.8,28.0,29.3,82,997.2,11.6,0.0
2026-07-23 22:00:00,25.9,70.3,211.0,16.9,7.5,33.0,29.1,83,998.1,11.6,0.0
2026-07-23 23:00:00,24.6,69.2,194.0,14.4,7.4,38.0,29.4,82,999.1,10.5,0.1
2026-07-24 00:00:00,23.9,67.3,178.0,13.6,7.5,39.0,29.0,84,998.6,9.9,0.0
2026-07-24 01:00:00,23.9,66.8,164.0,13.4,7.8,38.0,28.8,84,998.4,8.5,0.0
2026-07-24 02:00:00,23.3,64.3,157.0,13.3,8.2,38.0,28.6,85,997.7,7.5,0.0
2026-07-24 03:00:00,22.6,61.5,157.0,13.1,8.6,37.0,28.6,84,997.6,6.4,0.0
2026-07-24 04:00:00,22.1,58.2,164.0,13.1,9.0,36.0,28.4,85,997.5,4.3,0.0
2026-07-24 05:00:00,24.5,70.3,189.0,12.5,10.9,38.0,28.8,85,997.3,5.6,0.0
2026-07-24 06:00:00,24.5,66.6,252.0,13.0,11.4,38.0,28.6,86,997.8,5.4,0.0
2026-07-24 07:00:00,26.0,74.0,332.0,13.5,12.0,39.0,28.9,85,998.5,5.6,0.0
2026-07-24 08:00:00,27.4,79.6,383.0,13.2,12.3,44.0,29.9,79,998.5,5.2,0.0
2026-07-24 09:00:00,31.1,94.5,378.0,11.4,11.9,57.0,30.9,74,999.0,5.6,0.0
2026-07-24 10:00:00,29.9,88.7,344.0,8.8,11.1,74.0,31.9,69,999.3,8.1,0.0
2026-07-24 11:00:00,32.0,89.9,311.0,6.6,10.2,88.0,33.1,63,999.4,8.9,0.0
2026-07-24 12:00:00,32.9,87.5,286.0,5.2,9.1,97.0,32.6,66,999.0,13.9,0.0
2026-07-24 13:00:00,32.2,83.1,262.0,4.3,7.8,103.0,32.4,65,998.5,15.1,0.0
2026-07-24 14:00:00,30.3,77.1,250.0,4.2,6.9,103.0,32.5,64,997.8,13.0,0.0
2026-07-24 15:00:00,29.0,75.4,261.0,5.1,6.5,94.0,32.0,67,997.2,13.0,0.0
2026-07-24 16:00:00,27.9,72.9,285.0,6.8,6.5,79.0,31.4,69,997.1,12.5,0.0
2026-07-24 17:00:00,30.9,75.9,299.0,10.8,7.2,77.0,31.0,72,996.7,12.5,0.0
2026-07-24 18:00:00,29.5,77.3,295.0,13.2,7.1,66.0,30.3,75,996.4,12.1,0.0
2026-07-24 19:00:00,29.6,78.0,281.0,16.5,6.9,50.0,29.8,78,996.9,12.1,0.0
2026-07-24 20:00:00,29.6,76.1,264.0,18.2,6.7,40.0,29.8,79,997.6,11.3,0.0
2026-07-24 21:00:00,26.5,68.9,244.0,17.0,6.6,39.0,29.7,80,998.6,9.2,0.0
2026-07-24 22:00:00,25.4,67.1,219.0,14.3,6.4,43.0,29.5,82,999.4,9.3,0.0
2026-07-24 23:00:00,24.4,63.6,195.0,11.8,6.3,47.0,29.1,79,998.9,8.3,0.0
2026-07-25 00:00:00,26.6,69.4,169.0,10.1,6.1,49.0,28.9,80,998.6,10.0,0.0
2026-07-25 01:00:00,26.1,70.8,144.0,8.8,5.8,50.0,28.6,82,998.7,11.0,0.0
2026-07-25 02:00:00,24.4,63.6,126.0,7.8,5.7,50.0,28.5,82,998.4,10.6,0.0
2026-07-25 03:00:00,22.6,57.0,114.0,7.3,5.9,49.0,28.4,82,998.7,7.0,0.0
2026-07-25 04:00:00,21.7,53.6,110.0,7.2,6.3,48.0,28.4,83,998.4,7.1,0.0
2026-07-25 05:00:00,27.0,76.8,126.0,8.0,7.0,48.0,28.4,83,998.5,8.8,0.0
2026-07-25 06:00:00,25.8,66.8,183.0,9.4,7.3,47.0,28.2,84,998.8,9.0,0.0
2026-07-25 07:00:00,27.4,75.2,260.0,11.4,7.8,45.0,28.4,84,999.4,9.3,0.0
2026-07-25 08:00:00,29.4,80.6,309.0,12.5,8.2,46.0,29.2,79,1000.1,10.3,0.0
2026-07-25 09:00:00,30.0,81.7,301.0,12.0,8.5,51.0,30.1,74,1000.6,10.4,0.0
2026-07-25 10:00:00,31.0,85.9,265.0,10.7,8.7,57.0,30.4,73,1001.1,10.3,0.0
2026-07-25 11:00:00,31.3,86.4,238.0,9.6,8.8,63.0,30.7,70,1001.2,11.8,0.0
2026-07-25 12:00:00,30.6,82.4,236.0,8.9,8.8,67.0,31.0,69,1000.9,10.6,0.0
2026-07-25 13:00:00,29.2,76.8,243.0,8.5,8.8,70.0,31.6,66,1000.6,9.7,0.0
2026-07-25 14:00:00,27.5,70.5,251.0,8.5,8.6,70.0,31.5,66,1000.0,10.1,0.0
2026-07-25 15:00:00,24.9,62.2,261.0,9.2,8.1,65.0,31.3,67,999.6,12.5,0.0
2026-07-25 16:00:00,25.9,66.6,272.0,10.4,7.5,58.0,31.0,69,999.2,14.4,0.0
2026-07-25 17:00:00,28.7,82.9,276.0,10.8,6.7,52.0,30.5,71,998.8,11.9,0.0
2026-07-25 18:00:00,26.3,75.4,270.0,12.8,6.9,47.0,29.6,75,999.1,10.5,0.0
2026-07-25 19:00:00,24.8,69.2,257.0,15.5,7.2,41.0,29.2,78,999.8,10.8,0.0
2026-07-25 20:00:00,23.6,63.8,241.0,16.8,7.3,37.0,28.9,80,999.9,12.3,0.0
2026-07-25 21:00:00,21.2,58.8,220.0,15.5,7.0,38.0,28.9,80,1000.8,12.0,0.0
2026-07-25 22:00:00,20.2,57.0,196.0,12.8,6.6,41.0,28.9,80,1001.1,14.5,0.0
2026-07-25 23:00:00,21.1,62.4,175.0,10.6,6.3,44.0,28.4,79,1001.3,9.2,0.0
2026-07-26 00:00:00,22.3,67.5,158.0,9.4,6.3,45.0,28.2,80,1000.7,9.0,0.0
2026-07-26 01:00:00,24.1,74.7,143.0,8.7,6.3,46.0,28.2,79,1000.4,6.4,0.0
2026-07-26 02:00:00,23.2,70.3,133.0,8.1,6.4,46.0,28.1,80,1000.1,6.7,0.0
2026-07-26 03:00:00,22.5,66.4,125.0,7.6,6.4,46.0,28.1,80,1000.3,5.8,0.0
2026-07-26 04:00:00,22.7,68.2,120.0,7.3,6.5,46.0,28.2,80,1000.2,6.1,0.0
2026-07-26 05:00:00,23.4,76.1,127.0,8.4,7.1,45.0,28.5,79,1000.0,9.1,0.0
2026-07-26 06:00:00,23.1,74.7,156.0,8.5,7.0,46.0,28.4,79,1000.5,9.4,0.0
2026-07-26 07:00:00,24.4,82.9,195.0,8.6,6.9,47.0,28.6,77,1001.2,11.0,0.0
2026-07-26 08:00:00,27.8,96.2,220.0,8.4,7.1,51.0,29.3,74,1001.6,9.9,0.0
2026-07-26 09:00:00,28.5,98.3,216.0,7.7,7.8,58.0,29.9,70,1001.8,10.1,0.0
2026-07-26 10:00:00,30.7,104.8,197.0,6.7,8.7,67.0,30.4,68,1002.3,10.4,0.0
2026-07-26 11:00:00,32.9,109.7,182.0,5.7,9.2,75.0,31.2,65,1002.6,11.0,0.0
2026-07-26 12:00:00,34.1,109.2,177.0,4.7,8.7,83.0,32.5,60,1002.2,10.3,0.0
2026-07-26 13:00:00,33.9,104.8,175.0,3.7,7.7,91.0,32.5,61,1001.6,12.5,0.0
2026-07-26 14:00:00,33.5,100.6,176.0,3.2,6.9,95.0,32.0,63,1001.2,15.6,0.0
2026-07-26 15:00:00,32.1,92.2,183.0,3.3,6.5,93.0,31.8,64,1000.3,14.8,0.0
2026-07-26 16:00:00,28.8,79.2,193.0,4.0,6.3,86.0,31.2,66,999.8,13.6,0.0
2026-07-26 17:00:00,28.3,81.3,200.0,5.6,7.0,88.0,31.1,67,999.8,13.3,0.0
2026-07-26 18:00:00,25.7,73.8,202.0,8.0,6.7,75.0,30.2,70,1000.1,11.8,0.0
2026-07-26 19:00:00,23.8,66.4,201.0,11.3,6.4,57.0,29.4,74,1000.7,11.3,0.0
2026-07-26 20:00:00,22.9,60.3,196.0,13.4,6.1,44.0,28.9,77,1001.1,11.8,0.0
2026-07-26 21:00:00,21.2,56.1,186.0,13.1,6.1,41.0,28.7,79,1001.5,11.2,0.0
2026-07-26 22:00:00,21.1,55.6,173.0,11.5,6.3,42.0,28.4,81,1001.6,11.0,0.0
2026-07-26 23:00:00,21.2,56.8,159.0,10.0,6.3,44.0,28.7,79,1001.3,9.1,0.0
2026-07-27 00:00:00,20.6,52.6,143.0,8.8,6.0,45.0,28.5,80,1001.6,9.5,0.0
2026-07-27 01:00:00,20.9,54.9,126.0,7.6,5.5,45.0,28.4,81,1001.4,11.4,0.0
2026-07-27 02:00:00,21.2,57.2,115.0,6.7,5.2,46.0,28.3,81,1000.8,11.7,0.0
2026-07-27 03:00:00,21.5,59.6,108.0,6.1,5.1,46.0,28.2,81,1000.6,11.5,0.0
2026-07-27 04:00:00,21.9,62.2,107.0,5.7,5.2,46.0,28.1,82,1000.5,11.6,0.0
2026-07-27 05:00:00,20.8,58.9,121.0,4.6,4.7,49.0,28.5,81,1000.2,11.9,0.0
2026-07-27 06:00:00,21.4,61.7,165.0,5.7,5.0,49.0,28.3,81,1000.3,10.2,0.0
2026-07-27 07:00:00,24.3,78.2,225.0,7.1,5.5,48.0,28.8,79,1000.9,11.6,0.0
2026-07-27 08:00:00,30.7,105.0,262.0,7.9,6.0,52.0,29.7,74,1001.2,13.0,0.0
2026-07-27 09:00:00,31.4,106.4,256.0,7.3,6.5,63.0,30.7,68,1001.2,13.0,0.0
2026-07-27 10:00:00,35.6,120.1,228.0,6.0,7.0,77.0,31.9,62,1000.9,13.9,0.0
2026-07-27 11:00:00,37.4,121.5,205.0,4.9,7.1,88.0,31.5,65,1000.8,15.0,0.0
2026-07-27 12:00:00,37.7,118.3,196.0,4.1,6.7,92.0,32.2,62,1000.6,15.7,0.0
2026-07-27 13:00:00,36.8,113.4,192.0,3.4,5.9,91.0,32.1,62,1000.2,16.9,0.0
2026-07-27 14:00:00,36.6,113.2,193.0,3.3,5.3,88.0,31.7,64,999.7,17.2,0.0
2026-07-27 15:00:00,36.1,110.6,203.0,3.9,5.1,81.0,31.6,64,998.8,17.2,0.0
2026-07-27 16:00:00,34.8,103.6,217.0,4.9,5.1,71.0,31.4,65,998.0,17.3,0.0
2026-07-27 17:00:00,29.3,89.9,226.0,7.5,5.0,54.0,31.3,64,998.0,16.7,0.0
2026-07-27 18:00:00,27.8,82.0,224.0,9.2,5.2,51.0,30.4,68,998.0,16.9,0.0
2026-07-27 19:00:00,26.2,74.0,215.0,11.5,5.4,46.0,29.5,73,998.2,16.9,0.0
2026-07-27 20:00:00,25.6,70.5,205.0,12.9,5.6,43.0,29.1,77,998.9,16.8,0.1
2026-07-27 21:00:00,25.2,70.3,193.0,12.5,5.6,43.0,28.6,80,999.5,15.8,0.0
2026-07-27 22:00:00,21.7,61.9,179.0,11.3,5.6,44.0,28.4,82,999.6,15.6,0.0
2026-07-27 23:00:00,18.9,55.3,165.0,10.0,5.5,45.0,28.7,79,999.2,15.0,0.0
2026-07-28 00:00:00,18.4,52.6,149.0,9.1,5.4,45.0,28.4,79,999.1,14.0,0.1
2026-07-28 01:00:00,16.6,44.8,133.0,8.2,5.2,45.0,28.3,79,998.6,13.4,0.0
2026-07-28 02:00:00,15.6,40.0,121.0,7.4,5.0,45.0,28.0,81,998.0,14.4,0.0
2026-07-28 03:00:00,14.4,35.6,112.0,6.4,4.8,46.0,27.9,80,997.5,14.9,0.0
2026-07-28 04:00:00,13.3,32.4,107.0,5.5,4.7,46.0,27.9,80,997.3,15.1,0.0
2026-07-28 05:00:00,14.5,41.2,120.0,5.4,4.7,47.0,27.9,86,997.3,15.6,0.1
2026-07-28 06:00:00,14.7,38.9,169.0,6.4,4.9,47.0,27.7,87,997.4,14.5,0.0
2026-07-28 07:00:00,16.2,44.4,235.0,7.7,5.3,48.0,28.1,84,997.9,14.6,0.0
2026-07-28 08:00:00,20.1,56.3,275.0,8.2,5.5,51.0,29.0,78,998.2,15.3,0.0
2026-07-28 09:00:00,22.0,61.5,262.0,7.3,5.6,60.0,30.1,71,998.5,15.8,0.0
2026-07-28 10:00:00,23.4,65.9,224.0,5.6,5.6,71.0,30.9,66,998.3,16.7,0.0
2026-07-28 11:00:00,24.4,67.5,195.0,4.2,5.6,80.0,31.1,65,998.5,16.9,0.0
2026-07-28 12:00:00,25.0,68.9,190.0,3.5,5.5,85.0,31.4,64,998.4,17.3,0.0
2026-07-28 13:00:00,25.5,69.8,194.0,3.1,5.3,87.0,31.3,65,998.0,16.6,0.0
2026-07-28 14:00:00,25.1,67.5,203.0,3.2,5.1,86.0,31.7,63,997.5,17.6,0.0
2026-07-28 15:00:00,25.0,66.4,218.0,3.8,5.0,81.0,31.8,62,996.8,17.8,0.0
2026-07-28 16:00:00,24.8,66.6,236.0,4.8,5.0,73.0,31.1,68,996.3,17.6,0.0
2026-07-28 17:00:00,31.8,92.9,248.0,6.1,4.9,68.0,30.7,71,996.1,18.4,0.0
2026-07-28 18:00:00,30.0,85.2,246.0,8.3,5.1,62.0,29.7,76,996.2,19.0,0.1
2026-07-28 19:00:00,27.8,74.0,238.0,11.3,5.4,53.0,28.9,81,996.7,16.9,0.0
2026-07-28 20:00:00,27.1,64.3,229.0,13.4,5.6,47.0,28.6,82,996.9,15.9,0.0
2026-07-28 21:00:00,26.8,61.0,224.0,13.8,5.8,46.0,28.8,79,997.9,14.0,0.0
2026-07-28 22:00:00,24.9,54.6,219.0,13.2,6.1,47.0,28.6,82,998.6,12.2,0.0
2026-07-28 23:00:00,25.7,55.1,208.0,12.3,6.1,49.0,28.9,82,998.5,10.4,0.0
2026-07-29 00:00:00,26.0,53.8,185.0,11.0,5.8,50.0,28.6,85,998.4,11.4,0.0
2026-07-29 01:00:00,25.0,50.5,156.0,9.3,5.4,51.0,28.3,87,998.2,12.0,0.0
2026-07-29 02:00:00,23.3,47.3,135.0,7.8,5.0,52.0,28.2,86,997.8,12.4,0.0
2026-07-29 03:00:00,21.5,44.1,125.0,6.5,4.8,52.0,27.7,91,997.4,12.9,0.0
2026-07-29 04:00:00,20.0,41.3,122.0,5.5,4.6,52.0,27.7,92,997.3,12.8,0.0
2026-07-29 05:00:00,19.8,42.3,136.0,4.9,4.3,54.0,28.0,91,997.2,11.9,0.0
2026-07-29 06:00:00,19.4,41.1,181.0,6.2,4.5,52.0,28.0,91,997.6,12.4,0.0
2026-07-29 07:00:00,19.6,42.7,241.0,7.8,4.9,50.0,28.4,87,997.9,15.1,0.0
2026-07-29 08:00:00,22.9,52.4,278.0,8.7,5.2,52.0,29.3,81,998.2,16.5,0.0
2026-07-29 09:00:00,25.1,58.9,268.0,8.0,5.5,60.0,30.4,75,998.5,16.6,0.0
2026-07-29 10:00:00,27.2,66.1,235.0,6.4,5.7,72.0,31.8,66,998.6,15.9,0.0
2026-07-29 11:00:00,26.8,63.8,210.0,5.2,5.8,81.0,32.2,64,998.8,16.1,0.0
2026-07-29 12:00:00,27.4,66.6,206.0,4.5,5.8,87.0,32.8,61,998.7,14.9,0.0
2026-07-29 13:00:00,27.6,66.8,210.0,4.2,5.7,91.0,33.2,59,998.3,14.9,0.0
2026-07-29 14:00:00,27.5,66.1,219.0,4.3,5.6,91.0,32.5,64,997.8,16.3,0.0
2026-07-29 15:00:00,27.6,66.4,234.0,5.0,5.5,86.0,31.6,68,997.3,18.1,0.0
2026-07-29 16:00:00,27.4,64.7,253.0,6.2,5.5,77.0,31.0,71,996.9,17.1,0.0
2026-07-29 17:00:00,30.3,75.2,268.0,8.3,5.8,71.0,31.0,72,997.1,14.9,0.0
2026-07-29 18:00:00,29.5,70.5,275.0,10.8,6.0,64.0,29.9,77,997.2,14.3,0.0
2026-07-29 19:00:00,28.6,66.1,278.0,14.3,6.3,55.0,28.9,83,997.3,14.1,0.0
2026-07-29 20:00:00,26.4,60.3,279.0,16.9,6.6,47.0,28.4,85,997.9,11.6,0.0
2026-07-29 21:00:00,23.6,54.0,283.0,18.1,7.0,43.0,28.6,84,998.9,10.7,0.0
2026-07-29 22:00:00,22.5,49.5,286.0,18.5,7.4,42.0,28.6,83,999.2,8.6,0.0
2026-07-29 23:00:00,22.0,46.9,277.0,18.2,7.6,41.0,28.8,84,998.6,8.9,0.0
2026-07-30 00:00:00,21.2,44.1,245.0,17.0,7.3,41.0,28.4,87,998.1,9.7,0.0
2026-07-30 01:00:00,20.2,41.4,201.0,15.0,6.7,42.0,28.4,87,998.0,9.0,0.0
2026-07-30 02:00:00,19.0,39.5,167.0,13.0,6.2,44.0,28.1,89,997.8,8.9,0.0
2026-07-30 03:00:00,18.3,38.9,147.0,11.0,5.9,46.0,28.0,90,997.1,9.7,0.0
2026-07-30 04:00:00,17.8,38.6,137.0,8.9,5.8,48.0,27.8,90,996.7,10.5,0.0
2026-07-30 05:00:00,17.4,37.6,152.0,8.4,5.8,48.0,28.0,91,996.9,8.9,0.0
2026-07-30 06:00:00,18.0,40.3,214.0,9.2,6.2,48.0,27.9,91,996.8,9.0,0.0
2026-07-30 07:00:00,20.6,50.9,300.0,10.2,6.8,50.0,28.4,88,997.1,8.7,0.0
2026-07-30 08:00:00,23.3,61.0,354.0,10.5,7.6,56.0,29.4,81,997.3,9.2,0.0
2026-07-30 09:00:00,29.9,82.4,343.0,9.6,8.8,71.0,30.9,73,997.6,9.1,0.0
2026-07-30 10:00:00,30.4,85.7,300.0,8.1,10.2,91.0,32.1,67,997.5,8.5,0.0
2026-07-30 11:00:00,34.9,95.0,267.0,6.7,10.9,108.0,32.1,68,997.8,9.9,0.0
2026-07-30 12:00:00,36.6,92.7,259.0,5.6,10.5,121.0,32.8,66,997.3,10.6,0.0
2026-07-30 13:00:00,35.7,86.8,261.0,4.8,9.4,131.0,32.9,66,997.1,11.2,0.0
2026-07-30 14:00:00,33.5,79.6,269.0,4.6,8.5,133.0,32.9,67,996.4,12.9,0.0
2026-07-30 15:00:00,31.4,75.4,287.0,5.3,8.0,123.0,32.3,69,995.9,13.0,0.0
2026-07-30 16:00:00,30.4,75.2,310.0,6.8,7.6,106.0,31.8,70,995.3,12.2,0.0
2026-07-30 17:00:00,36.4,95.2,327.0,9.1,8.4,96.0,31.4,72,995.2,13.5,0.0
2026-07-30 18:00:00,34.5,90.1,331.0,12.6,8.2,81.0,30.4,77,995.2,13.2,0.0
2026-07-30 19:00:00,32.6,82.7,328.0,17.3,8.0,61.0,29.7,81,995.6,10.7,0.0
2026-07-30 20:00:00,28.8,72.6,321.0,20.9,8.0,46.0,29.2,84,996.1,9.6,0.0
2026-07-30 21:00:00,27.3,69.2,314.0,22.1,8.3,41.0,29.1,84,996.6,8.3,0.0
2026-07-30 22:00:00,27.1,67.3,304.0,22.1,8.8,42.0,29.2,83,997.5,9.0,0.0
2026-07-30 23:00:00,27.0,62.9,284.0,22.0,9.1,42.0,29.4,84,997.6,8.5,0.0
2026-07-31 00:00:00,26.8,59.1,246.0,22.5,9.1,40.0,28.8,87,997.0,7.6,0.0
2026-07-31 01:00:00,26.0,54.5,200.0,22.8,8.9,38.0,28.5,88,996.4,5.7,0.0
2026-07-31 02:00:00,24.7,49.2,165.0,22.1,8.6,37.0,28.2,91,995.7,5.6,0.0
2026-07-31 03:00:00,23.4,46.2,144.0,19.3,8.1,39.0,28.0,92,995.8,8.1,0.0
2026-07-31 04:00:00,21.9,44.4,135.0,15.4,7.6,43.0,27.8,93,995.8,9.1,0.0
2026-07-31 05:00:00,21.6,44.2,154.0,14.0,7.9,44.0,28.2,91,995.8,7.8,0.0
2026-07-31 06:00:00,21.3,43.1,229.0,14.5,8.7,45.0,27.9,93,995.9,6.3,0.0
2026-07-31 07:00:00,24.0,54.5,331.0,15.0,9.9,47.0,28.3,90,996.3,5.2,0.0
2026-07-31 08:00:00,26.8,71.2,398.0,14.8,10.9,55.0,29.4,82,996.4,6.3,0.0
2026-07-31 09:00:00,31.4,93.1,393.0,13.2,11.6,75.0,30.8,74,996.4,7.3,0.0
2026-07-31 10:00:00,35.4,102.2,352.0,10.7,12.2,101.0,31.8,70,996.6,7.3,0.0
2026-07-31 11:00:00,39.8,108.3,316.0,8.6,12.3,123.0,33.0,64,996.6,9.2,0.0
2026-07-31 12:00:00,42.8,109.4,298.0,6.9,11.8,139.0,33.2,64,996.2,10.9,0.0
2026-07-31 13:00:00,42.6,103.4,286.0,5.5,10.9,150.0,33.2,64,995.8,12.2,0.0
2026-07-31 14:00:00,40.5,95.2,285.0,5.0,10.1,153.0,33.3,63,995.0,11.6,0.0
2026-07-31 15:00:00,38.0,88.2,307.0,5.7,9.4,142.0,33.0,65,994.1,11.8,0.0
2026-07-31 16:00:00,35.4,82.4,340.0,7.3,8.8,122.0,32.2,70,993.8,12.5,0.0
2026-07-31 17:00:00,38.5,88.7,357.0,10.2,10.3,128.0,31.9,72,993.8,11.6,0.0
2026-07-31 18:00:00,36.0,84.5,342.0,15.1,9.7,103.0,31.0,76,993.8,10.8,0.0
2026-07-31 19:00:00,33.5,79.6,310.0,21.7,8.8,68.0,30.2,82,994.8,9.7,0.0
2026-07-31 20:00:00,29.8,71.2,287.0,26.3,8.2,42.0,29.7,86,995.6,9.2,0.0
2026-07-31 21:00:00,27.0,65.2,285.0,26.8,8.1,34.0,29.6,87,996.3,7.5,0.0
2026-07-31 22:00:00,25.7,64.3,292.0,25.3,8.4,34.0,29.5,87,997.0,4.0,0.0
2026-07-31 23:00:00,25.1,62.2,286.0,23.8,8.6,35.0,29.5,86,997.1,4.6,0.0
2026-08-01 00:00:00,25.1,58.8,255.0,23.2,8.8,34.0,29.2,87,996.6,4.8,0.0
2026-08-01 01:00:00,24.6,57.2,213.0,22.7,8.9,33.0,29.1,87,996.5,2.5,0.0
2026-08-01 02:00:00,23.9,55.2,180.0,22.0,9.1,33.0,28.9,88,996.3,2.2,0.0
2026-08-01 03:00:00,23.0,52.0,157.0,20.8,9.3,32.0,28.7,90,996.2,4.2,0.0
2026-08-01 04:00:00,22.2,50.1,144.0,19.5,9.5,31.0,28.3,93,996.0,7.4,0.0
2026-08-01 05:00:00,22.9,53.7,159.0,19.3,10.3,31.0,28.9,90,996.5,5.4,0.0
2026-08-01 06:00:00,22.7,53.8,230.0,19.7,10.6,32.0,28.8,91,997.1,5.7,0.0
2026-08-01 07:00:00,25.1,67.8,329.0,20.2,11.1,34.0,29.2,88,997.8,6.4,0.0
2026-08-01 08:00:00,27.8,81.7,399.0,19.8,11.9,41.0,30.1,83,997.9,5.6,0.0
2026-08-01 09:00:00,31.2,92.2,414.0,18.1,13.4,57.0,31.0,77,997.9,5.3,0.0
2026-08-01 10:00:00,34.7,101.3,398.0,15.6,15.2,78.0,32.3,72,998.0,6.3,0.0
2026-08-01 11:00:00,38.9,107.6,370.0,13.0,15.9,96.0,32.2,71,998.7,11.3,0.0
2026-08-01 12:00:00,41.8,107.3,323.0,10.1,14.5,111.0,32.4,69,998.5,12.9,0.0
2026-08-01 13:00:00,41.2,101.5,262.0,7.1,12.0,122.0,32.6,66,998.0,13.8,0.0
2026-08-01 14:00:00,37.8,94.1,223.0,5.4,9.8,124.0,32.5,66,997.7,15.8,0.0
2026-08-01 15:00:00,33.6,86.8,225.0,5.6,8.2,109.0,32.3,67,996.9,15.9,0.0
2026-08-01 16:00:00,31.8,86.8,249.0,7.0,6.8,85.0,31.1,73,997.0,16.3,0.0
2026-08-01 17:00:00,31.7,90.6,267.0,11.3,6.6,63.0,30.8,72,997.0,14.9,0.0
2026-08-01 18:00:00,30.0,84.5,271.0,13.0,6.4,56.0,30.1,75,997.0,13.8,0.0
2026-08-01 19:00:00,27.3,76.6,270.0,15.2,6.0,47.0,29.5,78,997.4,12.0,0.0
2026-08-01 20:00:00,25.0,71.2,260.0,16.4,5.8,41.0,29.2,79,998.0,11.9,0.0
2026-08-01 21:00:00,23.7,68.7,235.0,15.6,5.8,40.0,29.0,80,998.5,11.5,0.0
2026-08-01 22:00:00,23.1,66.6,201.0,13.7,5.8,41.0,28.8,81,998.6,12.2,0.0
2026-08-01 23:00:00,22.4,62.4,171.0,11.8,5.8,42.0,29.0,77,999.5,11.5,0.0
2026-08-02 00:00:00,21.1,56.5,150.0,10.2,5.5,43.0,28.9,78,999.4,10.7,0.0
2026-08-02 01:00:00,20.3,54.2,135.0,8.7,5.1,44.0,28.7,79,999.0,10.6,0.0
2026-08-02 02:00:00,19.0,49.9,124.0,7.4,4.8,45.0,28.6,80,998.8,9.0,0.0
2026-08-02 03:00:00,18.7,49.4,115.0,6.4,4.7,46.0,28.5,80,998.9,10.4,0.0
2026-08-02 04:00:00,18.2,48.3,112.0,5.8,4.6,46.0,28.5,80,999.0,11.4,0.0
2026-08-02 05:00:00,20.9,61.2,124.0,5.2,4.7,49.0,28.5,80,999.4,11.1,0.1
2026-08-02 06:00:00,19.6,55.5,169.0,5.9,4.9,48.0,28.3,81,999.5,11.4,0.0
2026-08-02 07:00:00,20.4,61.0,231.0,6.8,5.2,48.0,28.2,82,999.6,11.3,0.0
2026-08-02 08:00:00,23.1,68.2,268.0,7.2,5.6,50.0,28.4,81,1000.2,10.7,0.0
2026-08-02 09:00:00,24.2,71.5,257.0,6.5,6.1,57.0,28.6,79,1000.6,11.6,0.0
2026-08-02 10:00:00,25.3,75.7,221.0,5.4,6.6,66.0,29.2,76,1000.7,11.3,0.0
2026-08-02 11:00:00,26.4,78.9,193.0,4.3,6.8,73.0,28.9,74,1001.6,10.5,0.1
2026-08-02 12:00:00,27.2,80.6,183.0,3.5,6.5,77.0,28.9,75,1001.4,12.2,0.2
2026-08-02 13:00:00,26.4,76.8,180.0,2.9,5.8,80.0,29.0,75,1001.2,12.3,0.2
2026-08-02 14:00:00,25.2,71.9,182.0,2.7,5.3,79.0,29.2,74,1001.0,12.6,0.1
2026-08-02 15:00:00,23.6,65.0,192.0,3.3,5.0,72.0,29.3,73,999.9,15.0,0.0
2026-08-02 16:00:00,22.8,61.7,207.0,4.4,4.9,61.0,29.3,71,999.9,12.2,0.0
2026-08-02 17:00:00,26.4,77.8,216.0,7.2,5.4,49.0,29.6,71,999.7,12.6,0.0
2026-08-02 18:00:00,26.5,76.1,213.0,8.3,5.6,47.0,29.2,72,999.7,11.8,0.0
2026-08-02 19:00:00,26.8,74.5,204.0,9.9,5.9,44.0,28.7,77,1000.2,11.0,0.0
2026-08-02 20:00:00,27.3,73.6,192.0,11.2,6.1,41.0,28.5,79,1000.7,10.4,0.0
2026-08-02 21:00:00,27.8,69.2,178.0,12.0,6.4,39.0,28.5,79,1001.2,11.0,0.0
2026-08-02 22:00:00,28.8,70.3,163.0,12.6,6.6,38.0,28.3,80,1001.6,12.4,0.0
2026-08-02 23:00:00,25.3,63.8,149.0,12.4,6.6,37.0,28.2,81,1002.0,11.0,0.0
2026-08-03 00:00:00,27.5,68.0,138.0,11.1,6.2,38.0,27.9,83,1001.6,11.6,0.0
2026-08-03 01:00:00,30.4,77.1,128.0,9.1,5.7,40.0,27.5,84,1001.4,11.0,0.0
2026-08-03 02:00:00,30.0,74.7,123.0,7.4,5.2,41.0,27.3,85,1000.9,9.4,0.0
2026-08-03 03:00:00,29.8,74.0,117.0,6.1,4.9,42.0,27.2,86,1000.9,9.5,0.0
2026-08-03 04:00:00,27.8,70.8,116.0,5.2,4.6,43.0,27.3,85,1001.0,8.9,0.0
2026-08-03 05:00:00,26.8,69.2,132.0,5.0,4.7,44.0,28.1,82,1000.5,11.3,0.0
2026-08-03 06:00:00,25.2,65.4,187.0,7.5,5.3,42.0,27.9,83,1000.6,11.4,0.0
2026-08-03 07:00:00,24.2,61.7,260.0,10.9,6.2,40.0,28.1,82,1001.1,12.9,0.0
2026-08-03 08:00:00,26.5,71.2,305.0,12.9,6.8,39.0,28.4,79,1001.6,12.8,0.0
2026-08-03 09:00:00,26.1,70.8,293.0,12.3,6.9,41.0,28.6,78,1001.8,12.7,0.0
2026-08-03 10:00:00,25.6,71.0,252.0,10.4,6.8,45.0,29.2,74,1002.1,13.5,0.0
2026-08-03 11:00:00,25.5,72.4,220.0,8.7,6.6,49.0,30.2,69,1002.7,14.3,0.0
2026-08-03 12:00:00,25.6,72.2,209.0,7.7,6.4,52.0,30.0,70,1002.5,15.3,0.1
2026-08-03 13:00:00,25.2,69.8,207.0,7.1,6.1,55.0,30.8,68,1002.2,15.4,0.0
2026-08-03 14:00:00,24.9,67.8,210.0,6.8,5.8,56.0,31.0,68,1001.6,15.6,0.0
2026-08-03 15:00:00,24.4,64.5,222.0,6.8,5.6,56.0,30.8,67,1001.0,15.7,0.0
2026-08-03 16:00:00,24.1,61.5,240.0,7.3,5.5,55.0,30.3,70,1000.5,17.0,0.1
2026-08-03 17:00:00,29.0,75.9,251.0,8.7,5.6,53.0,30.1,68,1000.6,16.7,0.0
2026-08-03 18:00:00,29.6,76.4,249.0,11.8,5.9,48.0,29.3,72,1000.6,14.9,0.0
2026-08-03 19:00:00,30.4,75.0,241.0,16.1,6.4,41.0,28.8,74,1000.5,13.9,0.0
2026-08-03 20:00:00,28.9,65.2,236.0,19.3,6.8,36.0,28.6,75,1001.2,14.4,0.1
2026-08-03 21:00:00,27.4,60.8,241.0,20.8,7.2,34.0,28.4,77,1001.6,14.5,0.1
2026-08-03 22:00:00,27.6,61.2,247.0,21.3,7.5,33.0,28.2,79,1002.2,14.1,0.1
2026-08-03 23:00:00,27.9,61.7,243.0,20.6,7.6,33.0,28.1,78,1002.3,12.1,0.0
2026-08-04 00:00:00,28.1,63.1,215.0,18.1,7.2,35.0,27.8,80,1002.4,11.7,0.0
2026-08-04 01:00:00,32.1,77.3,176.0,14.4,6.4,39.0,27.6,82,1002.1,11.8,0.0
2026-08-04 02:00:00,28.8,67.8,147.0,11.2,5.8,42.0,27.5,82,1001.8,11.5,0.0
2026-08-04 03:00:00,25.1,58.7,133.0,8.9,5.4,44.0,27.4,83,1001.6,11.0,0.0
2026-08-04 04:00:00,23.4,55.4,130.0,7.2,5.1,46.0,27.4,83,1001.7,10.0,0.0
2026-08-04 05:00:00,22.5,53.2,142.0,7.4,5.7,45.0,28.0,81,1001.9,9.9,0.0
2026-08-04 06:00:00,22.6,53.2,185.0,8.2,5.9,46.0,27.8,81,1002.1,10.0,0.0
2026-08-04 07:00:00,23.7,58.3,243.0,9.2,6.2,48.0,28.3,77,1002.4,10.8,0.0
2026-08-04 08:00:00,25.3,63.6,279.0,9.6,6.4,51.0,29.3,71,1003.0,13.3,0.0
2026-08-04 09:00:00,26.9,69.2,268.0,8.7,6.4,57.0,30.0,67,1003.2,14.4,0.0
2026-08-04 10:00:00,27.0,71.2,234.0,7.1,6.2,64.0,30.3,67,1003.5,14.1,0.0
2026-08-04 11:00:00,27.0,71.0,208.0,5.8,6.0,70.0,31.0,63,1003.4,15.4,0.0
2026-08-04 12:00:00,26.2,67.5,203.0,4.9,5.8,75.0,31.3,62,1003.2,15.2,0.0
2026-08-04 13:00:00,25.6,65.2,206.0,4.1,5.5,78.0,31.4,62,1002.7,14.9,0.0
2026-08-04 14:00:00,25.5,64.7,214.0,4.1,5.3,79.0,31.3,63,1002.2,14.1,0.0
2026-08-04 15:00:00,25.7,64.7,230.0,5.0,5.3,75.0,31.2,63,1001.5,13.8,0.0
2026-08-04 16:00:00,25.7,65.2,252.0,6.7,5.5,69.0,30.6,66,1000.8,13.7,0.0
2026-08-04 17:00:00,27.8,70.5,265.0,7.9,5.6,66.0,30.5,67,1001.0,13.0,0.0
2026-08-04 18:00:00,27.6,70.5,263.0,9.7,5.9,60.0,29.5,72,1000.9,13.7,0.0
2026-08-04 19:00:00,27.9,69.6,254.0,12.2,6.2,52.0,29.1,76,1001.3,13.8,0.0
2026-08-04 20:00:00,28.3,68.9,242.0,14.2,6.5,45.0,28.7,77,1002.0,14.6,0.0
2026-08-04 21:00:00,27.8,66.6,231.0,15.5,6.7,42.0,28.4,78,1002.8,12.4,0.0
2026-08-04 22:00:00,25.1,57.5,219.0,16.2,6.8,40.0,28.2,79,1003.0,12.4,0.0
2026-08-04 23:00:00,24.0,53.6,204.0,16.1,6.7,40.0,28.4,80,1002.6,11.7,0.0
2026-08-05 00:00:00,23.7,52.6,183.0,14.6,6.4,41.0,28.1,83,1002.1,12.1,0.0
2026-08-05 01:00:00,23.2,51.5,158.0,12.2,5.8,43.0,27.9,85,1001.8,14.0,0.0
2026-08-05 02:00:00,22.6,49.8,140.0,10.0,5.4,45.0,27.7,86,1001.6,13.8,0.0
2026-08-05 03:00:00,21.6,47.6,127.0,8.2,5.1,47.0,27.6,87,1001.3,13.7,0.0
2026-08-05 04:00:00,17.7,38.6,121.0,6.5,4.9,49.0,27.5,87,1000.8,13.3,0.0
2026-08-05 05:00:00,15.8,34.9,132.0,6.0,4.9,51.0,28.0,83,1000.6,11.7,0.0
2026-08-05 06:00:00,16.1,36.0,180.0,7.2,5.2,50.0,27.8,85,1000.8,12.1,0.0
2026-08-05 07:00:00,17.8,41.8,245.0,8.8,5.6,50.0,28.0,83,1001.1,12.7,0.0
2026-08-05 08:00:00,20.4,49.2,285.0,9.5,5.9,52.0,29.0,77,1001.2,14.0,0.0
2026-08-05 09:00:00,22.8,56.3,272.0,8.4,5.9,60.0,30.1,70,1001.4,13.8,0.0
2026-08-05 10:00:00,24.9,62.6,233.0,6.4,5.7,71.0,31.2,64,1001.3,14.9,0.0
2026-08-05 11:00:00,25.6,64.0,204.0,4.8,5.5,79.0,31.1,64,1001.0,16.3,0.0
2026-08-05 12:00:00,26.0,65.0,197.0,3.9,5.3,83.0,31.3,63,1000.8,16.7,0.0
2026-08-05 13:00:00,26.0,64.0,200.0,3.5,5.0,84.0,31.5,61,1000.1,16.7,0.0
2026-08-05 14:00:00,25.8,63.1,207.0,3.5,4.8,83.0,31.7,62,999.7,17.7,0.0
2026-08-05 15:00:00,25.8,62.6,221.0,4.2,4.8,78.0,31.4,63,998.9,17.9,0.0
2026-08-05 16:00:00,26.5,64.3,240.0,5.4,4.8,70.0,31.0,66,998.3,18.5,0.0
2026-08-05 17:00:00,36.1,90.1,249.0,6.6,4.8,63.0,30.3,70,998.4,18.2,0.0
2026-08-05 18:00:00,36.3,89.9,241.0,9.0,5.0,57.0,29.5,74,998.5,18.5,0.0
2026-08-05 19:00:00,36.4,87.1,223.0,12.3,5.3,50.0,28.7,78,998.9,17.4,0.0
2026-08-05 20:00:00,35.5,80.8,208.0,14.4,5.5,44.0,28.3,80,999.2,16.0,0.0
2026-08-05 21:00:00,34.0,75.7,203.0,14.5,5.7,43.0,28.4,80,1000.1,14.0,0.0
2026-08-05 22:00:00,32.2,70.3,200.0,13.5,5.8,43.0,28.4,80,1000.5,13.0,0.0
2026-08-05 23:00:00,27.2,61.5,192.0,12.2,5.8,44.0,28.5,81,1000.1,14.7,0.0
2026-08-06 00:00:00,25.8,58.8,172.0,10.9,5.6,44.0,28.1,83,999.8,13.8,0.0
2026-08-06 01:00:00,25.5,59.3,147.0,9.4,5.2,45.0,27.8,85,999.3,12.6,0.0
2026-08-06 02:00:00,25.3,59.3,129.0,8.0,4.9,46.0,27.8,86,998.8,11.9,0.0
2026-08-06 03:00:00,24.6,58.1,120.0,6.8,4.7,47.0,27.6,87,998.5,13.0,0.0
2026-08-06 04:00:00,22.8,53.4,119.0,5.7,4.6,49.0,27.5,88,998.3,13.9,0.0
2026-08-06 05:00:00,22.5,52.2,131.0,5.6,4.8,50.0,27.5,87,998.5,13.8,0.0
2026-08-06 06:00:00,22.4,50.8,171.0,7.1,5.0,49.0,27.4,88,998.9,13.5,0.0
2026-08-06 07:00:00,23.4,53.1,225.0,9.0,5.3,49.0,27.8,85,999.2,15.9,0.0
2026-08-06 08:00:00,25.6,59.8,258.0,9.9,5.5,50.0,28.7,79,999.6,16.5,0.0
2026-08-06 09:00:00,27.5,64.5,249.0,8.7,5.5,56.0,29.6,73,999.9,17.1,0.1
2026-08-06 10:00:00,29.8,71.0,219.0,6.4,5.3,64.0,30.0,71,1000.0,17.1,0.1
2026-08-06 11:00:00,27.0,62.6,196.0,4.6,5.2,70.0,30.4,70,999.8,17.7,0.1
2026-08-06 12:00:00,26.5,62.2,189.0,3.7,5.1,74.0,30.9,68,999.5,17.9,0.1
2026-08-06 13:00:00,27.6,67.5,188.0,3.4,4.9,76.0,30.9,69,999.0,18.1,0.1
2026-08-06 14:00:00,26.3,61.5,194.0,3.5,4.8,76.0,30.6,70,998.9,18.7,0.1
2026-08-06 15:00:00,27.5,63.8,210.0,4.3,4.8,72.0,30.5,71,998.4,18.9,0.1
2026-08-06 16:00:00,25.0,53.2,232.0,5.7,4.8,65.0,30.4,71,997.7,19.5,0.0
2026-08-06 17:00:00,22.4,46.2,247.0,6.7,4.8,61.0,30.1,72,997.9,17.9,0.0
2026-08-06 18:00:00,21.8,42.8,249.0,8.5,5.0,57.0,29.4,73,997.9,17.1,0.0
2026-08-06 19:00:00,22.2,43.0,243.0,10.9,5.3,51.0,28.8,77,998.4,16.7,0.1
2026-08-06 20:00:00,22.7,43.7,236.0,12.6,5.5,47.0,28.5,78,998.9,15.7,0.1
2026-08-06 21:00:00,21.3,42.4,230.0,13.0,5.7,46.0,28.2,79,999.8,16.2,0.1
2026-08-06 22:00:00,19.6,38.6,223.0,12.7,5.8,46.0,27.8,85,1000.7,15.0,0.1
2026-08-06 23:00:00,19.1,38.4,211.0,11.9,5.7,47.0,27.9,84,1000.4,13.8,0.0
2026-08-07 00:00:00,18.1,36.8,190.0,10.5,5.4,48.0,27.6,85,1000.3,13.0,0.0
2026-08-07 01:00:00,20.3,43.1,165.0,8.5,4.9,48.0,27.5,86,999.9,11.8,0.0
2026-08-07 02:00:00,18.3,38.0,145.0,7.0,4.5,49.0,27.3,87,999.7,10.1,0.0
2026-08-07 03:00:00,16.1,32.5,131.0,6.0,4.4,49.0,27.4,85,999.1,12.6,0.0
2026-08-07 04:00:00,14.7,29.7,122.0,5.4,4.4,49.0,27.3,85,998.9,13.2,0.0
2026-08-07 05:00:00,18.7,41.8,131.0,5.7,4.7,52.0,27.5,84,999.2,12.1,0.0
2026-08-07 06:00:00,16.8,35.4,175.0,7.5,5.2,51.0,27.4,85,999.5,11.2,0.0
2026-08-07 07:00:00,17.6,36.1,236.0,10.0,5.8,49.0,27.9,83,1000.0,11.3,0.0
2026-08-07 08:00:00,19.6,42.1,273.0,11.1,6.2,50.0,28.8,77,1000.4,14.2,0.0
2026-08-07 09:00:00,21.8,50.9,263.0,9.7,6.1,56.0,29.5,72,1000.8,14.8,0.0
2026-08-07 10:00:00,22.6,54.7,229.0,7.0,5.7,64.0,30.5,67,1001.1,15.0,0.0
2026-08-07 11:00:00,22.8,54.6,203.0,4.9,5.3,71.0,30.7,65,1001.3,16.1,0.0
2026-08-07 12:00:00,23.3,57.3,195.0,3.9,5.1,75.0,30.9,65,1000.9,15.3,0.0
2026-08-07 13:00:00,23.4,55.9,194.0,3.4,5.0,77.0,31.7,61,1000.3,15.4,0.0
2026-08-07 14:00:00,24.6,63.1,199.0,3.6,4.9,76.0,31.1,65,1000.1,16.8,0.0
2026-08-07 15:00:00,25.0,64.7,214.0,4.6,4.9,70.0,30.2,70,999.7,16.4,0.0
2026-08-07 16:00:00,23.9,59.6,234.0,6.1,5.0,61.0,30.3,68,999.0,16.2,0.0
2026-08-07 17:00:00,26.5,69.4,248.0,7.5,4.9,55.0,30.0,69,999.0,15.3,0.0
2026-08-07 18:00:00,26.7,66.6,248.0,9.7,5.3,49.0,29.2,72,999.4,12.9,0.0
2026-08-07 19:00:00,27.1,64.7,242.0,12.8,5.8,42.0,28.7,74,999.7,13.4,0.0
2026-08-07 20:00:00,28.6,64.5,234.0,14.8,6.2,36.0,28.4,77,1000.0,14.5,0.0
2026-08-07 21:00:00,24.0,53.7,228.0,14.9,6.4,35.0,28.1,79,1000.8,12.1,0.0
2026-08-07 22:00:00,23.2,53.0,221.0,14.0,6.5,35.0,27.8,81,1000.9,12.9,0.0
2026-08-07 23:00:00,21.8,48.5,208.0,12.9,6.4,36.0,28.1,81,1001.3,12.0,0.0
2026-08-08 00:00:00,20.7,45.9,183.0,11.7,6.2,37.0,28.0,81,1001.0,11.1,0.0
2026-08-08 01:00:00,23.7,55.2,153.0,10.2,5.8,37.0,27.9,81,1000.7,11.5,0.0
2026-08-08 02:00:00,20.4,45.4,131.0,9.0,5.5,38.0,27.7,83,1000.4,12.4,0.0
2026-08-08 03:00:00,18.2,40.3,118.0,8.0,5.4,38.0,27.5,84,1000.2,12.0,0.0
2026-08-08 04:00:00,17.1,38.3,114.0,7.3,5.3,38.0,27.3,85,1000.0,10.8,0.0
2026-08-08 05:00:00,16.5,36.2,128.0,6.5,5.3,42.0,27.3,86,1000.6,10.8,0.0
2026-08-08 06:00:00,16.6,37.0,179.0,7.9,5.7,41.0,27.0,87,1000.5,9.6,0.0
2026-08-08 07:00:00,18.6,44.0,249.0,9.7,6.3,41.0,27.5,84,1001.0,10.5,0.0
2026-08-08 08:00:00,20.9,51.1,291.0,10.5,6.7,43.0,28.3,79,1001.3,12.2,0.0
2026-08-08 09:00:00,23.5,60.8,278.0,9.3,6.6,51.0,29.2,73,1001.7,13.1,0.0
2026-08-08 10:00:00,25.4,68.7,237.0,7.0,6.3,61.0,30.2,67,1002.0,13.8,0.0
2026-08-08 11:00:00,27.4,78.0,206.0,5.2,6.0,70.0,30.3,67,1002.5,14.6,0.1
2026-08-08 12:00:00,27.2,78.2,197.0,4.3,5.8,76.0,29.9,70,1002.3,15.4,0.1
2026-08-08 13:00:00,27.5,78.7,197.0,3.9,5.5,79.0,30.8,66,1001.9,15.0,0.0
2026-08-08 14:00:00,27.4,78.7,204.0,4.0,5.4,80.0,30.9,65,1001.3,14.4,0.0
2026-08-08 15:00:00,26.5,75.0,223.0,4.7,5.5,76.0,30.5,66,1000.6,13.2,0.0
2026-08-08 16:00:00,25.6,70.8,250.0,5.8,5.7,69.0,30.6,64,1000.1,11.6,0.0
2026-08-08 17:00:00,32.7,97.6,266.0,6.7,6.0,74.0,30.6,65,1000.1,11.7,0.0
2026-08-08 18:00:00,30.2,85.4,263.0,8.8,6.1,64.0,29.7,68,1000.3,11.7,0.0
2026-08-08 19:00:00,27.0,69.2,251.0,11.6,6.3,51.0,29.0,72,1000.8,12.1,0.0
2026-08-08 20:00:00,25.6,61.7,237.0,13.6,6.4,41.0,28.4,77,1001.6,11.9,0.0
2026-08-08 21:00:00,24.0,56.9,226.0,14.1,6.4,37.0,28.2,79,1002.2,11.5,0.0
2026-08-08 22:00:00,23.3,55.2,214.0,13.9,6.4,37.0,28.0,80,1003.0,11.5,0.0
2026-08-08 23:00:00,21.1,48.5,198.0,13.4,6.3,37.0,27.9,80,1003.3,10.5,0.0
2026-08-09 00:00:00,19.9,44.2,173.0,12.8,6.2,37.0,27.6,82,1003.4,9.9,0.0
2026-08-09 01:00:00,18.8,41.6,145.0,11.9,6.0,37.0,27.4,83,1003.2,9.7,0.0
2026-08-09 02:00:00,17.6,38.2,125.0,11.0,5.9,37.0,27.2,84,1002.6,8.7,0.0
2026-08-09 03:00:00,16.8,36.8,118.0,10.2,5.9,37.0,27.0,85,1002.6,7.6,0.0
2026-08-09 04:00:00,16.3,36.0,120.0,9.4,5.9,37.0,26.7,87,1002.3,8.5,0.0
2026-08-09 05:00:00,16.1,33.9,130.0,9.7,6.4,38.0,27.1,84,1002.3,8.5,0.0
2026-08-09 06:00:00,16.2,33.2,157.0,9.5,6.7,40.0,27.0,85,1002.9,7.9,0.0
2026-08-09 07:00:00,18.2,41.2,193.0,9.1,7.1,43.0,27.5,83,1003.3,8.9,0.0
2026-08-09 08:00:00,19.7,51.3,215.0,8.4,7.3,48.0,28.5,77,1003.6,10.7,0.0
2026-08-09 09:00:00,22.7,63.3,211.0,6.9,7.3,58.0,29.6,71,1003.7,10.4,0.0
2026-08-09 10:00:00,25.6,76.4,194.0,5.0,7.2,71.0,30.8,65,1003.7,10.2,0.0
2026-08-09 11:00:00,28.0,85.0,179.0,3.6,7.0,82.0,31.1,64,1003.8,10.4,0.0
2026-08-09 12:00:00,28.9,83.6,170.0,2.9,6.8,90.0,30.7,67,1003.4,12.5,0.0
2026-08-09 13:00:00,29.0,81.0,164.0,2.6,6.7,97.0,30.7,68,1003.1,14.5,0.0
2026-08-09 14:00:00,27.5,74.5,162.0,2.6,6.4,98.0,31.0,67,1002.7,15.0,0.0
2026-08-09 15:00:00,24.2,63.6,168.0,3.0,6.0,90.0,30.6,68,1002.1,15.9,0.0
2026-08-09 16:00:00,21.8,57.2,180.0,3.7,5.5,77.0,30.2,69,1001.8,15.8,0.0
2026-08-09 17:00:00,32.4,99.2,188.0,4.6,5.5,72.0,30.1,68,1001.9,15.8,0.0
2026-08-09 18:00:00,28.7,85.7,191.0,6.3,5.6,64.0,29.1,73,1001.9,14.0,0.0
2026-08-09 19:00:00,25.3,71.2,191.0,8.6,5.7,53.0,28.6,75,1002.4,12.5,0.0
2026-08-09 20:00:00,23.1,58.6,187.0,10.1,5.8,45.0,28.3,77,1002.9,11.1,0.0
2026-08-09 21:00:00,21.1,51.3,177.0,10.3,5.8,42.0,28.2,78,1003.2,12.9,0.0
2026-08-09 22:00:00,19.5,46.1,162.0,9.7,5.6,43.0,28.0,79,1004.0,12.5,0.0
2026-08-09 23:00:00,16.0,36.8,149.0,9.0,5.5,43.0,28.2,78,1003.8,14.3,0.0
2026-08-10 00:00:00,13.8,30.5,138.0,8.3,5.3,43.0,27.8,80,1003.4,15.1,0.1
2026-08-10 01:00:00,12.6,27.1,127.0,7.5,5.1,44.0,27.5,83,1003.1,12.7,0.0
2026-08-10 02:00:00,11.9,25.2,120.0,6.8,4.9,44.0,27.3,84,1002.7,9.7,0.0
2026-08-10 03:00:00,11.6,24.7,111.0,6.3,4.8,44.0,27.1,86,1002.4,9.4,0.0
2026-08-10 04:00:00,11.6,24.6,105.0,5.9,4.9,44.0,27.0,86,1002.1,11.2,0.0
2026-08-10 05:00:00,11.7,28.3,118.0,5.7,4.8,47.0,27.3,84,1002.4,12.9,0.0
2026-08-10 06:00:00,12.4,28.3,170.0,7.0,5.2,46.0,27.2,85,1002.5,11.5,0.0
2026-08-10 07:00:00,14.3,32.4,241.0,8.8,5.7,46.0,27.6,83,1002.9,13.0,0.0
2026-08-10 08:00:00,17.2,42.1,282.0,9.5,6.0,48.0,28.5,78,1003.2,13.6,0.0
2026-08-10 09:00:00,20.5,57.6,264.0,8.1,5.8,56.0,29.6,71,1003.4,16.0,0.0
2026-08-10 10:00:00,23.5,70.5,217.0,5.8,5.4,67.0,30.7,64,1003.4,16.9,0.0
2026-08-10 11:00:00,25.0,71.7,181.0,3.9,5.0,75.0,30.6,66,1003.4,18.9,0.0
2026-08-10 12:00:00,26.0,73.8,174.0,3.2,4.8,79.0,31.1,64,1002.7,18.9,0.0
2026-08-10 13:00:00,25.8,67.5,178.0,3.0,4.7,81.0,30.8,65,1002.1,18.6,0.0
2026-08-10 14:00:00,24.7,61.2,186.0,3.2,4.6,80.0,30.6,67,1001.6,18.8,0.0
2026-08-10 15:00:00,23.7,55.9,198.0,3.9,4.6,75.0,30.0,70,1001.1,19.5,0.0
2026-08-10 16:00:00,25.4,59.8,214.0,5.1,4.6,67.0,29.6,73,1000.4,19.5,0.0
2026-08-10 17:00:00,25.6,65.4,223.0,6.1,4.5,60.0,29.5,70,1000.4,20.2,0.0
2026-08-10 18:00:00,23.3,55.3,218.0,7.6,4.6,55.0,28.5,74,1000.4,20.1,0.0
2026-08-10 19:00:00,22.3,49.9,206.0,9.6,4.7,47.0,27.8,77,1000.8,18.2,0.0
2026-08-10 20:00:00,22.2,47.6,195.0,11.2,4.9,42.0,27.7,77,1001.3,17.1,0.0
2026-08-10 21:00:00,20.9,43.5,189.0,11.9,5.2,40.0,27.7,77,1001.9,14.5,0.1
2026-08-10 22:00:00,18.7,39.1,183.0,12.2,5.5,40.0,27.5,81,1002.7,13.6,0.1
2026-08-10 23:00:00,19.5,40.3,174.0,11.8,5.6,40.0,27.8,81,1002.0,14.6,0.0
2026-08-11 00:00:00,19.7,39.7,157.0,10.6,5.4,41.0,27.4,83,1001.4,14.0,0.0
2026-08-11 01:00:00,19.0,37.8,137.0,8.8,5.0,42.0,27.2,85,1000.9,13.4,0.0
2026-08-11 02:00:00,17.9,35.7,122.0,7.2,4.6,43.0,27.1,86,1000.1,12.9,0.0
2026-08-11 03:00:00,17.4,35.6,112.0,6.0,4.4,44.0,27.1,86,1000.1,12.5,0.0
2026-08-11 04:00:00,17.5,36.3,108.0,5.1,4.2,45.0,27.1,86,999.9,12.7,0.0
2026-08-11 05:00:00,18.8,38.6,120.0,4.9,4.2,46.0,27.4,83,1000.4,15.0,0.0
2026-08-11 06:00:00,24.2,51.7,165.0,6.7,4.6,45.0,27.4,83,1000.7,14.5,0.0
2026-08-11 07:00:00,21.9,45.5,227.0,9.2,5.2,43.0,27.7,83,1001.2,14.1,0.0
2026-08-11 08:00:00,23.1,47.5,265.0,10.5,5.5,44.0,28.7,76,1001.4,16.5,0.0
2026-08-11 09:00:00,25.8,54.9,255.0,9.5,5.4,49.0,29.2,72,1001.7,18.1,0.0
2026-08-11 10:00:00,27.8,61.9,220.0,7.2,5.1,56.0,29.5,71,1001.8,18.4,0.2
2026-08-11 11:00:00,28.7,65.9,195.0,5.4,4.9,62.0,30.1,69,1002.1,18.9,0.2
2026-08-11 12:00:00,29.1,68.2,191.0,4.5,4.8,66.0,30.2,69,1001.4,19.2,0.1
2026-08-11 13:00:00,29.0,68.2,196.0,3.9,4.7,69.0,30.1,69,1000.8,18.3,0.1
2026-08-11 14:00:00,29.6,70.5,205.0,3.9,4.6,70.0,30.2,71,1000.4,17.1,0.2
2026-08-11 15:00:00,27.9,63.3,220.0,4.6,4.6,67.0,29.8,72,999.5,16.9,0.1
2026-08-11 16:00:00,26.7,59.4,238.0,5.8,4.7,61.0,29.9,72,998.6,16.9,0.2
2026-08-11 17:00:00,26.0,62.4,250.0,7.1,4.9,56.0,29.5,73,999.0,16.1,0.1
2026-08-11 18:00:00,24.2,53.3,249.0,9.1,5.2,51.0,28.6,77,998.8,15.6,0.0
2026-08-11 19:00:00,22.9,47.8,240.0,12.0,5.6,45.0,28.0,80,999.5,14.5,0.0
2026-08-11 20:00:00,21.6,42.6,234.0,14.3,6.0,40.0,27.6,83,1000.4,12.7,0.0
2026-08-11 21:00:00,19.4,38.1,236.0,15.8,6.4,38.0,27.3,85,1001.1,11.6,0.0
2026-08-11 22:00:00,19.4,38.1,240.0,16.9,6.8,37.0,27.1,87,1001.3,11.2,0.0
2026-08-11 23:00:00,19.0,36.8,233.0,16.7,6.9,37.0,27.4,84,1001.2,11.9,0.0
2026-08-12 00:00:00,19.0,37.7,205.0,14.5,6.5,39.0,27.0,86,1001.1,10.1,0.0
2026-08-12 01:00:00,18.7,39.3,167.0,11.1,5.9,43.0,26.8,87,1001.1,9.2,0.0
2026-08-12 02:00:00,17.6,37.8,140.0,8.5,5.4,46.0,26.7,88,1000.8,9.7,0.0
2026-08-12 03:00:00,16.8,36.4,126.0,7.2,5.2,47.0,26.4,89,1000.6,10.5,0.0
2026-08-12 04:00:00,17.2,36.9,123.0,6.7,5.2,46.0,26.5,88,1000.9,10.3,0.0
2026-08-12 05:00:00,17.5,37.5,141.0,6.8,5.3,47.0,27.0,88,1001.2,10.0,0.0
2026-08-12 06:00:00,17.6,36.4,201.0,8.7,5.6,45.0,26.9,88,1001.5,10.9,0.0
2026-08-12 07:00:00,18.3,39.6,281.0,11.3,6.1,44.0,27.1,87,1002.0,11.5,0.0
2026-08-12 08:00:00,19.8,42.5,329.0,12.5,6.4,45.0,27.9,81,1002.4,13.1,0.1
2026-08-12 09:00:00,21.7,46.9,313.0,11.1,6.5,52.0,28.9,75,1002.7,13.1,0.0
2026-08-12 10:00:00,22.2,48.4,266.0,8.3,6.6,61.0,29.6,72,1002.7,13.9,0.1
2026-08-12 11:00:00,23.7,52.0,228.0,6.0,6.5,70.0,30.0,69,1002.6,14.7,0.0
2026-08-12 12:00:00,24.0,52.5,216.0,4.7,6.3,78.0,29.8,70,1002.0,15.2,0.0
2026-08-12 13:00:00,24.3,53.0,213.0,4.0,5.9,86.0,30.6,67,1001.8,14.9,0.0
2026-08-12 14:00:00,24.4,53.1,218.0,4.0,5.7,89.0,30.5,67,1001.4,13.9,0.0
2026-08-12 15:00:00,24.5,52.5,233.0,5.1,5.7,84.0,30.6,67,1001.1,13.1,0.0
2026-08-12 16:00:00,24.9,52.9,256.0,6.9,5.9,74.0,30.1,70,1000.9,13.1,0.0
2026-08-12 17:00:00,27.5,63.3,271.0,8.5,5.9,69.0,29.7,70,1000.8,13.9,0.0
2026-08-12 18:00:00,26.3,57.4,273.0,10.4,6.1,61.0,28.9,74,1001.2,13.7,0.0
2026-08-12 19:00:00,25.1,53.2,268.0,13.1,6.3,51.0,28.4,78,1001.7,12.0,0.0
2026-08-12 20:00:00,24.6,50.6,257.0,14.9,6.5,43.0,28.2,79,1002.5,10.7,0.0
2026-08-12 21:00:00,24.9,49.9,240.0,15.3,6.6,40.0,28.1,80,1003.2,10.7,0.0
2026-08-12 22:00:00,21.7,43.4,218.0,14.8,6.7,40.0,28.0,81,1003.9,10.4,0.0
2026-08-12 23:00:00,20.3,40.3,197.0,14.0,6.7,40.0,28.0,81,1004.1,12.8,0.0
2026-08-13 00:00:00,19.4,38.3,176.0,12.8,6.4,40.0,27.5,84,1003.8,11.7,0.1
2026-08-13 01:00:00,20.8,41.8,155.0,11.2,6.0,41.0,27.3,85,1003.4,11.7,0.0
2026-08-13 02:00:00,19.3,38.5,140.0,9.8,5.7,42.0,27.0,86,1003.1,10.7,0.0
2026-08-13 03:00:00,18.3,36.9,129.0,8.6,5.5,42.0,26.9,87,1003.1,9.7,0.0
2026-08-13 04:00:00,17.2,34.5,124.0,7.6,5.4,42.0,26.8,88,1002.9,11.0,0.0
2026-08-13 05:00:00,17.7,36.8,136.0,6.8,5.3,47.0,27.1,86,1002.9,10.7,0.0
2026-08-13 06:00:00,17.8,37.6,183.0,7.7,5.4,47.0,27.0,86,1003.2,10.7,0.0
2026-08-13 07:00:00,19.6,44.5,246.0,8.9,5.6,48.0,27.0,86,1003.3,11.9,0.0
2026-08-13 08:00:00,22.4,51.9,284.0,9.3,5.8,51.0,28.2,79,1003.4,14.2,0.1
2026-08-13 09:00:00,23.9,56.3,271.0,8.2,6.0,58.0,29.4,73,1003.5,15.3,0.0
2026-08-13 10:00:00,24.3,58.8,232.0,6.4,6.2,68.0,30.1,68,1003.7,15.1,0.1
2026-08-13 11:00:00,25.3,64.3,202.0,4.9,6.2,76.0,30.2,67,1004.3,15.5,0.2
2026-08-13 12:00:00,25.4,62.6,194.0,4.0,5.9,83.0,30.2,67,1003.8,15.7,0.0
2026-08-13 13:00:00,25.6,61.0,195.0,3.4,5.5,89.0,30.5,66,1003.3,16.0,0.0
2026-08-13 14:00:00,25.1,57.6,201.0,3.4,5.2,90.0,30.9,64,1002.6,16.1,0.0
2026-08-13 15:00:00,23.9,53.3,216.0,4.2,5.1,83.0,30.5,64,1002.2,16.0,0.0
2026-08-13 16:00:00,22.8,50.2,236.0,5.6,5.0,71.0,30.2,66,1001.4,16.1,0.0
2026-08-13 17:00:00,21.6,50.8,248.0,6.5,4.6,61.0,29.6,69,1001.8,16.8,0.0
2026-08-13 18:00:00,21.0,48.0,247.0,8.8,5.0,55.0,28.7,74,1002.0,14.8,0.0
2026-08-13 19:00:00,21.5,48.0,238.0,11.9,5.5,47.0,28.0,77,1002.2,14.6,0.0
2026-08-13 20:00:00,22.3,48.0,225.0,13.9,5.8,41.0,27.9,77,1002.8,14.5,0.1
2026-08-13 21:00:00,22.6,47.5,206.0,13.8,5.8,40.0,27.8,77,1003.2,15.6,0.1
2026-08-13 22:00:00,20.4,43.1,183.0,12.6,5.7,41.0,27.4,81,1003.8,15.0,0.1
2026-08-13 23:00:00,20.1,41.7,163.0,11.3,5.5,42.0,27.3,82,1003.6,15.5,0.1
2026-08-14 00:00:00,21.4,44.5,150.0,10.0,5.2,43.0,27.1,82,1003.5,13.2,0.0
2026-08-14 01:00:00,27.4,60.3,141.0,8.6,4.8,44.0,26.7,85,1003.1,12.1,0.0
2026-08-14 02:00:00,21.2,43.9,134.0,7.4,4.6,45.0,26.6,86,1002.4,11.7,0.0
2026-08-14 03:00:00,19.8,41.1,125.0,6.5,4.5,45.0,26.7,85,1002.0,12.7,0.0
2026-08-14 04:00:00,18.9,39.3,118.0,5.9,4.6,45.0,26.6,85,1001.9,13.0,0.0
2026-08-14 05:00:00,19.4,41.7,127.0,5.3,4.3,48.0,26.8,82,1001.5,12.8,0.0
2026-08-14 06:00:00,19.8,41.0,170.0,6.6,4.6,47.0,26.8,82,1001.7,13.5,0.0
2026-08-14 07:00:00,21.7,46.3,228.0,8.4,5.0,47.0,27.1,81,1002.1,14.4,0.0
2026-08-14 08:00:00,24.5,54.0,263.0,9.2,5.3,49.0,28.1,75,1002.5,15.6,0.0
2026-08-14 09:00:00,26.8,60.8,251.0,8.0,5.2,57.0,29.0,69,1002.9,16.4,0.0
2026-08-14 10:00:00,26.8,61.0,215.0,5.7,5.0,67.0,29.6,66,1002.9,17.3,0.0
2026-08-14 11:00:00,26.4,59.3,188.0,4.1,4.7,73.0,30.2,63,1003.0,19.1,0.1
2026-08-14 12:00:00,25.4,57.0,183.0,3.8,4.5,72.0,29.6,67,1003.0,18.2,0.1
2026-08-14 13:00:00,23.3,52.6,186.0,4.1,4.2,67.0,29.7,69,1002.6,19.3,0.3
2026-08-14 14:00:00,21.9,49.7,194.0,4.8,4.1,62.0,29.2,73,1002.6,19.2,0.1
2026-08-14 15:00:00,20.5,44.6,208.0,6.0,4.2,58.0,29.6,71,1002.2,19.3,0.2
2026-08-14 16:00:00,20.1,42.5,227.0,7.6,4.4,54.0,29.1,72,1001.3,19.6,0.2
2026-08-14 17:00:00,22.1,47.4,239.0,8.7,4.5,52.0,29.3,69,1001.4,18.0,0.2
2026-08-14 18:00:00,22.5,46.4,238.0,9.8,4.7,50.0,28.6,73,1001.6,16.4,0.0
2026-08-14 19:00:00,22.4,45.1,230.0,11.4,5.0,47.0,28.1,75,1001.8,16.3,0.0
2026-08-14 20:00:00,23.5,46.3,223.0,12.5,5.2,44.0,27.7,77,1002.1,15.1,0.0
2026-08-14 21:00:00,21.1,42.4,224.0,12.8,5.4,43.0,27.5,78,1002.7,14.0,0.0
2026-08-14 22:00:00,18.8,36.9,227.0,12.7,5.5,42.0,27.3,80,1003.3,13.4,0.0
2026-08-14 23:00:00,19.8,39.8,220.0,12.0,5.5,42.0,27.4,80,1002.8,14.9,0.0
2026-08-15 00:00:00,19.6,38.4,192.0,10.5,5.2,43.0,27.1,82,1002.6,12.5,0.0
2026-08-15 01:00:00,18.0,35.4,153.0,8.6,4.6,44.0,26.9,83,1002.2,11.4,0.0
2026-08-15 02:00:00,19.0,38.5,125.0,7.0,4.3,45.0,27.0,82,1002.0,11.7,0.0
2026-08-15 03:00:00,19.4,39.8,111.0,6.1,4.3,45.0,27.0,83,1001.8,12.7,0.0
2026-08-15 04:00:00,18.3,37.4,107.0,5.6,4.5,45.0,26.9,85,1001.8,13.2,0.0
2026-08-15 05:00:00,16.2,33.9,123.0,5.9,4.6,47.0,27.3,82,1001.8,13.4,0.0
2026-08-15 06:00:00,16.2,33.2,178.0,7.4,4.9,46.0,27.2,83,1002.1,12.4,0.0
2026-08-15 07:00:00,17.8,36.9,254.0,9.5,5.2,45.0,27.4,82,1002.5,12.0,0.0
2026-08-15 08:00:00,20.3,43.4,299.0,10.5,5.5,46.0,27.9,78,1002.8,13.8,0.0
2026-08-15 09:00:00,22.0,48.8,284.0,9.6,5.5,51.0,28.5,75,1003.3,14.9,0.0
2026-08-15 10:00:00,23.3,51.8,239.0,7.7,5.4,57.0,29.3,71,1003.4,15.6,0.1
2026-08-15 11:00:00,23.5,52.9,205.0,6.1,5.3,63.0,30.0,67,1003.6,16.1,0.1
2026-08-15 12:00:00,24.4,55.1,197.0,5.3,5.2,67.0,29.5,71,1003.4,16.7,0.1
2026-08-15 13:00:00,24.4,54.9,200.0,4.9,5.1,69.0,30.2,68,1003.0,16.1,0.1
2026-08-15 14:00:00,24.7,54.9,207.0,5.0,5.1,69.0,30.1,70,1002.5,16.6,0.1
2026-08-15 15:00:00,23.2,51.2,221.0,6.0,5.1,66.0,29.7,73,1001.8,16.9,0.0
2026-08-15 16:00:00,22.2,48.4,240.0,7.5,5.2,60.0,29.5,73,1001.6,16.4,0.0
2026-08-15 17:00:00,23.1,50.9,252.0,8.4,5.3,58.0,29.1,75,1001.8,15.9,0.0
2026-08-15 18:00:00,23.0,49.6,251.0,10.4,5.6,53.0,28.4,77,1001.9,13.9,0.0
2026-08-15 19:00:00,22.7,47.5,242.0,13.2,6.0,47.0,27.7,81,1002.1,12.5,0.0
2026-08-15 20:00:00,21.0,42.8,232.0,15.4,6.3,42.0,27.5,82,1002.6,11.7,0.0
2026-08-15 21:00:00,19.1,38.4,223.0,16.6,6.5,39.0,27.4,83,1003.2,12.7,0.1
2026-08-15 22:00:00,18.9,36.7,212.0,17.3,6.7,37.0,27.2,85,1003.3,12.5,0.0
2026-08-15 23:00:00,18.5,34.2,196.0,16.9,6.6,37.0,27.4,85,1003.2,12.6,0.0
2026-08-16 00:00:00,17.8,32.8,170.0,14.8,6.1,38.0,27.1,86,1003.2,11.5,0.0
2026-08-16 01:00:00,17.1,31.5,140.0,11.7,5.4,41.0,27.1,86,1002.7,10.9,0.0
2026-08-16 02:00:00,16.4,30.7,119.0,9.2,4.8,43.0,27.0,86,1001.9,10.9,0.0
2026-08-16 03:00:00,16.1,30.7,111.0,7.8,4.6,44.0,26.6,89,1001.7,10.9,0.0
2026-08-16 04:00:00,16.1,31.4,112.0,7.1,4.6,44.0,26.6,89,1001.5,11.8,0.0
2026-08-16 05:00:00,16.9,32.6,122.0,6.4,4.5,45.0,27.0,88,1001.4,12.8,0.0
2026-08-16 06:00:00,16.9,34.0,149.0,7.1,4.9,46.0,27.1,87,1001.7,12.2,0.0
2026-08-16 07:00:00,18.0,37.5,185.0,8.0,5.4,47.0,27.3,85,1001.9,11.7,0.0
2026-08-16 08:00:00,18.5,41.8,206.0,8.2,5.7,49.0,27.9,82,1002.1,11.9,0.0
2026-08-16 09:00:00,21.5,51.0,198.0,7.1,5.7,54.0,29.2,74,1002.3,13.5,0.0
2026-08-16 10:00:00,22.5,56.2,176.0,5.4,5.4,60.0,29.9,70,1001.9,16.8,0.1
2026-08-16 11:00:00,23.8,63.1,159.0,4.1,5.2,65.0,29.4,73,1002.2,18.0,0.2
2026-08-16 12:00:00,24.2,63.1,154.0,3.5,5.0,67.0,29.3,74,1001.8,17.7,0.2
2026-08-16 13:00:00,24.0,61.9,155.0,3.2,4.8,68.0,29.7,72,1001.2,17.7,0.1
2026-08-16 14:00:00,23.2,57.9,159.0,3.3,4.6,67.0,29.9,70,1000.7,16.8,0.0
2026-08-16 15:00:00,22.4,53.9,168.0,3.7,4.5,64.0,29.7,71,1000.5,16.5,0.0
2026-08-16 16:00:00,21.9,51.5,180.0,4.5,4.4,61.0,29.2,74,1000.3,16.9,0.1
2026-08-16 17:00:00,22.5,53.9,187.0,5.5,4.5,55.0,29.0,75,1000.6,17.5,0.1
2026-08-16 18:00:00,22.6,52.0,186.0,6.2,4.6,53.0,28.4,76,1001.0,17.1,0.0
2026-08-16 19:00:00,22.4,49.5,180.0,7.1,4.8,51.0,27.8,79,1001.4,16.7,0.0
2026-08-16 20:00:00,20.1,44.0,174.0,7.8,5.0,49.0,27.7,81,1001.9,16.4,0.2
2026-08-16 21:00:00,18.2,38.3,172.0,8.2,5.1,48.0,27.5,81,1002.7,16.2,0.0
2026-08-16 22:00:00,17.4,35.9,171.0,8.3,5.2,49.0,27.2,84,1003.2,14.6,0.0
2026-08-16 23:00:00,16.9,34.6,165.0,8.1,5.1,49.0,27.3,83,1002.8,14.4,0.0
2026-08-17 00:00:00,16.6,34.3,150.0,7.3,4.7,50.0,27.0,83,1002.6,13.7,0.0
2026-08-17 01:00:00,15.9,33.3,130.0,6.0,4.3,50.0,26.9,84,1002.3,14.3,0.0
2026-08-17 02:00:00,15.4,32.1,115.0,5.1,3.9,51.0,26.7,85,1001.8,15.0,0.0
2026-08-17 03:00:00,15.0,31.8,105.0,4.5,3.8,51.0,26.7,84,1001.3,15.4,0.0
2026-08-17 04:00:00,14.8,31.5,100.0,4.2,3.8,51.0,26.7,84,1001.0,15.0,0.0
2026-08-17 05:00:00,18.6,42.4,113.0,4.8,4.1,50.0,26.8,87,1001.2,12.7,0.0
2026-08-17 06:00:00,16.9,36.7,163.0,6.5,4.7,49.0,26.8,86,1001.5,12.2,0.0
2026-08-17 07:00:00,17.7,39.0,232.0,8.7,5.4,48.0,26.9,84,1002.0,12.2,0.0
2026-08-17 08:00:00,19.1,45.1,273.0,9.9,5.9,49.0,27.9,79,1002.4,15.2,0.1
2026-08-17 09:00:00,22.1,53.8,260.0,8.9,5.9,54.0,28.7,74,1002.6,16.5,0.1
2026-08-17 10:00:00,23.1,57.2,220.0,6.9,5.7,60.0,29.6,69,1002.9,16.3,0.0
2026-08-17 11:00:00,23.5,58.6,189.0,5.2,5.4,65.0,30.3,65,1003.0,16.9,0.1
2026-08-17 12:00:00,23.1,56.1,182.0,4.3,5.1,67.0,29.5,70,1002.7,17.6,0.2
2026-08-17 13:00:00,22.1,53.1,184.0,3.7,4.7,68.0,29.5,71,1002.2,18.6,0.1
2026-08-17 14:00:00,21.3,50.1,191.0,3.7,4.5,67.0,29.6,71,1002.1,18.9,0.0
2026-08-17 15:00:00,20.8,47.7,204.0,4.4,4.4,63.0,29.7,70,1001.6,18.7,0.1
2026-08-17 16:00:00,19.8,44.0,220.0,5.7,4.4,57.0,29.1,72,1001.5,19.1,0.1
2026-08-17 17:00:00,23.0,54.0,230.0,6.7,4.4,53.0,28.9,74,1001.7,18.7,0.2
2026-08-17 18:00:00,22.4,50.4,227.0,8.2,4.6,50.0,28.3,78,1002.0,17.9,0.0
2026-08-17 19:00:00,22.2,48.4,216.0,10.3,5.0,45.0,27.7,80,1002.1,17.6,0.0
2026-08-17 20:00:00,22.4,47.1,208.0,11.6,5.2,42.0,27.3,83,1002.7,16.9,0.0
2026-08-17 21:00:00,22.0,45.4,207.0,11.7,5.3,41.0,27.2,83,1003.2,15.9,0.0
2026-08-17 22:00:00,20.2,42.5,208.0,11.1,5.4,41.0,27.2,83,1004.0,13.7,0.0
2026-08-17 23:00:00,19.1,41.6,202.0,10.2,5.3,42.0,27.3,84,1003.8,13.9,0.0
2026-08-18 00:00:00,17.3,36.9,181.0,8.9,5.0,43.0,27.2,84,1003.5,13.2,0.0
2026-08-18 01:00:00,16.9,36.4,153.0,7.3,4.6,44.0,27.0,84,1003.3,13.5,0.0
2026-08-18 02:00:00,22.1,51.2,132.0,6.1,4.3,45.0,26.9,86,1003.0,13.7,0.0
2026-08-18 03:00:00,18.3,39.5,120.0,5.5,4.3,45.0,26.7,87,1002.7,13.7,0.0
2026-08-18 04:00:00,17.4,36.8,114.0,5.3,4.4,46.0,26.8,88,1002.5,14.0,0.0
2026-08-18 05:00:00,16.5,34.8,125.0,5.5,4.6,47.0,27.2,82,1002.3,14.2,0.0
2026-08-18 06:00:00,16.0,32.9,168.0,7.0,4.9,47.0,27.0,84,1002.6,13.4,0.0
2026-08-18 07:00:00,16.2,32.4,228.0,9.0,5.4,46.0,27.3,83,1003.0,13.1,0.0
2026-08-18 08:00:00,17.2,35.9,265.0,9.9,5.6,48.0,28.4,76,1003.5,17.7,0.0
2026-08-18 09:00:00,17.9,37.3,256.0,8.6,5.5,54.0,29.2,71,1003.8,17.5,0.0
2026-08-18 10:00:00,17.0,35.3,224.0,6.1,5.2,62.0,29.8,69,1004.2,17.3,0.0
2026-08-18 11:00:00,16.3,32.6,199.0,4.2,4.9,67.0,30.3,62,1004.4,19.1,0.0
2026-08-18 12:00:00,16.6,33.1,190.0,3.4,4.7,68.0,30.5,63,1004.3,19.2,0.0
2026-08-18 13:00:00,16.9,32.9,188.0,3.2,4.5,67.0,30.5,64,1003.9,19.6,0.0
2026-08-18 14:00:00,17.0,32.7,192.0,3.5,4.4,64.0,30.1,67,1003.4,20.3,0.0
2026-08-18 15:00:00,16.9,32.6,206.0,4.2,4.3,60.0,29.7,70,1003.0,21.0,0.2
2026-08-18 16:00:00,17.0,32.8,227.0,5.4,4.3,54.0,29.0,74,1002.3,20.2,0.1
2026-08-18 17:00:00,17.6,38.5,239.0,6.7,4.1,49.0,29.2,70,1002.6,19.3,0.1
2026-08-18 18:00:00,18.3,36.8,236.0,8.8,4.4,45.0,28.5,72,1002.8,19.0,0.1
2026-08-18 19:00:00,19.6,38.0,224.0,11.7,4.8,40.0,28.0,76,1003.0,19.3,0.1
2026-08-18 20:00:00,20.8,38.3,214.0,13.4,5.1,36.0,27.7,79,1003.5,18.4,0.1
2026-08-18 21:00:00,19.8,37.3,211.0,13.0,5.2,35.0,27.7,80,1003.9,18.5,0.1
2026-08-18 22:00:00,18.7,36.3,208.0,11.6,5.1,36.0,27.5,82,1004.2,16.7,0.1
2026-08-18 23:00:00,16.5,31.7,199.0,10.0,4.9,37.0,27.4,81,1004.5,16.9,0.0
