time,pm2_5,pm10,carbon_monoxide,nitrogen_dioxide,sulphur_dioxide,ozone,temperature_2m,relative_humidity_2m,surface_pressure,wind_speed_10m,precipitation,hour,day,month,day_of_week,pm2_5_change,pm10_change,pm2_5_change_rate,pm10_change_rate
2026-05-21 00:00:00,23.1,52.7,185.0,11.5,5.0,56.0,28.7,84,1003.1,15.3,0.0,0,21,5,3,,,,
2026-05-21 01:00:00,22.5,53.6,165.0,8.7,4.5,59.0,28.3,88,1002.7,14.0,0.0,1,21,5,3,-0.6000000000000014,0.8999999999999986,-2.5974025974025983,1.7077798861480087
2026-05-21 02:00:00,22.4,54.5,152.0,6.7,4.2,60.0,28.2,88,1002.4,14.2,0.0,2,21,5,3,-0.10000000000000142,0.8999999999999986,-0.4444444444444473,1.679104477611948
2026-05-21 03:00:00,22.5,55.8,145.0,5.9,4.2,60.0,28.2,86,1002.3,14.1,0.0,3,21,5,3,0.10000000000000142,1.2999999999999972,0.44642857142858094,2.3853211009174258
2026-05-21 04:00:00,22.8,57.2,145.0,5.8,4.4,59.0,28.3,83,1002.4,13.7,0.0,4,21,5,3,0.3000000000000007,1.4000000000000057,1.333333333333342,2.508960573476715
2026-05-21 05:00:00,23.8,61.0,157.0,6.0,4.6,62.0,28.3,84,1002.4,12.5,0.0,5,21,5,3,1.0,3.799999999999997,4.385964912280693,6.643356643356646
2026-05-21 06:00:00,24.7,63.6,195.0,6.9,5.0,64.0,28.1,84,1003.0,12.1,0.0,6,21,5,3,0.8999999999999986,2.6000000000000014,3.7815126050420034,4.2622950819672045
2026-05-21 07:00:00,28.2,80.8,245.0,8.1,5.5,66.0,28.7,80,1003.6,13.6,0.0,7,21,5,3,3.5,17.199999999999996,14.170040485829949,27.0440251572327
2026-05-21 08:00:00,33.1,100.8,275.0,8.5,5.8,71.0,29.8,74,1004.2,14.9,0.0,8,21,5,3,4.900000000000002,20.0,17.375886524822693,24.752475247524753
2026-05-21 09:00:00,36.1,111.3,264.0,7.3,5.8,80.0,30.9,67,1004.4,15.5,0.0,9,21,5,3,3.0,10.5,9.06344410876132,10.416666666666675
2026-05-21 10:00:00,34.6,105.7,233.0,5.2,5.7,92.0,31.6,65,1004.6,15.9,0.0,10,21,5,3,-1.5,-5.599999999999994,-4.155124653739617,-5.031446540880502
2026-05-21 11:00:00,34.6,104.1,209.0,3.7,5.5,100.0,32.5,62,1004.6,15.9,0.0,11,21,5,3,0.0,-1.6000000000000085,0.0,-1.5137180700094732
2026-05-21 12:00:00,34.1,103.6,203.0,3.1,5.4,102.0,32.5,63,1004.4,15.9,0.0,12,21,5,3,-0.5,-0.5,-1.4450867052023142,-0.4803073967339144
2026-05-21 13:00:00,33.5,101.0,204.0,3.1,5.2,100.0,32.6,63,1003.9,16.6,0.0,13,21,5,3,-0.6000000000000014,-2.5999999999999943,-1.7595307917888658,-2.5096525096525046
2026-05-21 14:00:00,32.7,95.5,210.0,3.4,5.1,96.0,32.4,64,1003.3,16.7,0.0,14,21,5,3,-0.7999999999999972,-5.5,-2.3880597014925287,-5.44554455445545
2026-05-21 15:00:00,31.9,91.5,223.0,4.0,5.0,89.0,32.1,65,1002.9,17.1,0.0,15,21,5,3,-0.8000000000000043,-4.0,-2.4464831804281495,-4.188481675392675
2026-05-21 16:00:00,31.1,87.5,241.0,5.0,4.8,80.0,31.7,66,1002.5,16.1,0.0,16,21,5,3,-0.7999999999999972,-4.0,-2.507836990595602,-4.371584699453557
2026-05-21 17:00:00,42.3,123.4,252.0,6.6,5.1,77.0,31.6,66,1002.5,15.3,0.0,17,21,5,3,11.199999999999996,35.900000000000006,36.0128617363344,41.02857142857144
2026-05-21 18:00:00,42.6,122.5,249.0,8.2,5.2,70.0,30.6,70,1002.7,15.4,0.0,18,21,5,3,0.30000000000000426,-0.9000000000000057,0.7092198581560405,-0.7293354943273989
2026-05-21 19:00:00,42.5,118.3,238.0,10.4,5.3,61.0,29.9,73,1003.2,15.0,0.0,19,21,5,3,-0.10000000000000142,-4.200000000000003,-0.23474178403756207,-3.4285714285714364
2026-05-21 20:00:00,42.6,115.3,228.0,12.3,5.5,54.0,29.6,75,1003.7,14.4,0.0,20,21,5,3,0.10000000000000142,-3.0,0.23529411764706687,-2.5359256128486884
2026-05-21 21:00:00,39.2,102.2,221.0,13.6,5.7,50.0,29.3,78,1004.3,13.2,0.0,21,21,5,3,-3.3999999999999986,-13.099999999999994,-7.981220657276989,-11.361665221162177
2026-05-21 22:00:00,38.0,97.3,215.0,14.5,6.0,49.0,29.0,81,1004.8,12.7,0.0,22,21,5,3,-1.2000000000000028,-4.900000000000006,-3.0612244897959218,-4.794520547945213
2026-05-21 23:00:00,37.1,92.7,206.0,14.6,6.1,48.0,29.0,81,1004.9,13.3,0.0,23,21,5,3,-0.8999999999999986,-4.599999999999994,-2.368421052631575,-4.727646454265155
2026-05-22 00:00:00,36.4,90.3,191.0,13.5,5.9,48.0,28.7,82,1004.9,13.0,0.0,0,22,5,4,-0.7000000000000028,-2.4000000000000057,-1.8867924528301994,-2.588996763754048
2026-05-22 01:00:00,35.3,87.3,174.0,11.6,5.6,49.0,28.5,84,1004.7,12.2,0.0,1,22,5,4,-1.1000000000000014,-3.0,-3.0219780219780223,-3.322259136212624
2026-05-22 02:00:00,34.1,84.8,162.0,10.1,5.4,49.0,28.3,85,1004.4,11.3,0.0,2,22,5,4,-1.1999999999999957,-2.5,-3.399433427762033,-2.863688430698741
2026-05-22 03:00:00,33.3,83.6,156.0,9.4,5.5,48.0,28.1,87,1004.7,10.6,0.0,3,22,5,4,-0.8000000000000043,-1.2000000000000028,-2.346041055718484,-1.4150943396226467
2026-05-22 04:00:00,32.6,82.4,155.0,9.1,5.7,47.0,27.9,88,1004.9,9.7,0.0,4,22,5,4,-0.6999999999999957,-1.1999999999999886,-2.102102102102088,-1.4354066985645786
2026-05-22 05:00:00,30.9,79.9,169.0,7.6,5.4,52.0,28.1,86,1004.9,9.6,0.0,5,22,5,4,-1.7000000000000028,-2.5,-5.214723926380371,-3.033980582524276
2026-05-22 06:00:00,31.0,79.9,214.0,8.2,5.8,53.0,27.9,87,1005.4,9.7,0.0,6,22,5,4,0.10000000000000142,0.0,0.3236245954692629,0.0
2026-05-22 07:00:00,34.0,98.0,274.0,9.0,6.3,55.0,28.7,82,1006.3,10.2,0.0,7,22,5,4,3.0,18.099999999999994,9.677419354838701,22.65331664580725
2026-05-22 08:00:00,37.4,117.6,310.0,9.1,6.7,60.0,29.9,75,1006.9,10.5,0.0,8,22,5,4,3.3999999999999986,19.599999999999994,9.999999999999986,19.999999999999996
2026-05-22 09:00:00,40.2,130.4,297.0,7.8,6.8,72.0,30.9,70,1007.4,10.8,0.0,9,22,5,4,2.8000000000000043,12.800000000000011,7.4866310160427885,10.88435374149661
2026-05-22 10:00:00,42.4,138.8,259.0,5.8,6.9,87.0,31.7,67,1007.7,11.8,0.0,10,22,5,4,2.1999999999999957,8.400000000000006,5.472636815920384,6.44171779141105
2026-05-22 11:00:00,43.8,139.7,231.0,4.3,6.8,98.0,32.4,63,1007.7,11.7,0.0,11,22,5,4,1.3999999999999986,0.8999999999999773,3.301886792452824,0.6484149855907617
2026-05-22 12:00:00,45.1,143.0,227.0,3.7,6.6,103.0,32.7,61,1007.4,12.4,0.0,12,22,5,4,1.3000000000000043,3.3000000000000114,2.9680365296803846,2.362204724409467
2026-05-22 13:00:00,45.5,143.9,233.0,3.5,6.4,105.0,33.0,59,1006.8,13.2,0.0,13,22,5,4,0.3999999999999986,0.9000000000000057,0.8869179600886845,0.6293706293706292
2026-05-22 14:00:00,45.6,143.9,242.0,3.8,6.2,103.0,32.9,60,1006.1,14.1,0.0,14,22,5,4,0.10000000000000142,0.0,0.219780219780219,0.0
2026-05-22 15:00:00,45.4,141.6,256.0,4.6,6.1,95.0,32.4,62,1005.6,15.2,0.0,15,22,5,4,-0.20000000000000284,-2.3000000000000114,-0.43859649122807154,-1.5983321751216195
2026-05-22 16:00:00,43.9,132.2,273.0,5.9,5.9,83.0,31.5,66,1005.4,15.6,0.0,16,22,5,4,-1.5,-9.400000000000006,-3.3039647577092546,-6.638418079096054
2026-05-22 17:00:00,52.6,163.0,279.0,7.5,5.8,74.0,31.3,70,1005.3,13.7,0.0,17,22,5,4,8.700000000000003,30.80000000000001,19.817767653758555,23.298033282904697
2026-05-22 18:00:00,51.2,156.9,265.0,8.6,5.6,67.0,30.1,75,1005.6,13.7,0.0,18,22,5,4,-1.3999999999999986,-6.099999999999994,-2.6615969581749055,-3.742331288343559
2026-05-22 19:00:00,49.6,148.1,239.0,10.1,5.4,57.0,29.6,78,1006.0,13.1,0.0,19,22,5,4,-1.6000000000000014,-8.800000000000011,-3.125,-5.608667941363931
2026-05-22 20:00:00,49.1,147.6,217.0,11.0,5.2,50.0,29.4,79,1006.5,14.8,0.0,20,22,5,4,-0.5,-0.5,-1.008064516129037,-0.33760972316002613
2026-05-22 21:00:00,49.1,151.3,204.0,10.9,5.1,48.0,29.2,79,1006.8,15.7,0.0,21,22,5,4,0.0,3.700000000000017,0.0,2.5067750677506995
2026-05-22 22:00:00,48.5,142.5,195.0,10.2,5.1,50.0,29.1,79,1007.4,14.5,0.0,22,22,5,4,-0.6000000000000014,-8.800000000000011,-1.2219959266802527,-5.816259087904829
2026-05-22 23:00:00,48.9,139.2,185.0,9.4,5.0,51.0,29.1,80,1007.5,14.3,0.0,23,22,5,4,0.3999999999999986,-3.3000000000000114,0.8247422680412342,-2.3157894736842155
2026-05-23 00:00:00,49.0,137.4,170.0,8.5,4.9,52.0,29.0,80,1007.5,13.7,0.0,0,23,5,5,0.10000000000000142,-1.799999999999983,0.2044989775051187,-1.2931034482758452
2026-05-23 01:00:00,49.1,135.0,154.0,7.6,4.7,53.0,28.8,81,1007.3,12.8,0.0,1,23,5,5,0.10000000000000142,-2.4000000000000057,0.20408163265306367,-1.7467248908296984
2026-05-23 02:00:00,48.4,133.6,143.0,6.8,4.6,54.0,28.5,83,1007.2,11.8,0.0,2,23,5,5,-0.7000000000000028,-1.4000000000000057,-1.4256619144602856,-1.0370370370370363
2026-05-23 03:00:00,46.9,127.6,136.0,6.3,4.7,55.0,28.4,82,1007.1,10.7,0.0,3,23,5,5,-1.5,-6.0,-3.0991735537190035,-4.491017964071853
2026-05-23 04:00:00,44.0,121.1,134.0,6.1,4.8,57.0,28.2,82,1007.2,10.0,0.0,4,23,5,5,-2.8999999999999986,-6.5,-6.183368869936034,-5.094043887147337
2026-05-23 05:00:00,38.0,99.0,149.0,6.2,5.0,61.0,28.0,82,1007.0,10.3,0.0,5,23,5,5,-6.0,-22.099999999999994,-13.636363636363635,-18.249380677126336
2026-05-23 06:00:00,36.2,90.3,199.0,7.2,5.4,64.0,27.7,84,1007.4,10.0,0.0,6,23,5,5,-1.7999999999999972,-8.700000000000003,-4.73684210526315,-8.787878787878789
2026-05-23 07:00:00,38.2,105.9,265.0,8.6,5.9,68.0,28.3,78,1007.8,10.3,0.0,7,23,5,5,2.0,15.600000000000009,5.524861878453047,17.27574750830565
2026-05-23 08:00:00,40.2,110.8,305.0,9.1,6.3,75.0,29.4,73,1008.3,9.9,0.0,8,23,5,5,2.0,4.8999999999999915,5.235602094240832,4.627006610009432
2026-05-23 09:00:00,40.4,109.4,293.0,7.9,6.5,89.0,30.6,66,1008.8,10.7,0.0,9,23,5,5,0.19999999999999574,-1.3999999999999915,0.4975124378109319,-1.2635379061371799
2026-05-23 10:00:00,40.7,108.3,255.0,5.9,6.6,106.0,31.6,62,1009.0,12.0,0.0,10,23,5,5,0.30000000000000426,-1.1000000000000085,0.7425742574257432,-1.0054844606947055
2026-05-23 11:00:00,40.5,106.6,226.0,4.3,6.5,118.0,32.3,60,1008.7,12.8,0.0,11,23,5,5,-0.20000000000000284,-1.7000000000000028,-0.49140049140049546,-1.5697137580794163
2026-05-23 12:00:00,40.0,102.9,221.0,3.6,6.2,122.0,32.6,58,1008.4,13.4,0.0,12,23,5,5,-0.5,-3.6999999999999886,-1.2345679012345734,-3.470919324577848
2026-05-23 13:00:00,39.6,100.1,225.0,3.5,5.8,120.0,32.5,58,1007.9,14.4,0.0,13,23,5,5,-0.3999999999999986,-2.8000000000000114,-1.0000000000000009,-2.721088435374164
2026-05-23 14:00:00,39.1,99.0,231.0,3.7,5.5,115.0,32.0,62,1007.4,15.5,0.0,14,23,5,5,-0.5,-1.0999999999999943,-1.2626262626262652,-1.098901098901095
2026-05-23 15:00:00,38.8,99.4,239.0,4.4,5.2,105.0,31.5,65,1007.0,16.4,0.0,15,23,5,5,-0.30000000000000426,0.4000000000000057,-0.7672634271099876,0.40404040404040664
2026-05-23 16:00:00,39.0,100.8,248.0,5.5,5.0,91.0,31.0,67,1006.5,16.7,0.0,16,23,5,5,0.20000000000000284,1.3999999999999915,0.5154639175257714,1.4084507042253502
2026-05-23 17:00:00,39.0,101.0,253.0,7.1,5.0,84.0,30.9,67,1006.3,15.8,0.0,17,23,5,5,0.0,0.20000000000000284,0.0,0.1984126984126977
2026-05-23 18:00:00,39.5,102.2,249.0,8.7,5.1,76.0,29.9,71,1006.1,14.9,0.0,18,23,5,5,0.5,1.2000000000000028,1.2820512820512775,1.1881188118811892
2026-05-23 19:00:00,39.5,101.3,240.0,11.0,5.2,65.0,29.0,76,1006.1,14.0,0.0,19,23,5,5,0.0,-0.9000000000000057,0.0,-0.8806262230919848
2026-05-23 20:00:00,39.5,100.4,229.0,12.8,5.3,57.0,28.6,78,1006.4,13.4,0.0,20,23,5,5,0.0,-0.8999999999999915,0.0,-0.8884501480750151
2026-05-23 21:00:00,38.6,92.2,215.0,13.9,5.4,54.0,28.6,77,1007.0,13.9,0.0,21,23,5,5,-0.8999999999999986,-8.200000000000003,-2.278481012658229,-8.16733067729084
2026-05-23 22:00:00,38.5,89.6,199.0,14.6,5.6,54.0,28.5,78,1007.6,14.3,0.0,22,23,5,5,-0.10000000000000142,-2.6000000000000085,-0.2590673575129543,-2.819956616052066
2026-05-23 23:00:00,38.2,88.0,183.0,14.1,5.5,55.0,28.5,79,1007.5,14.0,0.0,23,23,5,5,-0.29999999999999716,-1.5999999999999943,-0.7792207792207684,-1.7857142857142794
2026-05-24 00:00:00,37.3,85.7,166.0,11.7,5.0,58.0,28.2,80,1007.2,13.6,0.0,0,24,5,6,-0.9000000000000057,-2.299999999999997,-2.3560209424083878,-2.6136363636363624
2026-05-24 01:00:00,36.2,85.2,149.0,8.3,4.2,63.0,28.0,82,1006.7,14.3,0.0,1,24,5,6,-1.0999999999999943,-0.5,-2.949061662198371,-0.5834305717619559
2026-05-24 02:00:00,35.2,82.4,137.0,5.6,3.7,67.0,27.8,82,1006.3,14.6,0.0,2,24,5,6,-1.0,-2.799999999999997,-2.7624309392265234,-3.2863849765258135
2026-05-24 03:00:00,34.6,82.0,132.0,4.5,3.6,68.0,27.8,81,1006.0,14.6,0.0,3,24,5,6,-0.6000000000000014,-0.4000000000000057,-1.7045454545454586,-0.4854368932038944
2026-05-24 04:00:00,35.7,85.7,133.0,4.3,3.7,68.0,27.8,79,1006.4,14.2,0.0,4,24,5,6,1.1000000000000014,3.700000000000003,3.1791907514450823,4.5121951219512235
2026-05-24 05:00:00,33.4,77.8,140.0,4.2,3.7,72.0,27.9,81,1006.7,14.8,0.0,5,24,5,6,-2.3000000000000043,-7.900000000000006,-6.442577030812336,-9.218203033838979
2026-05-24 06:00:00,33.9,81.0,158.0,4.5,3.9,74.0,28.0,78,1007.2,14.5,0.0,6,24,5,6,0.5,3.200000000000003,1.4970059880239583,4.113110539845755
2026-05-24 07:00:00,39.2,104.1,182.0,5.0,4.3,76.0,28.8,73,1007.9,15.6,0.0,7,24,5,6,5.300000000000004,23.099999999999994,15.634218289085556,28.51851851851852
2026-05-24 08:00:00,40.6,108.7,195.0,5.0,4.5,79.0,29.7,70,1008.4,17.7,0.0,8,24,5,6,1.3999999999999986,4.6000000000000085,3.5714285714285587,4.418828049951973
2026-05-24 09:00:00,40.7,109.0,188.0,4.3,4.6,84.0,30.7,65,1008.7,18.3,0.0,9,24,5,6,0.10000000000000142,0.29999999999999716,0.24630541871921707,0.2759889604415866
2026-05-24 10:00:00,40.9,109.7,171.0,3.2,4.6,90.0,31.5,61,1008.8,18.8,0.0,10,24,5,6,0.19999999999999574,0.7000000000000028,0.49140049140048436,0.6422018348623881
2026-05-24 11:00:00,40.4,108.7,158.0,2.4,4.6,94.0,32.4,60,1008.7,19.8,0.0,11,24,5,6,-0.5,-1.0,-1.2224938875305624,-0.911577028258892
2026-05-24 12:00:00,40.2,108.5,156.0,2.1,4.5,93.0,32.7,58,1008.3,20.0,0.0,12,24,5,6,-0.19999999999999574,-0.20000000000000284,-0.4950495049504844,-0.18399264029439477
2026-05-24 13:00:00,39.7,108.0,159.0,2.0,4.3,90.0,32.6,59,1007.6,19.2,0.0,13,24,5,6,-0.5,-0.5,-1.243781094527363,-0.4608294930875556
2026-05-24 14:00:00,39.1,107.1,164.0,2.2,4.1,86.0,32.9,59,1006.8,18.8,0.0,14,24,5,6,-0.6000000000000014,-0.9000000000000057,-1.5113350125944613,-0.8333333333333415
2026-05-24 15:00:00,37.6,102.4,175.0,2.6,4.1,80.0,32.5,62,1005.9,18.7,0.0,15,24,5,6,-1.5,-4.699999999999989,-3.8363171355498715,-4.388422035480843
2026-05-24 16:00:00,35.7,96.9,188.0,3.3,4.1,74.0,31.8,66,1005.6,18.6,0.0,16,24,5,6,-1.8999999999999986,-5.5,-5.053191489361697,-5.37109375
2026-05-24 17:00:00,43.9,118.5,195.0,4.3,4.1,68.0,31.1,67,1005.5,18.3,0.0,17,24,5,6,8.199999999999996,21.599999999999994,22.969187675070014,22.291021671826616
2026-05-24 18:00:00,41.4,110.1,191.0,5.3,4.2,62.0,30.0,72,1005.4,17.2,0.0,18,24,5,6,-2.5,-8.400000000000006,-5.6947608200455635,-7.088607594936713
2026-05-24 19:00:00,39.1,99.4,181.0,6.7,4.3,55.0,29.1,79,1005.7,16.4,0.0,19,24,5,6,-2.299999999999997,-10.699999999999989,-5.5555555555555465,-9.718437783832867
2026-05-24 20:00:00,32.8,83.4,171.0,7.7,4.4,49.0,28.8,81,1006.0,17.6,0.0,20,24,5,6,-6.300000000000004,-16.0,-16.112531969309472,-16.096579476861162
2026-05-24 21:00:00,28.6,70.1,164.0,7.9,4.4,47.0,28.8,80,1006.4,18.2,0.0,21,24,5,6,-4.199999999999996,-13.300000000000011,-12.804878048780477,-15.947242206235025
2026-05-24 22:00:00,27.1,65.4,158.0,7.6,4.3,47.0,28.8,81,1007.1,16.9,0.0,22,24,5,6,-1.5,-4.699999999999989,-5.24475524475524,-6.704707560627654
2026-05-24 23:00:00,25.5,62.4,151.0,7.1,4.2,48.0,28.9,79,1007.1,17.4,0.0,23,24,5,6,-1.6000000000000014,-3.000000000000007,-5.904059040590415,-4.587155963302758
2026-05-25 00:00:00,24.0,59.1,141.0,6.2,3.9,49.0,28.7,80,1006.7,17.6,0.0,0,25,5,0,-1.5,-3.299999999999997,-5.882352941176472,-5.288461538461531
2026-05-25 01:00:00,23.3,58.2,131.0,5.1,3.6,50.0,28.8,78,1006.1,17.4,0.0,1,25,5,0,-0.6999999999999993,-0.8999999999999986,-2.9166666666666674,-1.522842639593902
2026-05-25 02:00:00,23.3,58.8,125.0,4.3,3.3,51.0,28.6,81,1005.8,17.6,0.0,2,25,5,0,0.0,0.5999999999999943,0.0,1.0309278350515427
2026-05-25 03:00:00,23.4,58.3,121.0,3.9,3.2,52.0,28.4,82,1005.4,17.7,0.0,3,25,5,0,0.09999999999999787,-0.5,0.42918454935620964,-0.8503401360544172
2026-05-25 04:00:00,23.6,57.9,122.0,3.7,3.3,53.0,28.4,81,1005.2,17.1,0.0,4,25,5,0,0.20000000000000284,-0.3999999999999986,0.8547008547008739,-0.6861063464837058
2026-05-25 05:00:00,24.9,61.9,134.0,3.8,3.3,54.0,28.1,87,1005.4,16.2,0.0,5,25,5,0,1.2999999999999972,4.0,5.508474576271172,6.9084628670120996
2026-05-25 06:00:00,24.6,58.9,171.0,4.8,3.7,55.0,28.2,87,1005.4,15.8,0.0,6,25,5,0,-0.29999999999999716,-3.0,-1.2048192771084265,-4.846526655896611
2026-05-25 07:00:00,27.0,69.8,220.0,6.1,4.2,58.0,29.0,82,1006.0,17.6,0.0,7,25,5,0,2.3999999999999986,10.899999999999999,9.756097560975597,18.505942275042454
2026-05-25 08:00:00,34.6,95.5,250.0,6.8,4.7,62.0,30.2,74,1006.4,18.0,0.0,8,25,5,0,7.600000000000001,25.700000000000003,28.148148148148145,36.819484240687686
2026-05-25 09:00:00,34.8,99.0,243.0,6.1,5.0,70.0,31.3,69,1006.8,18.4,0.0,9,25,5,0,0.19999999999999574,3.5,0.5780346820809079,3.664921465968596
2026-05-25 10:00:00,35.9,103.6,216.0,4.7,5.2,80.0,32.0,66,1007.0,17.3,0.0,10,25,5,0,1.1000000000000014,4.599999999999994,3.1609195402298784,4.646464646464632
2026-05-25 11:00:00,36.4,105.2,196.0,3.6,5.3,87.0,32.4,66,1006.8,18.0,0.0,11,25,5,0,0.5,1.6000000000000085,1.392757660167132,1.5444015444015635
2026-05-25 12:00:00,36.1,102.0,189.0,3.1,5.2,89.0,32.6,65,1006.5,19.0,0.0,12,25,5,0,-0.29999999999999716,-3.200000000000003,-0.8241758241758212,-3.041825095057038
2026-05-25 13:00:00,33.5,90.3,189.0,2.9,4.9,89.0,32.9,64,1005.7,20.3,0.0,13,25,5,0,-2.6000000000000014,-11.700000000000003,-7.202216066482004,-11.470588235294121
2026-05-25 14:00:00,31.5,83.4,195.0,3.2,4.7,86.0,32.9,65,1004.9,20.2,0.0,14,25,5,0,-2.0,-6.8999999999999915,-5.970149253731338,-7.641196013289031
2026-05-25 15:00:00,30.3,79.9,213.0,4.0,4.6,81.0,32.4,68,1004.1,19.8,0.0,15,25,5,0,-1.1999999999999993,-3.5,-3.809523809523807,-4.196642685851315
2026-05-25 16:00:00,28.6,74.0,238.0,5.3,4.6,73.0,31.8,72,1003.5,18.6,0.0,16,25,5,0,-1.6999999999999993,-5.900000000000006,-5.610561056105611,-7.384230287859827
2026-05-25 17:00:00,31.0,80.3,255.0,6.9,4.9,69.0,31.6,72,1003.2,16.9,0.0,17,25,5,0,2.3999999999999986,6.299999999999997,8.391608391608397,8.513513513513505
2026-05-25 18:00:00,27.8,66.6,257.0,9.0,5.0,62.0,30.5,78,1003.2,13.9,0.0,18,25,5,0,-3.1999999999999993,-13.700000000000003,-10.322580645161283,-17.061021170610214
2026-05-25 19:00:00,22.6,50.3,250.0,11.8,5.2,52.0,29.6,83,1003.6,13.0,0.0,19,25,5,0,-5.199999999999999,-16.299999999999997,-18.705035971223015,-24.474474474474473
2026-05-25 20:00:00,19.7,42.4,239.0,14.3,5.5,44.0,29.4,84,1004.0,12.7,0.0,20,25,5,0,-2.900000000000002,-7.899999999999999,-12.831858407079654,-15.705765407554672
2026-05-25 21:00:00,19.4,39.9,225.0,16.2,5.9,40.0,29.3,85,1004.3,11.3,0.0,21,25,5,0,-0.3000000000000007,-2.5,-1.5228426395939132,-5.8962264150943415
2026-05-25 22:00:00,19.1,38.1,207.0,17.7,6.4,38.0,29.0,87,1004.7,10.2,0.0,22,25,5,0,-0.29999999999999716,-1.7999999999999972,-1.546391752577303,-4.5112781954887105
2026-05-25 23:00:00,19.4,37.7,189.0,17.8,6.6,38.0,29.3,87,1004.9,10.3,0.0,23,25,5,0,0.29999999999999716,-0.3999999999999986,1.5706806282722363,-1.049868766404194
2026-05-26 00:00:00,19.0,37.5,172.0,15.7,6.2,40.0,28.8,90,1004.6,10.5,0.0,0,26,5,1,-0.3999999999999986,-0.20000000000000284,-2.0618556701030855,-0.5305039787798504
2026-05-26 01:00:00,17.9,36.6,155.0,12.3,5.4,44.0,28.6,92,1004.4,10.6,0.0,1,26,5,1,-1.1000000000000014,-0.8999999999999986,-5.789473684210533,-2.399999999999991
2026-05-26 02:00:00,16.7,34.9,143.0,9.4,4.8,47.0,28.3,93,1003.9,12.7,0.0,2,26,5,1,-1.1999999999999993,-1.7000000000000028,-6.703910614525133,-4.6448087431694045
2026-05-26 03:00:00,16.1,35.3,134.0,7.5,4.5,49.0,28.2,93,1003.6,13.3,0.0,3,26,5,1,-0.5999999999999979,0.3999999999999986,-3.592814371257469,1.1461318051575908
2026-05-26 04:00:00,15.9,36.2,131.0,6.2,4.4,51.0,28.1,93,1003.6,13.5,0.0,4,26,5,1,-0.20000000000000107,0.9000000000000057,-1.2422360248447228,2.5495750708215414
2026-05-26 05:00:00,15.4,33.2,144.0,6.0,4.3,52.0,28.1,93,1003.8,13.2,0.0,5,26,5,1,-0.5,-3.0,-3.1446540880503138,-8.287292817679559
2026-05-26 06:00:00,15.8,34.1,192.0,7.0,4.7,53.0,28.0,94,1004.1,12.7,0.0,6,26,5,1,0.40000000000000036,0.8999999999999986,2.5974025974025983,2.710843373493965
2026-05-26 07:00:00,18.2,41.8,256.0,8.3,5.3,54.0,28.8,88,1004.8,13.3,0.0,7,26,5,1,2.3999999999999986,7.699999999999996,15.189873417721511,22.580645161290303
2026-05-26 08:00:00,23.5,57.9,296.0,8.8,5.8,60.0,30.1,80,1005.3,12.0,0.0,8,26,5,1,5.300000000000001,16.1,29.120879120879128,38.51674641148326
2026-05-26 09:00:00,25.8,62.9,287.0,7.7,6.0,73.0,31.1,75,1005.5,11.4,0.0,9,26,5,1,2.3000000000000007,5.0,9.787234042553195,8.635578583765113
2026-05-26 10:00:00,28.7,71.7,252.0,5.8,6.1,90.0,32.2,71,1005.8,11.3,0.0,10,26,5,1,2.8999999999999986,8.800000000000004,11.240310077519378,13.990461049284587
2026-05-26 11:00:00,30.5,77.1,226.0,4.4,6.1,103.0,33.3,66,1005.7,13.5,0.0,11,26,5,1,1.8000000000000007,5.3999999999999915,6.271777003484313,7.531380753138062
2026-05-26 12:00:00,31.3,80.6,218.0,3.8,6.0,108.0,33.7,63,1005.4,14.5,0.0,12,26,5,1,0.8000000000000007,3.5,2.622950819672143,4.5395590142671916
2026-05-26 13:00:00,30.7,77.8,218.0,3.7,5.7,108.0,33.8,63,1004.9,15.7,0.0,13,26,5,1,-0.6000000000000014,-2.799999999999997,-1.9169329073482455,-3.47394540942928
2026-05-26 14:00:00,29.3,73.3,226.0,4.0,5.5,105.0,33.8,63,1004.2,16.2,0.0,14,26,5,1,-1.3999999999999986,-4.5,-4.56026058631921,-5.784061696658094
2026-05-26 15:00:00,27.2,65.9,248.0,4.7,5.3,98.0,33.5,63,1003.4,15.9,0.0,15,26,5,1,-2.1000000000000014,-7.3999999999999915,-7.167235494880552,-10.095497953615274
2026-05-26 16:00:00,24.4,55.9,279.0,5.9,5.2,87.0,33.1,65,1003.2,15.1,0.0,16,26,5,1,-2.8000000000000007,-10.000000000000007,-10.294117647058831,-15.174506828528077
2026-05-26 17:00:00,21.5,47.1,299.0,8.0,5.5,80.0,32.8,67,1003.2,13.4,0.0,17,26,5,1,-2.8999999999999986,-8.799999999999997,-11.88524590163934,-15.742397137745968
2026-05-26 18:00:00,18.8,38.2,299.0,10.8,5.8,70.0,31.3,74,1003.1,12.2,0.0,18,26,5,1,-2.6999999999999993,-8.899999999999999,-12.558139534883717,-18.895966029723986
2026-05-26 19:00:00,17.2,30.3,288.0,14.7,6.2,56.0,30.1,81,1003.6,12.0,0.0,19,26,5,1,-1.6000000000000014,-7.900000000000002,-8.510638297872353,-20.68062827225131
2026-05-26 20:00:00,14.8,24.1,277.0,17.5,6.5,45.0,29.5,84,1004.0,10.8,0.0,20,26,5,1,-2.3999999999999986,-6.199999999999999,-13.953488372093014,-20.462046204620453
2026-05-26 21:00:00,15.0,24.2,272.0,18.3,6.7,41.0,29.2,87,1004.5,10.2,0.0,21,26,5,1,0.1999999999999993,0.09999999999999787,1.3513513513513375,0.4149377593360981
2026-05-26 22:00:00,16.3,27.2,267.0,18.0,6.7,41.0,29.0,88,1005.2,9.4,0.0,22,26,5,1,1.3000000000000007,3.0,8.666666666666668,12.396694214876035
2026-05-26 23:00:00,17.3,30.3,254.0,17.2,6.7,41.0,28.9,90,1005.6,8.0,0.0,23,26,5,1,1.0,3.1000000000000014,6.134969325153383,11.397058823529417
2026-05-27 00:00:00,17.6,31.7,223.0,15.9,6.6,40.0,28.5,92,1005.5,6.6,0.0,0,27,5,2,0.3000000000000007,1.3999999999999986,1.7341040462427681,4.62046204620461
2026-05-27 01:00:00,17.4,32.5,184.0,14.1,6.3,40.0,28.3,93,1005.3,6.9,0.0,1,27,5,2,-0.20000000000000284,0.8000000000000007,-1.1363636363636576,2.5236593059936974
2026-05-27 02:00:00,16.8,31.5,155.0,12.3,6.1,41.0,28.0,94,1005.0,9.2,0.0,2,27,5,2,-0.5999999999999979,-1.0,-3.44827586206895,-3.076923076923077
2026-05-27 03:00:00,16.1,30.7,140.0,10.5,5.8,42.0,27.9,94,1004.8,10.6,0.0,3,27,5,2,-0.6999999999999993,-0.8000000000000007,-4.1666666666666625,-2.5396825396825418
2026-05-27 04:00:00,15.8,32.2,135.0,8.8,5.5,45.0,27.9,93,1004.9,12.4,0.0,4,27,5,2,-0.3000000000000007,1.5000000000000036,-1.8633540372670843,4.885993485342022
2026-05-27 05:00:00,15.4,32.0,148.0,7.4,5.4,48.0,28.2,92,1005.0,13.8,0.0,5,27,5,2,-0.40000000000000036,-0.20000000000000284,-2.5316455696202556,-0.6211180124223725
2026-05-27 06:00:00,15.7,33.1,194.0,8.2,5.6,49.0,28.2,92,1005.3,13.9,0.0,6,27,5,2,0.29999999999999893,1.1000000000000014,1.9480519480519431,3.4375000000000044
2026-05-27 07:00:00,17.6,38.8,258.0,9.2,6.0,51.0,28.9,87,1006.1,13.6,0.0,7,27,5,2,1.9000000000000021,5.699999999999996,12.101910828025497,17.220543806646504
2026-05-27 08:00:00,20.5,48.3,296.0,9.5,6.2,56.0,30.0,79,1006.7,14.0,0.0,8,27,5,2,2.8999999999999986,9.5,16.477272727272705,24.48453608247423
2026-05-27 09:00:00,22.6,51.6,283.0,8.2,6.2,68.0,31.1,73,1007.1,14.3,0.0,9,27,5,2,2.1000000000000014,3.3000000000000043,10.2439024390244,6.8322981366459645
2026-05-27 10:00:00,23.9,53.1,244.0,6.1,6.1,84.0,32.1,69,1007.1,13.9,0.0,10,27,5,2,1.2999999999999972,1.5,5.752212389380529,2.9069767441860517
2026-05-27 11:00:00,24.6,52.5,214.0,4.5,5.9,96.0,33.0,64,1007.0,14.8,0.0,11,27,5,2,0.7000000000000028,-0.6000000000000014,2.9288702928870425,-1.1299435028248594
2026-05-27 12:00:00,24.7,50.6,206.0,3.8,5.7,102.0,33.3,64,1006.5,15.8,0.0,12,27,5,2,0.09999999999999787,-1.8999999999999986,0.40650406504063596,-3.6190476190476217
2026-05-27 13:00:00,24.6,48.8,208.0,3.7,5.5,103.0,33.4,65,1005.9,16.2,0.0,13,27,5,2,-0.09999999999999787,-1.8000000000000043,-0.4048582995951344,-3.5573122529644396
2026-05-27 14:00:00,24.5,48.1,217.0,4.0,5.3,101.0,33.2,66,1005.2,16.7,0.0,14,27,5,2,-0.10000000000000142,-0.6999999999999957,-0.40650406504065817,-1.43442622950819
2026-05-27 15:00:00,24.0,47.4,236.0,4.7,5.2,93.0,32.9,68,1004.7,16.7,0.0,15,27,5,2,-0.5,-0.7000000000000028,-2.0408163265306145,-1.455301455301461
2026-05-27 16:00:00,23.2,46.9,263.0,6.0,5.2,82.0,32.3,71,1004.4,16.2,0.0,16,27,5,2,-0.8000000000000007,-0.5,-3.3333333333333326,-1.0548523206751037
2026-05-27 17:00:00,27.8,59.5,284.0,8.1,5.3,75.0,32.3,69,1004.0,15.3,0.0,17,27,5,2,4.600000000000001,12.600000000000001,19.82758620689655,26.865671641791057
2026-05-27 18:00:00,27.1,58.3,299.0,11.4,5.7,65.0,31.2,74,1004.1,13.5,0.0,18,27,5,2,-0.6999999999999993,-1.2000000000000028,-2.517985611510787,-2.0168067226890796
2026-05-27 19:00:00,26.4,54.6,309.0,15.9,6.1,50.0,30.1,81,1004.4,11.8,0.0,19,27,5,2,-0.7000000000000028,-3.6999999999999957,-2.583025830258312,-6.3464837049742595
2026-05-27 20:00:00,22.2,43.3,306.0,18.8,6.4,40.0,29.5,87,1004.6,11.6,0.0,20,27,5,2,-4.199999999999999,-11.300000000000004,-15.909090909090907,-20.6959706959707
2026-05-27 21:00:00,20.7,39.2,281.0,18.6,6.3,38.0,29.1,89,1004.8,12.3,0.0,21,27,5,2,-1.5,-4.099999999999994,-6.756756756756754,-9.468822170900681
2026-05-27 22:00:00,20.1,37.5,243.0,16.7,6.1,40.0,28.9,91,1005.4,14.0,0.0,22,27,5,2,-0.5999999999999979,-1.7000000000000028,-2.898550724637672,-4.336734693877553
2026-05-27 23:00:00,19.8,37.4,207.0,14.5,5.7,43.0,29.2,89,1005.9,12.9,0.0,23,27,5,2,-0.3000000000000007,-0.10000000000000142,-1.4925373134328401,-0.2666666666666706
2026-05-28 00:00:00,19.2,36.3,178.0,12.2,5.2,45.0,28.9,91,1005.8,13.4,0.0,0,28,5,3,-0.6000000000000014,-1.1000000000000014,-3.0303030303030387,-2.941176470588236
2026-05-28 01:00:00,18.5,35.2,152.0,9.6,4.7,47.0,28.7,92,1005.3,14.3,0.0,1,28,5,3,-0.6999999999999993,-1.0999999999999943,-3.645833333333326,-3.0303030303030165
2026-05-28 02:00:00,17.8,34.3,134.0,7.5,4.3,48.0,28.4,93,1005.1,14.0,0.0,2,28,5,3,-0.6999999999999993,-0.9000000000000057,-3.7837837837837784,-2.556818181818199
2026-05-28 03:00:00,17.2,33.6,124.0,6.3,4.1,48.0,28.4,92,1004.7,14.7,0.0,3,28,5,3,-0.6000000000000014,-0.6999999999999957,-3.370786516853941,-2.0408163265306034
2026-05-28 04:00:00,17.0,32.8,123.0,5.7,4.1,49.0,28.3,92,1004.3,15.0,0.0,4,28,5,3,-0.1999999999999993,-0.8000000000000043,-1.1627906976744096,-2.3809523809523947
2026-05-28 05:00:00,16.9,33.3,135.0,5.4,4.1,51.0,28.4,91,1004.4,15.5,0.0,5,28,5,3,-0.10000000000000142,0.5,-0.5882352941176561,1.5243902439024293
2026-05-28 06:00:00,16.9,32.4,174.0,6.6,4.5,51.0,28.3,92,1004.9,14.7,0.0,6,28,5,3,0.0,-0.8999999999999986,0.0,-2.7027027027026973
2026-05-28 07:00:00,18.6,35.9,227.0,8.2,5.2,51.0,29.1,86,1005.5,15.9,0.0,7,28,5,3,1.7000000000000028,3.5,10.059171597633142,10.802469135802472
2026-05-28 08:00:00,21.6,43.5,260.0,8.9,5.6,54.0,30.3,79,1005.7,17.1,0.0,8,28,5,3,3.0,7.600000000000001,16.129032258064523,21.169916434540404
2026-05-28 09:00:00,23.3,47.0,252.0,7.8,5.7,65.0,31.4,72,1006.0,17.1,0.0,9,28,5,3,1.6999999999999993,3.5,7.870370370370372,8.045977011494255
2026-05-28 10:00:00,24.3,48.5,223.0,5.8,5.7,79.0,32.2,69,1006.1,16.9,0.0,10,28,5,3,1.0,1.5,4.29184549356223,3.1914893617021267
2026-05-28 11:00:00,24.8,48.5,201.0,4.3,5.6,89.0,33.2,65,1006.1,16.7,0.0,11,28,5,3,0.5,0.0,2.0576131687242816,0.0
2026-05-28 12:00:00,24.7,47.5,196.0,3.7,5.4,93.0,33.4,65,1005.7,16.4,0.0,12,28,5,3,-0.10000000000000142,-1.0,-0.40322580645162365,-2.0618556701030966
2026-05-28 13:00:00,24.5,46.9,199.0,3.4,5.0,94.0,33.6,64,1005.1,16.1,0.0,13,28,5,3,-0.1999999999999993,-0.6000000000000014,-0.8097165991902799,-1.2631578947368438
2026-05-28 14:00:00,24.7,47.8,208.0,3.7,4.8,91.0,33.4,67,1004.3,17.5,0.0,14,28,5,3,0.1999999999999993,0.8999999999999986,0.8163265306122325,1.9189765458422103
2026-05-28 15:00:00,24.0,46.3,227.0,4.4,4.7,85.0,32.8,72,1003.6,17.8,0.0,15,28,5,3,-0.6999999999999993,-1.5,-2.8340080971659853,-3.1380753138075312
2026-05-28 16:00:00,23.3,46.4,252.0,5.6,4.7,75.0,32.2,74,1003.0,18.0,0.0,16,28,5,3,-0.6999999999999993,0.10000000000000142,-2.9166666666666674,0.2159827213823018
2026-05-28 17:00:00,35.3,75.7,268.0,7.2,4.7,67.0,32.0,74,1002.8,16.8,0.0,17,28,5,3,11.999999999999996,29.300000000000004,51.502145922746756,63.14655172413794
2026-05-28 18:00:00,33.2,68.2,266.0,9.6,4.8,60.0,30.9,79,1002.7,15.7,0.0,18,28,5,3,-2.0999999999999943,-7.5,-5.949008498583552,-9.907529722589171
2026-05-28 19:00:00,27.5,55.5,254.0,12.9,5.1,51.0,30.1,84,1003.0,15.1,0.0,19,28,5,3,-5.700000000000003,-12.700000000000003,-17.168674698795183,-18.621700879765402
2026-05-28 20:00:00,24.2,46.0,241.0,15.3,5.3,44.0,29.6,88,1003.5,13.8,0.0,20,28,5,3,-3.3000000000000007,-9.5,-12.0,-17.117117117117118
2026-05-28 21:00:00,23.2,43.5,232.0,16.2,5.6,41.0,29.5,89,1004.2,12.6,0.0,21,28,5,3,-1.0,-2.5,-4.1322314049586755,-5.434782608695654
2026-05-28 22:00:00,23.1,42.8,223.0,16.3,6.0,41.0,29.3,90,1004.6,11.9,0.0,22,28,5,3,-0.09999999999999787,-0.7000000000000028,-0.4310344827586077,-1.6091954022988575
2026-05-28 23:00:00,22.6,41.2,209.0,15.5,6.1,41.0,29.4,90,1004.4,13.3,0.0,23,28,5,3,-0.5,-1.5999999999999943,-2.164502164502169,-3.738317757009335
2026-05-29 00:00:00,21.4,38.8,184.0,13.4,5.7,43.0,29.0,92,1003.9,14.4,0.0,0,29,5,4,-1.2000000000000028,-2.4000000000000057,-5.3097345132743445,-5.82524271844661
2026-05-29 01:00:00,19.8,36.4,155.0,10.4,5.0,45.0,28.9,92,1003.5,13.2,0.0,1,29,5,4,-1.5999999999999979,-2.3999999999999986,-7.476635514018682,-6.185567010309279
2026-05-29 02:00:00,18.1,33.4,134.0,7.9,4.5,48.0,28.8,91,1003.4,13.1,0.0,2,29,5,4,-1.6999999999999993,-3.0,-8.585858585858585,-8.241758241758246
2026-05-29 03:00:00,16.9,31.5,124.0,6.4,4.2,50.0,28.7,91,1003.5,12.4,0.0,3,29,5,4,-1.2000000000000028,-1.8999999999999986,-6.629834254143663,-5.688622754491012
2026-05-29 04:00:00,16.2,30.7,124.0,5.3,4.1,51.0,28.6,91,1003.1,15.1,0.0,4,29,5,4,-0.6999999999999993,-0.8000000000000007,-4.142011834319526,-2.5396825396825418
2026-05-29 05:00:00,16.2,30.9,137.0,5.0,3.9,53.0,28.8,92,1003.1,15.5,0.0,5,29,5,4,0.0,0.1999999999999993,0.0,0.6514657980456029
2026-05-29 06:00:00,16.2,31.0,178.0,6.1,4.3,53.0,28.8,91,1003.6,13.8,0.0,6,29,5,4,0.0,0.10000000000000142,0.0,0.3236245954692629
2026-05-29 07:00:00,17.8,34.8,234.0,7.5,4.8,53.0,29.5,87,1004.0,13.8,0.0,7,29,5,4,1.6000000000000014,3.799999999999997,9.876543209876543,12.25806451612903
2026-05-29 08:00:00,21.5,43.7,268.0,8.1,5.2,57.0,30.7,79,1004.3,16.2,0.0,8,29,5,4,3.6999999999999993,8.900000000000006,20.78651685393258,25.57471264367819
2026-05-29 09:00:00,24.4,49.4,260.0,7.3,5.5,69.0,31.9,72,1004.5,15.9,0.0,9,29,5,4,2.8999999999999986,5.699999999999996,13.488372093023248,13.043478260869556
2026-05-29 10:00:00,26.7,53.7,232.0,5.6,5.7,84.0,32.6,70,1004.3,16.0,0.0,10,29,5,4,2.3000000000000007,4.300000000000004,9.426229508196716,8.704453441295556
2026-05-29 11:00:00,28.2,57.7,211.0,4.4,5.7,95.0,33.5,66,1004.2,16.4,0.0,11,29,5,4,1.5,4.0,5.617977528089879,7.448789571694592
2026-05-29 12:00:00,28.9,60.5,208.0,3.8,5.5,99.0,34.1,64,1003.6,17.3,0.0,12,29,5,4,0.6999999999999993,2.799999999999997,2.482269503546086,4.8526863084922045
2026-05-29 13:00:00,29.2,62.6,212.0,3.6,5.2,98.0,34.5,63,1002.9,17.5,0.0,13,29,5,4,0.3000000000000007,2.1000000000000014,1.038062283737018,3.4710743801652955
2026-05-29 14:00:00,28.7,62.9,221.0,3.9,4.9,95.0,34.4,63,1002.1,17.2,0.0,14,29,5,4,-0.5,0.29999999999999716,-1.7123287671232834,0.4792332268370503
2026-05-29 15:00:00,27.9,62.9,238.0,4.7,4.8,88.0,34.0,65,1001.4,17.1,0.0,15,29,5,4,-0.8000000000000007,0.0,-2.7874564459930307,0.0
2026-05-29 16:00:00,26.4,58.4,260.0,6.0,4.7,78.0,33.0,70,1000.7,17.3,0.0,16,29,5,4,-1.5,-4.5,-5.376344086021501,-7.154213036565982
2026-05-29 17:00:00,33.3,78.2,277.0,8.0,4.6,75.0,32.2,72,1000.4,17.3,0.0,17,29,5,4,6.899999999999999,19.800000000000004,26.136363636363626,33.90410958904111
2026-05-29 18:00:00,28.9,62.2,287.0,10.5,4.9,66.0,31.3,75,1000.5,16.4,0.0,18,29,5,4,-4.399999999999999,-16.0,-13.213213213213216,-20.46035805626598
2026-05-29 19:00:00,23.3,44.0,293.0,13.9,5.2,54.0,30.3,80,1000.8,15.9,0.0,19,29,5,4,-5.599999999999998,-18.200000000000003,-19.377162629757784,-29.26045016077171
2026-05-29 20:00:00,19.6,34.1,290.0,16.0,5.4,45.0,30.1,83,1001.2,13.6,0.0,20,29,5,4,-3.6999999999999993,-9.899999999999999,-15.879828326180256,-22.499999999999996
2026-05-29 21:00:00,18.4,31.1,277.0,15.6,5.3,43.0,29.8,85,1001.4,12.1,0.0,21,29,5,4,-1.2000000000000028,-3.0,-6.122448979591855,-8.797653958944284
2026-05-29 22:00:00,18.1,30.4,257.0,13.8,5.0,45.0,29.6,85,1001.9,12.2,0.0,22,29,5,4,-0.29999999999999716,-0.7000000000000028,-1.6304347826086807,-2.250803858520911
2026-05-29 23:00:00,17.7,30.2,232.0,11.8,4.7,47.0,29.4,87,1001.6,11.8,0.0,23,29,5,4,-0.40000000000000213,-0.1999999999999993,-2.209944751381232,-0.6578947368421018
2026-05-30 00:00:00,17.3,30.0,200.0,9.8,4.3,50.0,29.1,88,1001.4,12.5,0.0,0,30,5,5,-0.3999999999999986,-0.1999999999999993,-2.259887005649708,-0.6622516556291314
2026-05-30 01:00:00,16.7,30.2,163.0,7.7,3.9,53.0,29.0,86,1001.0,14.4,0.0,1,30,5,5,-0.6000000000000014,0.1999999999999993,-3.4682080924855585,0.6666666666666599
2026-05-30 02:00:00,16.4,31.1,138.0,6.0,3.6,55.0,28.9,87,1000.7,14.1,0.0,2,30,5,5,-0.3000000000000007,0.9000000000000021,-1.7964071856287456,2.98013245033113
2026-05-30 03:00:00,16.2,31.3,126.0,5.0,3.5,56.0,28.7,88,1000.4,14.8,0.0,3,30,5,5,-0.1999999999999993,0.1999999999999993,-1.2195121951219523,0.6430868167202508
2026-05-30 04:00:00,16.0,31.0,125.0,4.5,3.5,55.0,28.7,88,1000.3,13.5,0.0,4,30,5,5,-0.1999999999999993,-0.3000000000000007,-1.2345679012345623,-0.9584664536741228
2026-05-30 05:00:00,16.3,32.5,142.0,4.8,3.7,58.0,28.9,89,1000.1,13.2,0.0,5,30,5,5,0.3000000000000007,1.5,1.8750000000000044,4.8387096774193505
2026-05-30 06:00:00,16.5,31.9,193.0,6.7,4.2,58.0,28.9,90,1000.4,14.5,0.0,6,30,5,5,0.1999999999999993,-0.6000000000000014,1.2269938650306678,-1.846153846153853
2026-05-30 07:00:00,17.6,33.2,262.0,9.2,5.0,58.0,29.7,86,1001.0,14.4,0.0,7,30,5,5,1.1000000000000014,1.3000000000000043,6.666666666666665,4.0752351097178785
2026-05-30 08:00:00,22.9,45.4,302.0,10.4,5.5,62.0,30.8,80,1001.4,14.8,0.0,8,30,5,5,5.299999999999997,12.199999999999996,30.113636363636353,36.74698795180722
2026-05-30 09:00:00,26.0,54.0,287.0,9.2,5.7,75.0,31.9,75,1001.7,14.4,0.0,9,30,5,5,3.1000000000000014,8.600000000000001,13.53711790393013,18.942731277533053
2026-05-30 10:00:00,28.2,62.4,243.0,6.7,5.6,92.0,32.9,70,1001.7,15.7,0.0,10,30,5,5,2.1999999999999993,8.399999999999999,8.461538461538453,15.555555555555545
2026-05-30 11:00:00,29.4,69.4,210.0,4.8,5.5,104.0,33.6,70,1001.8,18.5,0.0,11,30,5,5,1.1999999999999993,7.000000000000007,4.255319148936176,11.217948717948723
2026-05-30 12:00:00,29.2,72.4,201.0,4.0,5.3,107.0,34.2,65,1001.4,17.9,0.0,12,30,5,5,-0.1999999999999993,3.0,-0.6802721088435382,4.3227665706051965
2026-05-30 13:00:00,28.8,75.4,203.0,3.8,4.9,104.0,35.0,61,1001.1,15.9,0.0,13,30,5,5,-0.3999999999999986,3.0,-1.3698630136986245,4.143646408839774
2026-05-30 14:00:00,27.2,70.8,212.0,4.0,4.7,99.0,35.1,59,1000.5,15.8,0.0,14,30,5,5,-1.6000000000000014,-4.6000000000000085,-5.555555555555558,-6.10079575596818
2026-05-30 15:00:00,25.1,59.8,234.0,4.8,4.6,91.0,34.6,62,999.7,15.7,0.0,15,30,5,5,-2.099999999999998,-11.0,-7.720588235294112,-15.536723163841803
2026-05-30 16:00:00,24.0,54.4,263.0,6.0,4.6,81.0,33.7,65,999.4,15.4,0.0,16,30,5,5,-1.1000000000000014,-5.399999999999999,-4.382470119521919,-9.030100334448154
2026-05-30 17:00:00,23.4,54.1,283.0,7.9,4.6,76.0,33.0,70,999.4,14.8,0.0,17,30,5,5,-0.6000000000000014,-0.29999999999999716,-2.500000000000002,-0.5514705882352922
2026-05-30 18:00:00,21.8,41.0,286.0,10.3,4.9,67.0,31.4,78,999.3,15.6,0.0,18,30,5,5,-1.5999999999999979,-13.100000000000001,-6.837606837606824,-24.214417744916826
2026-05-30 19:00:00,21.1,34.2,280.0,13.6,5.3,54.0,30.6,84,1000.0,14.9,0.0,19,30,5,5,-0.6999999999999993,-6.799999999999997,-3.2110091743119185,-16.58536585365853
2026-05-30 20:00:00,17.8,27.5,269.0,15.7,5.6,45.0,30.1,86,1000.7,12.5,0.0,20,30,5,5,-3.3000000000000007,-6.700000000000003,-15.63981042654029,-19.590643274853804
2026-05-30 21:00:00,16.5,25.8,252.0,15.8,5.7,42.0,29.9,88,1001.6,11.8,0.0,21,30,5,5,-1.3000000000000007,-1.6999999999999993,-7.303370786516861,-6.181818181818177
2026-05-30 22:00:00,16.6,26.9,230.0,14.7,5.7,43.0,29.8,88,1002.2,11.9,0.0,22,30,5,5,0.10000000000000142,1.0999999999999979,0.60606060606061,4.263565891472854
2026-05-30 23:00:00,16.8,27.7,207.0,13.2,5.5,44.0,29.7,88,1002.6,13.1,0.0,23,30,5,5,0.1999999999999993,0.8000000000000007,1.2048192771084265,2.973977695167296
2026-05-31 00:00:00,16.5,28.1,181.0,11.0,5.0,46.0,29.4,90,1002.5,13.4,0.0,0,31,5,6,-0.3000000000000007,0.40000000000000213,-1.7857142857142905,1.4440433212996373
2026-05-31 01:00:00,16.3,28.3,154.0,8.3,4.4,48.0,29.3,90,1002.5,14.7,0.0,1,31,5,6,-0.1999999999999993,0.1999999999999993,-1.2121212121212088,0.7117437722419906
2026-05-31 02:00:00,16.6,29.5,136.0,6.3,4.0,50.0,29.1,89,1002.1,14.6,0.0,2,31,5,6,0.3000000000000007,1.1999999999999993,1.8404907975460238,4.240282685512375
2026-05-31 03:00:00,17.3,31.1,129.0,5.5,3.9,50.0,28.9,92,1001.9,13.4,0.0,3,31,5,6,0.6999999999999993,1.6000000000000014,4.216867469879504,5.423728813559325
2026-05-31 04:00:00,18.0,32.8,131.0,5.4,3.9,48.0,28.7,92,1002.0,12.5,0.0,4,31,5,6,0.6999999999999993,1.6999999999999957,4.046242774566466,5.466237942122176
2026-05-31 05:00:00,18.3,33.3,141.0,5.9,4.4,49.0,28.9,92,1001.9,14.1,0.0,5,31,5,6,0.3000000000000007,0.5,1.6666666666666607,1.5243902439024293
2026-05-31 06:00:00,19.0,34.8,168.0,6.1,4.6,50.0,28.8,92,1002.8,11.8,0.0,6,31,5,6,0.6999999999999993,1.5,3.825136612021862,4.504504504504503
2026-05-31 07:00:00,20.4,38.6,203.0,6.3,4.9,52.0,29.6,86,1003.6,11.7,0.0,7,31,5,6,1.3999999999999986,3.8000000000000043,7.36842105263158,10.919540229885062
2026-05-31 08:00:00,22.6,44.6,223.0,6.1,5.1,55.0,30.6,80,1004.3,13.4,0.0,8,31,5,6,2.200000000000003,6.0,10.784313725490202,15.54404145077719
2026-05-31 09:00:00,23.3,47.3,211.0,5.3,5.1,61.0,31.5,74,1004.8,15.2,0.1,9,31,5,6,0.6999999999999993,2.6999999999999957,3.0973451327433565,6.053811659192809
2026-05-31 10:00:00,23.3,46.7,183.0,4.1,5.0,67.0,32.1,71,1004.9,16.6,0.2,10,31,5,6,0.0,-0.5999999999999943,0.0,-1.2684989429175397
2026-05-31 11:00:00,22.5,44.8,162.0,3.2,4.9,73.0,32.6,70,1005.4,16.2,0.2,11,31,5,6,-0.8000000000000007,-1.9000000000000057,-3.433476394849788,-4.068522483940051
2026-05-31 12:00:00,21.7,42.8,157.0,2.6,4.7,77.0,33.0,67,1005.4,15.9,0.2,12,31,5,6,-0.8000000000000007,-2.0,-3.5555555555555562,-4.46428571428571
2026-05-31 13:00:00,20.4,40.5,160.0,2.3,4.5,79.0,32.9,69,1005.1,16.0,0.1,13,31,5,6,-1.3000000000000007,-2.299999999999997,-5.990783410138256,-5.373831775700932
2026-05-31 14:00:00,20.5,40.4,165.0,2.2,4.4,79.0,32.8,69,1004.5,16.1,0.1,14,31,5,6,0.10000000000000142,-0.10000000000000142,0.4901960784313708,-0.24691358024692134
2026-05-31 15:00:00,19.2,38.1,173.0,2.5,4.4,76.0,32.5,71,1003.7,17.0,0.1,15,31,5,6,-1.3000000000000007,-2.299999999999997,-6.341463414634152,-5.693069306930687
2026-05-31 16:00:00,19.0,37.5,184.0,3.1,4.4,70.0,32.0,73,1003.4,16.9,0.1,16,31,5,6,-0.1999999999999993,-0.6000000000000014,-1.041666666666663,-1.5748031496063075
2026-05-31 17:00:00,23.4,49.9,190.0,4.1,4.6,65.0,31.7,71,1003.2,16.8,0.1,17,31,5,6,4.399999999999999,12.399999999999999,23.15789473684209,33.06666666666666
2026-05-31 18:00:00,22.4,47.4,187.0,5.7,4.8,60.0,30.9,73,1003.2,16.0,0.0,18,31,5,6,-1.0,-2.5,-4.273504273504269,-5.010020040080166
2026-05-31 19:00:00,21.0,42.8,179.0,7.9,5.1,52.0,30.4,75,1003.7,15.9,0.1,19,31,5,6,-1.3999999999999986,-4.600000000000001,-6.249999999999989,-9.704641350210974
2026-05-31 20:00:00,21.4,41.1,172.0,9.5,5.4,47.0,30.1,77,1004.3,14.3,0.1,20,31,5,6,0.3999999999999986,-1.6999999999999957,1.904761904761898,-3.971962616822422
2026-05-31 21:00:00,21.4,39.5,168.0,10.1,5.6,46.0,30.1,76,1005.1,13.5,0.1,21,31,5,6,0.0,-1.6000000000000014,0.0,-3.8929440389294467
2026-05-31 22:00:00,19.1,35.0,165.0,10.1,5.8,46.0,29.9,76,1005.8,12.5,0.2,22,31,5,6,-2.299999999999997,-4.5,-10.747663551401853,-11.392405063291145
2026-05-31 23:00:00,18.2,33.6,159.0,9.9,5.8,47.0,29.9,80,1005.7,12.5,0.1,23,31,5,6,-0.9000000000000021,-1.3999999999999986,-4.712041884816765,-3.9999999999999925
2026-06-01 00:00:00,18.1,33.6,147.0,9.4,5.6,47.0,29.5,83,1005.5,10.2,0.0,0,1,6,0,-0.09999999999999787,0.0,-0.5494505494505364,0.0
2026-06-01 01:00:00,21.1,41.4,133.0,8.6,5.2,48.0,29.2,84,1005.2,10.1,0.0,1,1,6,0,3.0,7.799999999999997,16.574585635359117,23.214285714285698
2026-06-01 02:00:00,20.1,39.1,124.0,8.0,5.0,48.0,29.1,85,1004.5,10.8,0.0,2,1,6,0,-1.0,-2.299999999999997,-4.739336492891,-5.5555555555555465
2026-06-01 03:00:00,20.1,39.8,117.0,7.8,5.0,47.0,29.0,85,1004.3,11.2,0.0,3,1,6,0,0.0,0.6999999999999957,0.0,1.7902813299232712
2026-06-01 04:00:00,19.4,38.5,115.0,7.8,5.1,46.0,28.9,85,1004.2,9.9,0.0,4,1,6,0,-0.7000000000000028,-1.2999999999999972,-3.4825870646766344,-3.2663316582914548
2026-06-01 05:00:00,18.9,40.9,130.0,5.9,5.0,55.0,28.6,86,1004.1,6.6,0.0,5,1,6,0,-0.5,2.3999999999999986,-2.577319587628868,6.233766233766236
2026-06-01 06:00:00,19.4,40.4,183.0,7.0,5.6,56.0,28.7,86,1004.8,7.0,0.0,6,1,6,0,0.5,-0.5,2.645502645502651,-1.2224938875305624
2026-06-01 07:00:00,23.3,55.5,253.0,8.5,6.5,59.0,29.6,81,1005.4,8.0,0.0,7,1,6,0,3.900000000000002,15.100000000000001,20.103092783505172,37.376237623762385
2026-06-01 08:00:00,24.3,59.4,296.0,9.1,7.1,64.0,30.8,74,1005.8,9.0,0.0,8,1,6,0,1.0,3.8999999999999986,4.29184549356223,7.027027027027022
2026-06-01 09:00:00,25.6,63.6,283.0,7.9,7.2,76.0,31.8,68,1006.1,10.8,0.0,9,1,6,0,1.3000000000000007,4.200000000000003,5.3497942386831365,7.070707070707072
2026-06-01 10:00:00,27.2,66.4,242.0,5.8,7.0,91.0,32.4,65,1006.3,12.5,0.0,10,1,6,0,1.5999999999999979,2.8000000000000043,6.25,4.402515723270439
2026-06-01 11:00:00,28.1,67.5,210.0,4.1,6.8,101.0,33.0,62,1006.7,11.8,0.0,11,1,6,0,0.9000000000000021,1.0999999999999943,3.308823529411775,1.6566265060240948
2026-06-01 12:00:00,27.9,65.2,201.0,3.4,6.5,104.0,33.0,61,1006.5,12.4,0.0,12,1,6,0,-0.20000000000000284,-2.299999999999997,-0.7117437722420017,-3.4074074074074034
2026-06-01 13:00:00,27.1,62.4,202.0,3.1,6.0,102.0,32.9,64,1005.9,14.1,0.0,13,1,6,0,-0.7999999999999972,-2.8000000000000043,-2.8673835125447966,-4.294478527607371
2026-06-01 14:00:00,25.9,57.6,207.0,3.2,5.7,97.0,32.7,65,1005.3,14.8,0.0,14,1,6,0,-1.2000000000000028,-4.799999999999997,-4.428044280442811,-7.692307692307687
2026-06-01 15:00:00,24.7,53.0,219.0,3.8,5.5,89.0,32.1,68,1004.4,14.7,0.0,15,1,6,0,-1.1999999999999993,-4.600000000000001,-4.633204633204635,-7.986111111111116
2026-06-01 16:00:00,23.2,47.4,236.0,4.8,5.4,78.0,31.8,70,1004.1,14.4,0.0,16,1,6,0,-1.5,-5.600000000000001,-6.072874493927127,-10.566037735849054
2026-06-01 17:00:00,34.7,79.2,245.0,6.3,5.8,75.0,32.3,66,1003.6,13.8,0.0,17,1,6,0,11.500000000000004,31.800000000000004,49.568965517241395,67.08860759493672
2026-06-01 18:00:00,33.3,76.1,238.0,8.1,5.9,66.0,31.5,67,1003.6,13.2,0.0,18,1,6,0,-1.4000000000000057,-3.1000000000000085,-4.034582132564857,-3.9141414141414255
2026-06-01 19:00:00,32.0,73.6,224.0,10.6,6.0,54.0,31.0,69,1003.7,14.3,0.0,19,1,6,0,-1.2999999999999972,-2.5,-3.9039039039038936,-3.285151116951379
2026-06-01 20:00:00,31.1,69.8,212.0,12.7,6.1,44.0,30.3,73,1003.8,14.0,0.0,20,1,6,0,-0.8999999999999986,-3.799999999999997,-2.8124999999999956,-5.163043478260865
2026-06-01 21:00:00,29.9,63.8,209.0,14.0,6.3,40.0,30.1,75,1004.9,12.1,0.0,21,1,6,0,-1.2000000000000028,-6.0,-3.8585209003215493,-8.595988538681954
2026-06-01 22:00:00,28.9,59.3,208.0,15.0,6.4,39.0,30.1,76,1006.2,7.7,0.0,22,1,6,0,-1.0,-4.5,-3.3444816053511683,-7.053291536050155
2026-06-01 23:00:00,25.4,52.5,202.0,15.7,6.6,38.0,30.2,75,1005.6,5.8,0.0,23,1,6,0,-3.5,-6.799999999999997,-12.110726643598612,-11.467116357504214
2026-06-02 00:00:00,25.1,51.9,183.0,16.2,6.7,36.0,29.7,79,1005.0,9.0,0.0,0,2,6,1,-0.29999999999999716,-0.6000000000000014,-1.1811023622047112,-1.1428571428571455
2026-06-02 01:00:00,25.2,49.6,158.0,16.5,6.8,33.0,29.3,81,1003.5,16.1,0.0,1,2,6,1,0.09999999999999787,-2.299999999999997,0.3984063745019917,-4.4315992292870865
2026-06-02 02:00:00,24.8,46.7,143.0,16.2,6.9,32.0,29.1,82,1005.6,6.3,0.0,2,2,6,1,-0.3999999999999986,-2.8999999999999986,-1.5873015873015817,-5.846774193548388
2026-06-02 03:00:00,24.6,47.0,142.0,15.1,6.9,33.0,29.3,81,1004.8,6.0,0.0,3,2,6,1,-0.1999999999999993,0.29999999999999716,-0.8064516129032251,0.6423982869379063
2026-06-02 04:00:00,24.0,46.6,150.0,13.5,6.8,35.0,29.1,83,1005.0,6.7,0.0,4,2,6,1,-0.6000000000000014,-0.3999999999999986,-2.4390243902439046,-0.8510638297872353
2026-06-02 05:00:00,24.2,42.0,171.0,21.1,9.6,27.0,29.1,82,1005.4,10.9,0.0,5,2,6,1,0.1999999999999993,-4.600000000000001,0.8333333333333304,-9.871244635193133
2026-06-02 06:00:00,25.6,49.5,218.0,17.9,9.4,34.0,29.2,82,1005.9,9.9,0.0,6,2,6,1,1.4000000000000021,7.5,5.785123966942152,17.85714285714286
2026-06-02 07:00:00,26.2,57.5,277.0,13.5,9.1,44.0,29.9,77,1006.2,11.1,0.0,7,2,6,1,0.5999999999999979,8.0,2.34375,16.161616161616156
2026-06-02 08:00:00,27.5,62.6,311.0,9.7,8.8,55.0,30.6,73,1006.3,13.5,0.0,8,2,6,1,1.3000000000000007,5.100000000000001,4.961832061068705,8.869565217391306
2026-06-02 09:00:00,28.1,65.2,293.0,7.3,8.3,67.0,31.2,70,1006.4,13.8,0.0,9,2,6,1,0.6000000000000014,2.6000000000000014,2.181818181818196,4.153354632587858
2026-06-02 10:00:00,28.9,69.2,249.0,5.7,7.7,80.0,32.2,65,1006.4,12.6,0.0,10,2,6,1,0.7999999999999972,4.0,2.8469750889679624,6.134969325153383
2026-06-02 11:00:00,29.6,72.6,221.0,4.5,7.3,93.0,33.0,59,1007.0,9.1,0.0,11,2,6,1,0.7000000000000028,3.3999999999999915,2.422145328719738,4.9132947976878505
2026-06-02 12:00:00,31.0,75.9,225.0,3.8,7.4,106.0,33.5,56,1006.4,8.6,0.0,12,2,6,1,1.3999999999999986,3.3000000000000114,4.729729729729715,4.545454545454564
2026-06-02 13:00:00,31.7,74.5,244.0,3.6,7.7,119.0,34.2,55,1005.5,9.3,0.0,13,2,6,1,0.6999999999999993,-1.4000000000000057,2.2580645161290214,-1.8445322793148922
2026-06-02 14:00:00,32.2,74.0,267.0,4.0,8.1,125.0,33.9,58,1004.6,12.2,0.0,14,2,6,1,0.5000000000000036,-0.5,1.5772870662460692,-0.6711409395973145
2026-06-02 15:00:00,32.5,73.1,297.0,4.9,8.4,123.0,33.1,60,1003.6,12.8,0.0,15,2,6,1,0.29999999999999716,-0.9000000000000057,0.9316770186335255,-1.216216216216226
2026-06-02 16:00:00,32.1,71.9,332.0,6.3,8.7,115.0,32.7,61,1003.2,11.2,0.0,16,2,6,1,-0.3999999999999986,-1.1999999999999886,-1.2307692307692242,-1.6415868673050449
2026-06-02 17:00:00,45.2,110.1,349.0,8.3,10.1,107.0,31.9,67,1002.7,14.0,0.0,17,2,6,1,13.100000000000001,38.19999999999999,40.80996884735202,53.129346314325446
2026-06-02 18:00:00,42.4,102.7,336.0,11.1,9.6,90.0,30.7,75,1002.7,15.1,0.0,18,2,6,1,-2.8000000000000043,-7.3999999999999915,-6.194690265486735,-6.721162579473194
2026-06-02 19:00:00,40.0,95.9,306.0,15.0,8.9,66.0,30.2,77,1003.7,10.5,0.0,19,2,6,1,-2.3999999999999986,-6.799999999999997,-5.660377358490565,-6.621226874391429
2026-06-02 20:00:00,38.4,91.5,279.0,17.7,8.3,49.0,29.8,78,1003.9,12.4,0.0,20,2,6,1,-1.6000000000000014,-4.400000000000006,-4.0000000000000036,-4.588112617309703
2026-06-02 21:00:00,35.0,84.3,263.0,18.0,7.8,44.0,29.5,80,1004.2,12.2,0.0,21,2,6,1,-3.3999999999999986,-7.200000000000003,-8.854166666666663,-7.868852459016395
2026-06-02 22:00:00,31.2,72.2,249.0,17.1,7.5,44.0,29.4,81,1004.3,11.4,0.0,22,2,6,1,-3.8000000000000007,-12.099999999999994,-10.857142857142854,-14.353499406880188
2026-06-02 23:00:00,29.3,68.0,231.0,16.3,7.2,45.0,29.0,81,1003.6,11.6,0.0,23,2,6,1,-1.8999999999999986,-4.200000000000003,-6.08974358974359,-5.8171745152354575
2026-06-03 00:00:00,28.3,65.9,200.0,16.0,7.1,43.0,28.8,80,1004.3,8.8,0.0,0,3,6,2,-1.0,-2.0999999999999943,-3.4129692832764458,-3.088235294117636
2026-06-03 01:00:00,26.8,60.1,165.0,15.9,7.2,41.0,28.6,80,1004.5,6.9,0.0,1,3,6,2,-1.5,-5.800000000000004,-5.300353356890463,-8.801213960546283
2026-06-03 02:00:00,25.5,57.7,147.0,15.7,7.3,39.0,28.3,80,1004.3,4.5,0.0,2,3,6,2,-1.3000000000000007,-2.3999999999999986,-4.850746268656714,-3.993344425956735
2026-06-03 03:00:00,24.0,55.3,156.0,15.6,7.3,36.0,28.1,82,1004.0,2.3,0.0,3,3,6,2,-1.5,-2.4000000000000057,-5.882352941176472,-4.159445407279039
2026-06-03 04:00:00,22.9,51.9,183.0,15.6,7.3,32.0,28.0,83,1003.5,4.1,0.0,4,3,6,2,-1.1000000000000014,-3.3999999999999986,-4.583333333333339,-6.148282097649183
2026-06-03 05:00:00,32.8,75.0,219.0,19.2,9.7,34.0,27.9,81,1002.9,2.8,0.0,5,3,6,2,9.899999999999999,23.1,43.23144104803494,44.50867052023122
2026-06-03 06:00:00,34.3,78.7,276.0,18.1,10.8,39.0,27.7,83,1003.2,4.0,0.0,6,3,6,2,1.5,3.700000000000003,4.57317073170731,4.933333333333345
2026-06-03 07:00:00,34.8,86.4,344.0,16.5,12.2,46.0,28.4,79,1004.2,8.2,0.0,7,3,6,2,0.5,7.700000000000003,1.4577259475218707,9.783989834815765
2026-06-03 08:00:00,33.9,91.0,380.0,14.4,12.9,56.0,29.6,73,1004.1,3.6,0.0,8,3,6,2,-0.8999999999999986,4.599999999999994,-2.5862068965517238,5.32407407407407
2026-06-03 09:00:00,32.7,88.7,359.0,11.4,12.4,71.0,30.8,68,1004.2,6.8,0.0,9,3,6,2,-1.1999999999999957,-2.299999999999997,-3.539823008849541,-2.5274725274725296
2026-06-03 10:00:00,31.8,85.0,307.0,8.0,11.1,87.0,31.3,67,1004.2,11.7,0.0,10,3,6,2,-0.9000000000000021,-3.700000000000003,-2.752293577981657,-4.171364148816236
2026-06-03 11:00:00,31.0,80.6,263.0,5.3,9.8,99.0,32.3,60,1004.4,10.1,0.0,11,3,6,2,-0.8000000000000007,-4.400000000000006,-2.515723270440251,-5.176470588235304
2026-06-03 12:00:00,29.5,75.7,241.0,3.9,8.5,102.0,32.5,61,1004.1,11.2,0.0,12,3,6,2,-1.5,-4.8999999999999915,-4.8387096774193505,-6.0794044665012255
2026-06-03 13:00:00,28.0,71.9,227.0,3.3,7.1,99.0,32.8,63,1003.7,11.8,0.0,13,3,6,2,-1.5,-3.799999999999997,-5.0847457627118615,-5.019815059445176
2026-06-03 14:00:00,25.9,65.2,222.0,3.3,6.1,94.0,33.1,63,1002.9,13.1,0.0,14,3,6,2,-2.1000000000000014,-6.700000000000003,-7.500000000000007,-9.31849791376913
2026-06-03 15:00:00,25.0,61.7,233.0,3.9,5.8,87.0,32.7,65,1002.1,14.4,0.0,15,3,6,2,-0.8999999999999986,-3.5,-3.474903474903468,-5.368098159509205
2026-06-03 16:00:00,24.9,61.0,253.0,5.1,5.9,78.0,32.3,67,1001.5,14.5,0.0,16,3,6,2,-0.10000000000000142,-0.7000000000000028,-0.40000000000000036,-1.1345218800648316
2026-06-03 17:00:00,30.6,77.3,266.0,7.1,6.6,75.0,32.3,62,1001.5,13.3,0.0,17,3,6,2,5.700000000000003,16.299999999999997,22.89156626506026,26.721311475409838
2026-06-03 18:00:00,30.3,75.0,266.0,9.6,6.8,66.0,31.0,68,1001.1,15.0,0.0,18,3,6,2,-0.3000000000000007,-2.299999999999997,-0.9803921568627527,-2.975420439844756
2026-06-03 19:00:00,30.0,71.7,260.0,12.9,7.2,54.0,30.2,72,1000.9,16.1,0.0,19,3,6,2,-0.3000000000000007,-3.299999999999997,-0.990099009900991,-4.399999999999993
2026-06-03 20:00:00,30.4,72.4,249.0,15.1,7.3,46.0,29.8,76,1001.0,14.0,0.0,20,3,6,2,0.3999999999999986,0.7000000000000028,1.3333333333333197,0.9762900976290068
2026-06-03 21:00:00,30.0,71.2,232.0,15.1,7.0,45.0,29.8,77,1001.3,10.9,0.0,21,3,6,2,-0.3999999999999986,-1.2000000000000028,-1.3157894736842035,-1.6574585635359185
2026-06-03 22:00:00,30.2,69.4,209.0,13.9,6.6,47.0,29.8,77,1002.1,9.7,0.0,22,3,6,2,0.1999999999999993,-1.7999999999999972,0.6666666666666599,-2.52808988764045
2026-06-03 23:00:00,31.7,75.7,190.0,12.6,6.2,49.0,29.9,77,1002.3,11.3,0.0,23,3,6,2,1.5,6.299999999999997,4.966887417218535,9.077809798270886
2026-06-04 00:00:00,33.3,83.8,175.0,11.4,6.0,51.0,29.6,80,1001.9,11.5,0.0,0,4,6,3,1.5999999999999979,8.099999999999994,5.0473186119873725,10.700132100396287
2026-06-04 01:00:00,35.5,89.6,163.0,10.0,5.9,53.0,29.5,80,1001.8,11.1,0.0,1,4,6,3,2.200000000000003,5.799999999999997,6.606606606606613,6.921241050119331
2026-06-04 02:00:00,35.0,89.4,155.0,8.9,5.9,55.0,29.3,82,1001.0,10.5,0.0,2,4,6,3,-0.5,-0.19999999999998863,-1.4084507042253502,-0.22321428571426827
2026-06-04 03:00:00,32.9,84.1,146.0,8.3,5.9,56.0,29.2,82,1000.7,9.1,0.0,3,4,6,3,-2.1000000000000014,-5.300000000000011,-6.000000000000005,-5.928411633109631
2026-06-04 04:00:00,30.9,78.0,141.0,7.9,5.9,56.0,29.1,82,1000.4,9.6,0.0,4,4,6,3,-2.0,-6.099999999999994,-6.079027355623101,-7.253269916765747
2026-06-04 05:00:00,31.2,77.5,151.0,8.5,6.2,57.0,29.4,82,1000.6,11.1,0.0,5,4,6,3,0.3000000000000007,-0.5,0.9708737864077666,-0.6410256410256387
2026-06-04 06:00:00,30.9,76.8,193.0,8.6,6.2,60.0,29.3,82,1001.1,11.4,0.0,6,4,6,3,-0.3000000000000007,-0.7000000000000028,-0.9615384615384692,-0.903225806451613
2026-06-04 07:00:00,33.6,91.7,249.0,8.7,6.3,65.0,29.8,80,1001.6,12.3,0.0,7,4,6,3,2.700000000000003,14.900000000000006,8.737864077669922,19.401041666666675
2026-06-04 08:00:00,33.6,90.1,283.0,8.4,6.3,71.0,30.6,75,1002.0,13.6,0.0,8,4,6,3,0.0,-1.6000000000000085,0.0,-1.7448200654307633
2026-06-04 09:00:00,32.9,87.8,270.0,7.2,6.2,78.0,31.3,71,1002.3,13.8,0.0,9,4,6,3,-0.7000000000000028,-2.299999999999997,-2.083333333333337,-2.5527192008878985
2026-06-04 10:00:00,32.7,88.2,233.0,5.7,6.0,85.0,32.0,68,1002.6,15.3,0.1,10,4,6,3,-0.19999999999999574,0.4000000000000057,-0.6079027355622935,0.4555808656036442
2026-06-04 11:00:00,31.7,85.4,206.0,4.4,5.8,91.0,32.7,65,1002.8,15.2,0.1,11,4,6,3,-1.0000000000000036,-2.799999999999997,-3.0581039755351758,-3.1746031746031744
2026-06-04 12:00:00,30.7,83.4,202.0,3.7,5.6,94.0,32.4,67,1002.5,15.4,0.0,12,4,6,3,-1.0,-2.0,-3.154574132492116,-2.3419203747072626
2026-06-04 13:00:00,29.9,81.3,207.0,3.2,5.4,96.0,32.7,66,1002.0,14.9,0.0,13,4,6,3,-0.8000000000000007,-2.1000000000000085,-2.6058631921824116,-2.517985611510798
2026-06-04 14:00:00,29.3,78.2,216.0,3.3,5.2,95.0,32.8,64,1001.0,15.8,0.0,14,4,6,3,-0.5999999999999979,-3.0999999999999943,-2.00668896321069,-3.8130381303812966
2026-06-04 15:00:00,27.8,71.9,231.0,4.0,5.2,90.0,32.4,67,1000.3,16.6,0.0,15,4,6,3,-1.5,-6.299999999999997,-5.119453924914675,-8.05626598465473
2026-06-04 16:00:00,27.1,69.4,251.0,5.2,5.2,82.0,32.0,70,999.6,16.6,0.0,16,4,6,3,-0.6999999999999993,-2.5,-2.517985611510787,-3.477051460361613
2026-06-04 17:00:00,43.0,114.8,261.0,7.3,5.6,77.0,31.6,71,998.9,16.8,0.0,17,4,6,3,15.899999999999999,45.39999999999999,58.67158671586714,65.4178674351585
2026-06-04 18:00:00,40.5,102.7,254.0,9.1,5.6,69.0,30.6,75,998.8,16.6,0.0,18,4,6,3,-2.5,-12.099999999999994,-5.813953488372093,-10.540069686411147
2026-06-04 19:00:00,38.4,91.7,237.0,11.7,5.7,58.0,30.3,76,999.5,14.6,0.0,19,4,6,3,-2.1000000000000014,-11.0,-5.185185185185192,-10.710808179162612
2026-06-04 20:00:00,32.9,78.9,223.0,13.7,5.8,50.0,30.1,77,999.9,14.7,0.0,20,4,6,3,-5.5,-12.799999999999997,-14.322916666666663,-13.958560523446017
2026-06-04 21:00:00,30.9,70.8,218.0,15.0,6.1,46.0,30.0,78,1000.5,14.3,0.0,21,4,6,3,-2.0,-8.100000000000009,-6.079027355623101,-10.2661596958175
2026-06-04 22:00:00,30.6,69.6,215.0,15.8,6.5,44.0,29.8,80,1000.8,13.9,0.0,22,4,6,3,-0.29999999999999716,-1.2000000000000028,-0.9708737864077555,-1.6949152542372947
2026-06-04 23:00:00,30.7,68.7,208.0,15.7,6.6,44.0,29.7,82,1000.6,13.1,0.0,23,4,6,3,0.09999999999999787,-0.8999999999999915,0.32679738562091387,-1.2931034482758452
2026-06-05 00:00:00,29.7,66.1,189.0,14.1,6.3,45.0,29.4,84,1000.4,12.2,0.0,0,5,6,4,-1.0,-2.6000000000000085,-3.2573289902280145,-3.7845705967976873
2026-06-05 01:00:00,28.7,63.8,165.0,11.6,5.7,48.0,29.2,85,1000.3,11.8,0.0,1,5,6,4,-1.0,-2.299999999999997,-3.367003367003363,-3.479576399394857
2026-06-05 02:00:00,27.0,60.1,149.0,9.5,5.3,51.0,29.0,86,999.9,10.8,0.0,2,5,6,4,-1.6999999999999993,-3.6999999999999957,-5.923344947735187,-5.799373040752343
2026-06-05 03:00:00,26.1,59.6,143.0,8.2,5.2,53.0,28.9,86,999.9,10.9,0.0,3,5,6,4,-0.8999999999999986,-0.5,-3.3333333333333326,-0.8319467554076532
2026-06-05 04:00:00,25.7,60.1,144.0,7.2,5.3,54.0,28.7,87,999.7,11.8,0.0,4,5,6,4,-0.40000000000000213,0.5,-1.532567049808442,0.8389261744966348
2026-06-05 05:00:00,27.1,63.8,159.0,6.8,5.3,57.0,28.9,88,999.4,12.1,0.0,5,5,6,4,1.4000000000000021,3.6999999999999957,5.447470817120625,6.1564059900166335
2026-06-05 06:00:00,28.9,72.9,201.0,7.5,5.6,59.0,28.8,89,1000.0,11.1,0.0,6,5,6,4,1.7999999999999972,9.100000000000009,6.6420664206642055,14.263322884012553
2026-06-05 07:00:00,31.4,90.6,257.0,8.5,6.0,62.0,29.6,84,1000.7,12.0,0.0,7,5,6,4,2.5,17.69999999999999,8.650519031141869,24.27983539094649
2026-06-05 08:00:00,35.7,114.1,290.0,8.7,6.3,68.0,30.7,77,1001.4,12.4,0.0,8,5,6,4,4.300000000000004,23.5,13.694267515923574,25.938189845474625
2026-06-05 09:00:00,38.5,128.1,278.0,7.5,6.6,80.0,31.8,71,1001.7,13.0,0.0,9,5,6,4,2.799999999999997,14.0,7.843137254901955,12.269938650306745
2026-06-05 10:00:00,39.9,132.7,244.0,5.7,6.8,95.0,32.8,66,1002.0,12.5,0.0,10,5,6,4,1.3999999999999986,4.599999999999994,3.6363636363636376,3.590944574551136
2026-06-05 11:00:00,40.6,134.6,219.0,4.2,6.9,106.0,33.3,64,1002.3,12.9,0.0,11,5,6,4,0.7000000000000028,1.9000000000000057,1.7543859649122862,1.4318010550113058
2026-06-05 12:00:00,39.3,125.7,213.0,3.5,6.7,111.0,33.2,65,1002.4,14.2,0.0,12,5,6,4,-1.3000000000000043,-8.899999999999991,-3.2019704433497664,-6.612184249628528
2026-06-05 13:00:00,37.0,112.0,216.0,3.2,6.3,112.0,33.2,65,1001.9,15.1,0.0,13,5,6,4,-2.299999999999997,-13.700000000000003,-5.852417302798973,-10.898965791567228
2026-06-05 14:00:00,34.2,100.4,225.0,3.5,6.0,110.0,33.1,66,1001.2,15.2,0.0,14,5,6,4,-2.799999999999997,-11.599999999999994,-7.567567567567557,-10.357142857142854
2026-06-05 15:00:00,32.5,92.9,245.0,4.3,5.9,104.0,32.9,66,1000.5,15.4,0.0,15,5,6,4,-1.7000000000000028,-7.5,-4.970760233918137,-7.4701195219123555
2026-06-05 16:00:00,31.2,88.0,271.0,5.6,5.9,96.0,32.4,68,1000.1,14.7,0.0,16,5,6,4,-1.3000000000000007,-4.900000000000006,-4.0000000000000036,-5.274488697524227
2026-06-05 17:00:00,36.8,106.6,288.0,7.6,6.4,89.0,32.2,67,1000.0,13.0,0.0,17,5,6,4,5.599999999999998,18.599999999999994,17.948717948717952,21.13636363636362
2026-06-05 18:00:00,33.1,90.8,287.0,9.8,6.5,79.0,31.1,74,999.9,13.4,0.0,18,5,6,4,-3.6999999999999957,-15.799999999999997,-10.054347826086952,-14.821763602251403
2026-06-05 19:00:00,29.9,75.0,276.0,12.8,6.6,66.0,30.0,78,1000.2,12.7,0.0,19,5,6,4,-3.200000000000003,-15.799999999999997,-9.667673716012093,-17.400881057268723
2026-06-05 20:00:00,26.2,59.5,267.0,15.3,6.7,55.0,29.6,80,1000.3,12.7,0.0,20,5,6,4,-3.6999999999999993,-15.5,-12.374581939799334,-20.666666666666668
2026-06-05 21:00:00,24.0,54.6,267.0,16.7,6.9,50.0,29.8,78,1001.1,10.2,0.0,21,5,6,4,-2.1999999999999993,-4.899999999999999,-8.3969465648855,-8.23529411764705
2026-06-05 22:00:00,23.3,49.1,269.0,17.5,7.0,47.0,29.8,78,1002.1,8.9,0.0,22,5,6,4,-0.6999999999999993,-5.5,-2.9166666666666674,-10.073260073260071
2026-06-05 23:00:00,24.1,51.0,261.0,17.6,7.1,46.0,29.6,80,1002.4,8.4,0.0,23,5,6,4,0.8000000000000007,1.8999999999999986,3.433476394849788,3.86965376782078
2026-06-06 00:00:00,24.4,51.2,232.0,16.6,7.0,46.0,29.1,83,1002.2,8.7,0.0,0,6,6,5,0.29999999999999716,0.20000000000000284,1.2448132780082943,0.39215686274509665
2026-06-06 01:00:00,24.1,52.0,193.0,14.8,6.8,47.0,29.0,83,1002.0,8.6,0.0,1,6,6,5,-0.29999999999999716,0.7999999999999972,-1.2295081967212962,1.5625
2026-06-06 02:00:00,23.7,55.4,164.0,13.0,6.6,48.0,28.8,84,1001.3,9.9,0.0,2,6,6,5,-0.40000000000000213,3.3999999999999986,-1.6597510373444035,6.538461538461537
2026-06-06 03:00:00,23.3,57.2,151.0,11.4,6.4,49.0,28.6,85,1001.1,10.4,0.0,3,6,6,5,-0.3999999999999986,1.8000000000000043,-1.6877637130801593,3.2490974729241895
2026-06-06 04:00:00,22.8,56.7,148.0,9.7,6.2,49.0,28.5,85,1001.3,10.6,0.0,4,6,6,5,-0.5,-0.5,-2.145922746781115,-0.8741258741258751
2026-06-06 05:00:00,22.8,56.8,159.0,8.3,5.8,53.0,28.7,87,1001.3,11.1,0.0,5,6,6,5,0.0,0.09999999999999432,0.0,0.17636684303350414
2026-06-06 06:00:00,24.2,64.5,196.0,8.5,5.9,56.0,28.6,87,1001.8,11.7,0.0,6,6,6,5,1.3999999999999986,7.700000000000003,6.140350877192979,13.556338028169023
2026-06-06 07:00:00,26.3,80.3,246.0,8.6,5.9,60.0,29.2,82,1002.4,12.4,0.0,7,6,6,5,2.1000000000000014,15.799999999999997,8.677685950413228,24.49612403100774
2026-06-06 08:00:00,28.8,88.5,276.0,8.3,6.0,66.0,30.4,74,1003.0,11.9,0.0,8,6,6,5,2.5,8.200000000000003,9.505703422053235,10.211706102117057
2026-06-06 09:00:00,31.5,96.9,264.0,7.0,6.1,78.0,31.5,67,1003.3,11.6,0.0,9,6,6,5,2.6999999999999993,8.400000000000006,9.375,9.49152542372882
2026-06-06 10:00:00,30.4,89.9,232.0,5.3,6.2,91.0,32.4,64,1003.4,13.2,0.0,10,6,6,5,-1.1000000000000014,-7.0,-3.492063492063502,-7.223942208462331
2026-06-06 11:00:00,29.8,85.0,208.0,3.9,6.1,101.0,33.2,61,1003.8,14.8,0.0,11,6,6,5,-0.5999999999999979,-4.900000000000006,-1.9736842105263053,-5.450500556173532
2026-06-06 12:00:00,27.9,77.1,202.0,3.3,5.8,103.0,33.2,62,1003.6,15.7,0.0,12,6,6,5,-1.9000000000000021,-7.900000000000006,-6.375838926174504,-9.29411764705883
2026-06-06 13:00:00,25.8,70.3,203.0,3.0,5.3,100.0,33.3,63,1003.0,16.3,0.0,13,6,6,5,-2.099999999999998,-6.799999999999997,-7.526881720430101,-8.819714656290534
2026-06-06 14:00:00,24.4,65.9,210.0,3.2,5.0,96.0,33.3,64,1002.4,16.9,0.0,14,6,6,5,-1.4000000000000021,-4.3999999999999915,-5.4263565891472965,-6.258890469416778
2026-06-06 15:00:00,23.5,61.7,227.0,3.9,4.9,90.0,32.9,66,1002.0,16.7,0.0,15,6,6,5,-0.8999999999999986,-4.200000000000003,-3.688524590163933,-6.373292867981794
2026-06-06 16:00:00,22.8,59.5,249.0,5.0,4.9,81.0,32.6,67,1001.7,16.2,0.0,16,6,6,5,-0.6999999999999993,-2.200000000000003,-2.9787234042553123,-3.5656401944894722
2026-06-06 17:00:00,27.4,75.9,260.0,6.4,4.8,73.0,32.0,69,1001.5,15.2,0.0,17,6,6,5,4.599999999999998,16.400000000000006,20.175438596491226,27.563025210084046
2026-06-06 18:00:00,28.9,80.3,251.0,7.9,4.9,67.0,31.3,71,1001.6,15.7,0.0,18,6,6,5,1.5,4.3999999999999915,5.474452554744524,5.797101449275344
2026-06-06 19:00:00,24.1,66.1,232.0,9.9,4.9,58.0,30.8,72,1001.8,16.9,0.0,19,6,6,5,-4.799999999999997,-14.200000000000003,-16.608996539792376,-17.683686176836865
2026-06-06 20:00:00,23.1,62.4,215.0,11.3,5.0,52.0,30.2,77,1001.9,18.2,0.0,20,6,6,5,-1.0,-3.6999999999999957,-4.149377593360992,-5.597579425113464
2026-06-06 21:00:00,21.8,57.6,207.0,11.7,5.1,50.0,30.0,78,1003.0,14.4,0.0,21,6,6,5,-1.3000000000000007,-4.799999999999997,-5.627705627705626,-7.692307692307687
2026-06-06 22:00:00,18.9,51.6,201.0,11.6,5.1,50.0,29.9,78,1003.9,13.6,0.0,22,6,6,5,-2.900000000000002,-6.0,-13.30275229357799,-10.416666666666663
2026-06-06 23:00:00,18.4,51.1,191.0,11.1,5.1,51.0,29.7,80,1004.0,13.1,0.0,23,6,6,5,-0.5,-0.5,-2.645502645502651,-0.9689922480620172
2026-06-07 00:00:00,18.6,52.3,173.0,10.2,5.0,52.0,29.3,82,1003.7,12.1,0.0,0,7,6,6,0.20000000000000284,1.1999999999999957,1.0869565217391353,2.3483365949119372
2026-06-07 01:00:00,19.0,53.3,151.0,9.1,4.8,54.0,29.2,82,1003.4,12.4,0.0,1,7,6,6,0.3999999999999986,1.0,2.1505376344086002,1.9120458891013437
2026-06-07 02:00:00,19.6,54.1,136.0,8.0,4.6,56.0,29.0,82,1002.8,12.8,0.0,2,7,6,6,0.6000000000000014,0.8000000000000043,3.157894736842115,1.5009380863039379
2026-06-07 03:00:00,20.7,56.3,133.0,7.2,4.5,58.0,28.9,83,1002.8,13.1,0.0,3,7,6,6,1.0999999999999979,2.1999999999999957,5.612244897959173,4.066543438077619
2026-06-07 04:00:00,22.3,58.8,137.0,6.5,4.6,60.0,28.9,83,1002.8,14.1,0.0,4,7,6,6,1.6000000000000014,2.5,7.7294685990338285,4.440497335701599
2026-06-07 05:00:00,24.6,61.9,146.0,5.3,4.2,66.0,29.0,84,1002.7,13.5,0.0,5,7,6,6,2.3000000000000007,3.1000000000000014,10.313901345291487,5.272108843537415
2026-06-07 06:00:00,26.3,64.0,164.0,5.5,4.4,69.0,28.9,84,1003.1,13.3,0.0,6,7,6,6,1.6999999999999993,2.1000000000000014,6.910569105691056,3.392568659127626
2026-06-07 07:00:00,30.6,78.5,187.0,5.7,4.7,73.0,29.6,80,1003.5,15.1,0.0,7,7,6,6,4.300000000000001,14.5,16.349809885931556,22.65625
2026-06-07 08:00:00,33.1,84.8,200.0,5.6,5.0,78.0,30.9,72,1003.8,15.9,0.0,8,7,6,6,2.5,6.299999999999997,8.169934640522868,8.025477707006367
2026-06-07 09:00:00,33.8,86.1,194.0,4.7,5.1,86.0,32.0,66,1004.2,15.9,0.0,9,7,6,6,0.6999999999999957,1.2999999999999972,2.114803625377637,1.5330188679245182
2026-06-07 10:00:00,33.5,85.9,179.0,3.5,5.2,95.0,33.0,61,1004.2,15.5,0.0,10,7,6,6,-0.29999999999999716,-0.19999999999998863,-0.8875739644970349,-0.23228803716607294
2026-06-07 11:00:00,32.7,86.8,167.0,2.6,5.2,101.0,33.8,59,1004.5,15.5,0.0,11,7,6,6,-0.7999999999999972,0.8999999999999915,-2.3880597014925287,1.0477299185098765
2026-06-07 12:00:00,31.7,87.3,164.0,2.2,5.1,101.0,33.9,59,1004.1,16.3,0.0,12,7,6,6,-1.0000000000000036,0.5,-3.0581039755351758,0.5760368663594528
2026-06-07 13:00:00,30.7,88.9,166.0,2.2,4.9,97.0,33.8,60,1003.7,16.5,0.0,13,7,6,6,-1.0,1.6000000000000085,-3.154574132492116,1.8327605956472093
2026-06-07 14:00:00,30.0,90.1,170.0,2.4,4.7,93.0,33.8,61,1003.1,16.1,0.0,14,7,6,6,-0.6999999999999993,1.1999999999999886,-2.28013029315961,1.3498312710910954
2026-06-07 15:00:00,29.2,88.7,179.0,2.9,4.6,88.0,33.4,64,1002.4,16.8,0.0,15,7,6,6,-0.8000000000000007,-1.3999999999999915,-2.6666666666666727,-1.5538290788013276
2026-06-07 16:00:00,28.8,89.6,191.0,3.6,4.6,83.0,32.8,67,1002.0,16.8,0.0,16,7,6,6,-0.3999999999999986,0.8999999999999915,-1.3698630136986245,1.014656144306647
2026-06-07 17:00:00,33.8,110.6,198.0,4.6,4.6,79.0,32.3,68,1001.8,16.5,0.0,17,7,6,6,4.9999999999999964,21.0,17.361111111111093,23.4375
2026-06-07 18:00:00,31.3,99.7,195.0,5.8,4.7,73.0,31.1,74,1002.0,16.5,0.0,18,7,6,6,-2.4999999999999964,-10.899999999999991,-7.396449704142006,-9.855334538878836
2026-06-07 19:00:00,28.5,83.8,187.0,7.6,4.8,64.0,30.2,80,1002.2,16.4,0.0,19,7,6,6,-2.8000000000000007,-15.900000000000006,-8.94568690095847,-15.947843530591776
2026-06-07 20:00:00,24.9,69.8,179.0,8.9,4.9,58.0,30.0,80,1002.5,18.1,0.0,20,7,6,6,-3.6000000000000014,-14.0,-12.631578947368427,-16.70644391408115
2026-06-07 21:00:00,22.9,60.3,173.0,9.5,5.1,57.0,30.0,80,1003.3,16.6,0.0,21,7,6,6,-2.0,-9.5,-8.032128514056225,-13.610315186246414
2026-06-07 22:00:00,24.7,61.9,168.0,9.8,5.3,57.0,30.0,79,1003.7,14.7,0.0,22,7,6,6,1.8000000000000007,1.6000000000000014,7.860262008733621,2.6533996683250516
2026-06-07 23:00:00,26.7,64.5,161.0,9.6,5.3,59.0,29.8,82,1003.4,14.4,0.0,23,7,6,6,2.0,2.6000000000000014,8.097165991902845,4.20032310177707
2026-06-08 00:00:00,27.9,66.4,150.0,8.8,5.1,61.0,29.6,83,1003.3,12.5,0.0,0,8,6,0,1.1999999999999993,1.9000000000000057,4.494382022471899,2.945736434108537
2026-06-08 01:00:00,28.1,66.8,138.0,7.6,4.8,63.0,29.3,84,1002.8,13.0,0.0,1,8,6,0,0.20000000000000284,0.3999999999999915,0.7168458781362075,0.6024096385542022
2026-06-08 02:00:00,26.7,64.7,129.0,6.5,4.5,65.0,29.4,82,1002.2,13.9,0.0,2,8,6,0,-1.4000000000000021,-2.0999999999999943,-4.982206405693956,-3.143712574850288
2026-06-08 03:00:00,24.6,60.5,121.0,5.5,4.2,66.0,29.3,83,1001.6,15.1,0.0,3,8,6,0,-2.099999999999998,-4.200000000000003,-7.86516853932584,-6.49149922720248
2026-06-08 04:00:00,22.8,57.6,117.0,4.7,4.0,67.0,29.1,84,1001.5,15.0,0.0,4,8,6,0,-1.8000000000000007,-2.8999999999999986,-7.317073170731714,-4.793388429752065
2026-06-08 05:00:00,21.7,55.2,127.0,4.3,3.8,70.0,29.2,85,1001.2,14.8,0.0,5,8,6,0,-1.1000000000000014,-2.3999999999999986,-4.824561403508776,-4.1666666666666625
2026-06-08 06:00:00,21.5,54.5,166.0,5.4,4.2,70.0,29.2,85,1001.7,14.1,0.0,6,8,6,0,-0.1999999999999993,-0.7000000000000028,-0.9216589861751112,-1.2681159420289911
2026-06-08 07:00:00,25.1,68.0,219.0,6.9,4.8,70.0,30.0,79,1002.2,13.7,0.0,7,8,6,0,3.6000000000000014,13.5,16.744186046511643,24.770642201834868
2026-06-08 08:00:00,28.8,79.6,252.0,7.6,5.3,74.0,31.0,72,1002.8,15.3,0.0,8,8,6,0,3.6999999999999993,11.599999999999994,14.741035856573692,17.058823529411747
2026-06-08 09:00:00,31.0,87.8,246.0,6.8,5.6,84.0,32.1,66,1002.9,14.2,0.0,9,8,6,0,2.1999999999999993,8.200000000000003,7.638888888888884,10.301507537688437
2026-06-08 10:00:00,32.8,92.0,221.0,5.2,5.8,97.0,32.9,65,1002.7,15.2,0.0,10,8,6,0,1.7999999999999972,4.200000000000003,5.806451612903207,4.783599088838275
2026-06-08 11:00:00,34.7,98.0,201.0,4.0,5.8,106.0,33.5,64,1002.8,16.9,0.0,11,8,6,0,1.9000000000000057,6.0,5.7926829268292845,6.521739130434789
2026-06-08 12:00:00,35.4,100.8,195.0,3.5,5.5,108.0,33.9,62,1002.5,17.5,0.0,12,8,6,0,0.6999999999999957,2.799999999999997,2.0172910662824117,2.857142857142847
2026-06-08 13:00:00,35.2,100.4,195.0,3.3,5.1,105.0,34.1,62,1001.8,18.0,0.0,13,8,6,0,-0.19999999999999574,-0.3999999999999915,-0.5649717514124131,-0.3968253968253843
2026-06-08 14:00:00,33.9,95.9,199.0,3.5,4.7,100.0,34.0,64,1001.0,18.1,0.0,14,8,6,0,-1.3000000000000043,-4.5,-3.6931818181818343,-4.482071713147406
2026-06-08 15:00:00,30.5,82.4,210.0,4.2,4.6,93.0,33.5,67,1000.8,17.7,0.0,15,8,6,0,-3.3999999999999986,-13.5,-10.029498525073743,-14.077163712200203
2026-06-08 16:00:00,26.9,68.5,227.0,5.3,4.5,84.0,32.9,70,1000.5,18.2,0.0,16,8,6,0,-3.6000000000000014,-13.900000000000006,-11.8032786885246,-16.86893203883496
2026-06-08 17:00:00,30.4,82.0,239.0,6.6,4.5,76.0,32.2,73,999.9,19.7,0.0,17,8,6,0,3.5,13.5,13.011152416356886,19.7080291970803
2026-06-08 18:00:00,27.9,70.1,245.0,8.2,4.7,70.0,31.0,78,999.6,19.5,0.0,18,8,6,0,-2.5,-11.900000000000006,-8.223684210526317,-14.51219512195122
2026-06-08 19:00:00,24.3,59.0,247.0,10.6,4.9,61.0,30.6,80,1000.5,15.4,0.0,19,8,6,0,-3.599999999999998,-11.099999999999994,-12.903225806451601,-15.83452211126961
2026-06-08 20:00:00,21.4,50.1,245.0,12.5,5.2,54.0,30.3,82,1000.7,13.6,0.0,20,8,6,0,-2.900000000000002,-8.899999999999999,-11.934156378600836,-15.08474576271186
2026-06-08 21:00:00,21.0,46.4,240.0,14.0,5.6,50.0,30.2,83,1001.3,13.9,0.0,21,8,6,0,-0.3999999999999986,-3.700000000000003,-1.869158878504662,-7.38522954091817
2026-06-08 22:00:00,21.5,45.5,231.0,15.2,6.1,48.0,29.9,85,1001.8,12.5,0.0,22,8,6,0,0.5,-0.8999999999999986,2.3809523809523725,-1.93965517241379
2026-06-08 23:00:00,22.1,45.4,216.0,15.2,6.3,47.0,29.9,87,1001.8,13.1,0.0,23,8,6,0,0.6000000000000014,-0.10000000000000142,2.7906976744186185,-0.219780219780219
2026-06-09 00:00:00,21.9,44.4,190.0,13.3,5.9,48.0,29.7,88,1001.4,13.6,0.0,0,9,6,1,-0.20000000000000284,-1.0,-0.9049773755656187,-2.2026431718061623
2026-06-09 01:00:00,20.5,41.7,159.0,10.2,5.1,51.0,29.6,88,1000.8,14.0,0.0,1,9,6,1,-1.3999999999999986,-2.6999999999999957,-6.392694063926929,-6.0810810810810745
2026-06-09 02:00:00,18.8,38.0,137.0,7.6,4.5,54.0,29.4,90,1000.3,14.7,0.0,2,9,6,1,-1.6999999999999993,-3.700000000000003,-8.292682926829265,-8.872901678657087
2026-06-09 03:00:00,17.2,33.9,127.0,6.1,4.1,55.0,29.2,91,1000.2,14.8,0.0,3,9,6,1,-1.6000000000000014,-4.100000000000001,-8.510638297872353,-10.789473684210527
2026-06-09 04:00:00,15.9,31.3,126.0,5.0,3.9,57.0,29.2,91,1000.0,14.2,0.0,4,9,6,1,-1.299999999999999,-2.599999999999998,-7.558139534883712,-7.669616519174038
2026-06-09 05:00:00,15.2,29.9,136.0,4.4,3.7,59.0,29.2,91,1000.3,16.0,0.0,5,9,6,1,-0.7000000000000011,-1.4000000000000021,-4.402515723270451,-4.472843450479235
2026-06-09 06:00:00,14.6,28.2,169.0,5.6,4.1,57.0,29.3,90,1000.6,16.4,0.0,6,9,6,1,-0.5999999999999996,-1.6999999999999993,-3.9473684210526327,-5.685618729096986
2026-06-09 07:00:00,15.2,29.0,215.0,7.3,4.7,55.0,30.0,85,1000.9,19.1,0.0,7,9,6,1,0.5999999999999996,0.8000000000000007,4.109589041095885,2.8368794326241176
2026-06-09 08:00:00,17.7,32.9,242.0,8.1,5.1,56.0,31.1,77,1001.2,20.4,0.0,8,9,6,1,2.5,3.8999999999999986,16.447368421052634,13.448275862068959
2026-06-09 09:00:00,19.4,36.8,233.0,7.2,5.2,64.0,32.0,73,1001.2,19.8,0.0,9,9,6,1,1.6999999999999993,3.8999999999999986,9.604519774011289,11.854103343465038
2026-06-09 10:00:00,20.5,41.0,206.0,5.4,5.1,75.0,32.9,69,1001.3,19.2,0.0,10,9,6,1,1.1000000000000014,4.200000000000003,5.670103092783507,11.413043478260887
2026-06-09 11:00:00,21.9,46.8,186.0,4.0,5.0,83.0,33.5,65,1001.7,20.3,0.0,11,9,6,1,1.3999999999999986,5.799999999999997,6.829268292682911,14.146341463414625
2026-06-09 12:00:00,22.3,51.7,182.0,3.4,4.8,86.0,33.5,66,1001.2,21.8,0.0,12,9,6,1,0.40000000000000213,4.900000000000006,1.82648401826484,10.470085470085477
2026-06-09 13:00:00,22.6,54.8,186.0,3.2,4.6,87.0,33.8,64,1000.6,20.9,0.0,13,9,6,1,0.3000000000000007,3.0999999999999943,1.3452914798206317,5.996131528046411
2026-06-09 14:00:00,23.1,57.5,195.0,3.4,4.4,85.0,34.0,65,999.8,20.1,0.0,14,9,6,1,0.5,2.700000000000003,2.212389380530966,4.92700729927007
2026-06-09 15:00:00,23.3,57.9,216.0,4.1,4.4,80.0,33.6,66,999.3,19.0,0.0,15,9,6,1,0.1999999999999993,0.3999999999999986,0.8658008658008587,0.6956521739130306
2026-06-09 16:00:00,22.6,55.8,242.0,5.3,4.5,73.0,33.0,71,998.9,18.0,0.0,16,9,6,1,-0.6999999999999993,-2.1000000000000014,-3.0042918454935563,-3.626943005181349
2026-06-09 17:00:00,27.2,74.5,259.0,6.4,4.4,66.0,32.5,72,999.1,17.3,0.0,17,9,6,1,4.599999999999998,18.700000000000003,20.353982300884944,33.51254480286738
2026-06-09 18:00:00,26.1,67.1,257.0,8.3,4.6,60.0,31.4,78,999.2,16.0,0.0,18,9,6,1,-1.0999999999999979,-7.400000000000006,-4.044117647058821,-9.932885906040278
2026-06-09 19:00:00,23.4,57.4,245.0,10.9,5.0,53.0,30.6,83,999.5,16.1,0.0,19,9,6,1,-2.700000000000003,-9.699999999999996,-10.344827586206906,-14.456035767511178
2026-06-09 20:00:00,20.8,48.4,233.0,12.7,5.2,47.0,30.2,85,999.9,17.0,0.0,20,9,6,1,-2.599999999999998,-9.0,-11.111111111111105,-15.679442508710807
2026-06-09 21:00:00,19.6,42.1,228.0,13.3,5.3,45.0,29.9,87,1000.2,16.6,0.0,21,9,6,1,-1.1999999999999993,-6.299999999999997,-5.769230769230771,-13.01652892561983
2026-06-09 22:00:00,19.2,39.7,224.0,13.1,5.4,45.0,29.7,87,1000.9,14.5,0.0,22,9,6,1,-0.40000000000000213,-2.3999999999999986,-2.0408163265306256,-5.700712589073631
2026-06-09 23:00:00,18.6,38.1,213.0,12.3,5.3,46.0,29.7,88,1001.0,14.9,0.0,23,9,6,1,-0.5999999999999979,-1.6000000000000014,-3.124999999999989,-4.030226700251893
2026-06-10 00:00:00,17.9,36.7,189.0,10.7,5.0,47.0,29.4,90,1000.8,14.0,0.0,0,10,6,2,-0.7000000000000028,-1.3999999999999986,-3.7634408602150726,-3.6745406824146953
2026-06-10 01:00:00,17.1,34.8,159.0,8.6,4.5,49.0,29.2,90,1000.5,13.3,0.0,1,10,6,2,-0.7999999999999972,-1.9000000000000057,-4.469273743016744,-5.177111716621264
2026-06-10 02:00:00,16.5,33.5,136.0,6.8,4.1,51.0,29.1,90,999.8,14.1,0.0,2,10,6,2,-0.6000000000000014,-1.2999999999999972,-3.5087719298245723,-3.735632183908033
2026-06-10 03:00:00,15.9,32.2,123.0,5.7,3.9,52.0,29.2,87,999.9,15.6,0.0,3,10,6,2,-0.5999999999999996,-1.2999999999999972,-3.6363636363636376,-3.880597014925369
2026-06-10 04:00:00,15.4,31.5,117.0,5.0,3.9,52.0,29.1,88,999.9,16.9,0.0,4,10,6,2,-0.5,-0.7000000000000028,-3.1446540880503138,-2.1739130434782705
2026-06-10 05:00:00,15.2,32.0,125.0,4.5,3.6,54.0,29.3,90,1000.0,19.2,0.0,5,10,6,2,-0.20000000000000107,0.5,-1.2987012987013102,1.5873015873015817
2026-06-10 06:00:00,15.0,30.0,162.0,5.8,4.0,53.0,29.4,89,1000.4,20.6,0.0,6,10,6,2,-0.1999999999999993,-2.0,-1.3157894736842035,-6.25
2026-06-10 07:00:00,15.6,29.9,213.0,7.6,4.4,52.0,30.0,85,1001.0,21.3,0.0,7,10,6,2,0.5999999999999996,-0.10000000000000142,4.0000000000000036,-0.33333333333334103
2026-06-10 08:00:00,17.3,35.3,244.0,8.4,4.8,54.0,31.0,79,1001.4,21.9,0.0,8,10,6,2,1.700000000000001,5.399999999999999,10.897435897435903,18.060200668896307
2026-06-10 09:00:00,21.0,44.8,232.0,7.4,4.9,63.0,32.1,72,1001.5,22.7,0.0,9,10,6,2,3.6999999999999993,9.5,21.387283236994215,26.912181303116146
2026-06-10 10:00:00,22.3,52.2,200.0,5.5,4.9,75.0,33.0,67,1001.7,22.9,0.0,10,10,6,2,1.3000000000000007,7.400000000000006,6.190476190476191,16.51785714285716
2026-06-10 11:00:00,23.6,59.8,177.0,4.0,4.8,84.0,33.8,65,1001.7,21.0,0.0,11,10,6,2,1.3000000000000007,7.599999999999994,5.829596412556048,14.559386973180066
2026-06-10 12:00:00,24.9,67.3,174.0,3.5,4.7,89.0,34.1,64,1001.2,21.1,0.0,12,10,6,2,1.2999999999999972,7.5,5.508474576271172,12.541806020066893
2026-06-10 13:00:00,25.9,72.9,180.0,3.4,4.6,91.0,34.1,66,1000.6,20.7,0.0,13,10,6,2,1.0,5.6000000000000085,4.016064257028118,8.32095096582468
2026-06-10 14:00:00,26.4,74.7,193.0,3.9,4.6,90.0,34.0,67,999.8,20.3,0.0,14,10,6,2,0.5,1.7999999999999972,1.9305019305019266,2.4691358024691246
2026-06-10 15:00:00,27.0,76.6,218.0,4.9,4.6,86.0,33.8,67,999.2,18.8,0.0,15,10,6,2,0.6000000000000014,1.8999999999999915,2.2727272727272707,2.5435073627844584
2026-06-10 16:00:00,26.4,72.9,251.0,6.4,4.7,79.0,33.4,69,998.7,16.8,0.0,16,10,6,2,-0.6000000000000014,-3.6999999999999886,-2.2222222222222254,-4.830287206266304
2026-06-10 17:00:00,32.5,92.0,277.0,8.9,5.1,73.0,32.9,71,998.6,15.8,0.0,17,10,6,2,6.100000000000001,19.099999999999994,23.10606060606062,26.200274348422493
2026-06-10 18:00:00,29.1,73.1,294.0,13.0,5.5,63.0,31.8,75,998.6,14.6,0.0,18,10,6,2,-3.3999999999999986,-18.900000000000006,-10.461538461538456,-20.543478260869573
2026-06-10 19:00:00,24.2,54.4,305.0,18.6,6.0,49.0,31.0,79,998.6,11.6,0.0,19,10,6,2,-4.900000000000002,-18.699999999999996,-16.8384879725086,-25.581395348837212
2026-06-10 20:00:00,20.7,42.4,305.0,21.6,6.2,40.0,30.5,83,999.2,8.8,0.0,20,10,6,2,-3.5,-12.0,-14.462809917355369,-22.058823529411764
2026-06-10 21:00:00,19.2,40.5,292.0,19.7,5.9,40.0,30.3,84,999.8,7.3,0.0,21,10,6,2,-1.5,-1.8999999999999986,-7.246376811594201,-4.481132075471694
2026-06-10 22:00:00,18.8,40.9,268.0,15.3,5.3,45.0,30.1,85,1000.2,10.1,0.0,22,10,6,2,-0.3999999999999986,0.3999999999999986,-2.083333333333326,0.9876543209876409
2026-06-10 23:00:00,18.6,42.7,240.0,11.4,4.7,50.0,29.9,85,1000.5,11.1,0.0,23,10,6,2,-0.1999999999999993,1.8000000000000043,-1.0638297872340385,4.400977995110034
2026-06-11 00:00:00,18.8,45.2,204.0,9.0,4.3,52.0,29.7,86,1000.2,12.4,0.0,0,11,6,3,0.1999999999999993,2.5,1.0752688172043001,5.854800936768156
2026-06-11 01:00:00,18.9,46.6,164.0,7.1,3.9,54.0,29.6,85,999.8,13.7,0.0,1,11,6,3,0.09999999999999787,1.3999999999999986,0.5319148936170137,3.0973451327433565
2026-06-11 02:00:00,19.1,47.7,134.0,5.7,3.7,56.0,29.5,86,999.3,13.8,0.0,2,11,6,3,0.20000000000000284,1.1000000000000014,1.0582010582010692,2.3605150214592197
2026-06-11 03:00:00,19.5,48.8,117.0,4.7,3.6,57.0,29.3,88,999.1,13.5,0.0,3,11,6,3,0.3999999999999986,1.0999999999999943,2.0942408376963373,2.3060796645702153
2026-06-11 04:00:00,20.0,49.5,111.0,4.3,3.6,58.0,29.2,90,999.2,14.4,0.0,4,11,6,3,0.5,0.7000000000000028,2.564102564102555,1.434426229508201
2026-06-11 05:00:00,20.8,50.9,127.0,4.9,3.8,57.0,29.2,91,998.6,15.4,0.0,5,11,6,3,0.8000000000000007,1.3999999999999986,4.0000000000000036,2.8282828282828243
2026-06-11 06:00:00,21.9,51.8,187.0,7.3,4.4,57.0,29.3,90,999.3,15.7,0.0,6,11,6,3,1.0999999999999979,0.8999999999999986,5.28846153846152,1.7681728880157177
2026-06-11 07:00:00,24.8,60.3,268.0,10.4,5.2,57.0,30.0,87,999.5,13.0,0.0,7,11,6,3,2.900000000000002,8.5,13.242009132420108,16.409266409266408
2026-06-11 08:00:00,30.3,69.2,318.0,12.2,6.0,63.0,31.6,78,1000.1,15.0,0.0,8,11,6,3,5.5,8.900000000000006,22.1774193548387,14.759535655058054
2026-06-11 09:00:00,36.6,94.3,304.0,11.3,6.7,80.0,33.1,71,1000.4,14.6,0.0,9,11,6,3,6.300000000000001,25.099999999999994,20.79207920792079,36.271676300578015
2026-06-11 10:00:00,47.1,148.1,258.0,9.0,7.3,104.0,34.7,63,1000.5,14.6,0.0,10,11,6,3,10.5,53.8,28.688524590163933,57.05196182396606
2026-06-11 11:00:00,58.1,200.7,224.0,7.1,7.6,121.0,35.4,57,1000.7,16.8,0.0,11,11,6,3,11.0,52.599999999999994,23.354564755838638,35.51654287643484
2026-06-11 12:00:00,66.4,237.5,219.0,6.2,7.2,129.0,36.3,53,1000.0,16.1,0.0,12,11,6,3,8.300000000000004,36.80000000000001,14.285714285714302,18.335824613851525
2026-06-11 13:00:00,68.7,238.4,226.0,5.8,6.5,131.0,36.9,50,999.5,17.8,0.0,13,11,6,3,2.299999999999997,0.9000000000000057,3.4638554216867457,0.3789473684210565
2026-06-11 14:00:00,68.2,232.4,239.0,6.1,5.9,127.0,36.8,50,998.8,18.0,0.0,14,11,6,3,-0.5,-6.0,-0.727802037845704,-2.5167785234899376
2026-06-11 15:00:00,65.7,221.2,263.0,7.2,5.5,116.0,36.3,51,998.4,17.4,0.0,15,11,6,3,-2.5,-11.200000000000017,-3.665689149560114,-4.81927710843374
2026-06-11 16:00:00,56.0,182.5,293.0,9.0,5.2,99.0,35.4,56,998.0,15.7,0.0,16,11,6,3,-9.700000000000003,-38.69999999999999,-14.764079147640796,-17.495479204339958
2026-06-11 17:00:00,45.2,146.7,314.0,11.7,5.1,84.0,34.2,63,997.6,16.1,0.0,17,11,6,3,-10.799999999999997,-35.80000000000001,-19.285714285714285,-19.61643835616439
2026-06-11 18:00:00,34.5,109.2,320.0,13.9,5.1,74.0,32.6,71,997.4,14.0,0.0,18,11,6,3,-10.700000000000003,-37.499999999999986,-23.672566371681427,-25.562372188139047
2026-06-11 19:00:00,26.7,72.4,316.0,16.8,5.1,60.0,31.8,72,998.2,6.9,0.0,19,11,6,3,-7.800000000000001,-36.8,-22.608695652173914,-33.699633699633694
2026-06-11 20:00:00,20.7,58.1,301.0,18.2,5.1,50.0,31.2,75,998.5,10.4,0.0,20,11,6,3,-6.0,-14.300000000000004,-22.47191011235955,-19.75138121546962
2026-06-11 21:00:00,18.6,49.7,271.0,16.6,5.0,48.0,31.0,74,998.9,13.6,0.0,21,11,6,3,-2.099999999999998,-8.399999999999999,-10.144927536231874,-14.457831325301207
2026-06-11 22:00:00,18.0,44.6,230.0,13.5,4.9,50.0,30.5,79,999.6,11.6,0.0,22,11,6,3,-0.6000000000000014,-5.100000000000001,-3.2258064516129115,-10.261569416498995
2026-06-11 23:00:00,16.9,40.4,193.0,10.6,4.7,52.0,30.3,81,999.5,12.1,0.0,23,11,6,3,-1.1000000000000014,-4.200000000000003,-6.111111111111123,-9.4170403587444
2026-06-12 00:00:00,16.4,39.5,163.0,8.4,4.3,53.0,29.8,83,999.1,13.1,0.0,0,12,6,4,-0.5,-0.8999999999999986,-2.9585798816568087,-2.2277227722772297
2026-06-12 01:00:00,16.1,40.0,137.0,6.5,3.9,55.0,29.5,86,998.9,15.8,0.0,1,12,6,4,-0.29999999999999716,0.5,-1.8292682926829062,1.2658227848101333
2026-06-12 02:00:00,16.4,42.8,120.0,5.1,3.6,56.0,29.4,86,998.6,17.1,0.0,2,12,6,4,0.29999999999999716,2.799999999999997,1.8633540372670732,6.999999999999984
2026-06-12 03:00:00,16.8,44.9,112.0,4.4,3.5,56.0,29.2,87,998.8,18.3,0.0,3,12,6,4,0.40000000000000213,2.1000000000000014,2.4390243902439046,4.90654205607477
2026-06-12 04:00:00,17.3,47.3,112.0,4.3,3.6,56.0,29.2,86,998.7,18.4,0.0,4,12,6,4,0.5,2.3999999999999986,2.9761904761904656,5.345211581291753
2026-06-12 05:00:00,17.2,48.5,127.0,4.4,3.6,56.0,29.3,86,998.9,17.8,0.0,5,12,6,4,-0.10000000000000142,1.2000000000000028,-0.5780346820809301,2.5369978858351017
2026-06-12 06:00:00,18.2,49.5,170.0,6.0,4.1,55.0,29.0,89,999.7,16.7,0.0,6,12,6,4,1.0,1.0,5.813953488372103,2.0618556701030855
2026-06-12 07:00:00,20.0,53.7,228.0,8.2,4.8,54.0,29.8,85,1000.4,17.1,0.0,7,12,6,4,1.8000000000000007,4.200000000000003,9.8901098901099,8.484848484848495
2026-06-12 08:00:00,22.5,61.9,263.0,9.3,5.3,57.0,30.8,79,1001.1,18.2,0.0,8,12,6,4,2.5,8.199999999999996,12.5,15.270018621973925
2026-06-12 09:00:00,28.1,77.5,253.0,8.3,5.4,67.0,31.8,74,1001.6,17.7,0.0,9,12,6,4,5.600000000000001,15.600000000000001,24.888888888888893,25.201938610662356
2026-06-12 10:00:00,31.5,94.1,221.0,6.1,5.3,82.0,32.5,71,1001.9,18.1,0.0,10,12,6,4,3.3999999999999986,16.599999999999994,12.099644128113862,21.41935483870967
2026-06-12 11:00:00,34.2,107.8,197.0,4.5,5.2,92.0,33.5,66,1002.0,18.7,0.0,11,12,6,4,2.700000000000003,13.700000000000003,8.571428571428585,14.558979808714145
2026-06-12 12:00:00,35.4,114.6,190.0,3.9,5.1,96.0,33.9,64,1002.0,18.7,0.0,12,12,6,4,1.1999999999999957,6.799999999999997,3.50877192982455,6.307977736549164
2026-06-12 13:00:00,35.2,114.1,192.0,3.8,4.9,96.0,34.2,62,1001.6,19.6,0.0,13,12,6,4,-0.19999999999999574,-0.5,-0.5649717514124131,-0.43630017452006564
2026-06-12 14:00:00,33.2,102.2,201.0,4.1,4.8,93.0,33.8,66,1001.2,19.9,0.0,14,12,6,4,-2.0,-11.899999999999991,-5.681818181818176,-10.429447852760731
2026-06-12 15:00:00,31.0,91.7,225.0,5.0,4.7,87.0,33.7,66,1000.8,18.4,0.0,15,12,6,4,-2.200000000000003,-10.5,-6.62650602409639,-10.273972602739722
2026-06-12 16:00:00,28.5,80.1,256.0,6.3,4.7,78.0,33.0,70,1000.4,17.9,0.0,16,12,6,4,-2.5,-11.600000000000009,-8.064516129032262,-12.64994547437296
2026-06-12 17:00:00,27.0,73.1,278.0,7.8,4.8,70.0,31.9,76,999.7,19.2,0.0,17,12,6,4,-1.5,-7.0,-5.263157894736848,-8.73907615480649
2026-06-12 18:00:00,24.1,58.3,284.0,10.0,4.9,62.0,30.9,82,999.5,17.8,0.0,18,12,6,4,-2.8999999999999986,-14.799999999999997,-10.74074074074074,-20.246238030095753
2026-06-12 19:00:00,19.6,43.9,280.0,12.9,5.0,52.0,30.2,86,1000.1,12.9,0.0,19,12,6,4,-4.5,-14.399999999999999,-18.672199170124482,-24.699828473413376
2026-06-12 20:00:00,17.1,36.6,267.0,14.5,5.0,44.0,30.0,84,1000.6,15.7,0.0,20,12,6,4,-2.5,-7.299999999999997,-12.755102040816324,-16.628701594533023
2026-06-12 21:00:00,16.9,39.3,240.0,13.8,4.9,43.0,30.1,83,1001.5,15.3,0.0,21,12,6,4,-0.20000000000000284,2.6999999999999957,-1.1695906432748648,7.377049180327866
2026-06-12 22:00:00,17.0,39.6,203.0,11.9,4.7,44.0,30.0,83,1002.3,15.1,0.0,22,12,6,4,0.10000000000000142,0.30000000000000426,0.591715976331364,0.7633587786259666
2026-06-12 23:00:00,17.2,41.3,171.0,9.9,4.5,46.0,30.0,79,1002.1,17.3,0.0,23,12,6,4,0.1999999999999993,1.6999999999999957,1.17647058823529,4.292929292929282
2026-06-13 00:00:00,17.2,43.3,148.0,8.2,4.2,47.0,29.9,80,1002.2,15.5,0.0,0,13,6,5,0.0,2.0,0.0,4.842615012106544
2026-06-13 01:00:00,17.0,43.3,130.0,6.5,3.9,48.0,29.7,81,1001.8,17.4,0.0,1,13,6,5,-0.1999999999999993,0.0,-1.1627906976744096,0.0
2026-06-13 02:00:00,16.7,42.8,118.0,5.1,3.6,49.0,29.4,81,1001.7,17.7,0.0,2,13,6,5,-0.3000000000000007,-0.5,-1.764705882352946,-1.1547344110854452
2026-06-13 03:00:00,16.5,43.5,112.0,4.2,3.4,49.0,29.4,81,1001.7,18.3,0.0,3,13,6,5,-0.1999999999999993,0.7000000000000028,-1.19760479041916,1.6355140186915973
2026-06-13 04:00:00,16.2,43.2,112.0,3.7,3.4,49.0,29.1,83,1001.6,17.8,0.0,4,13,6,5,-0.3000000000000007,-0.29999999999999716,-1.8181818181818188,-0.6896551724137834
2026-06-13 05:00:00,17.1,47.4,124.0,3.8,3.3,51.0,29.3,80,1001.7,18.7,0.0,5,13,6,5,0.9000000000000021,4.199999999999996,5.555555555555558,9.72222222222221
2026-06-13 06:00:00,17.3,48.1,158.0,4.8,3.6,50.0,29.4,79,1002.4,18.4,0.0,6,13,6,5,0.1999999999999993,0.7000000000000028,1.1695906432748426,1.476793248945163
2026-06-13 07:00:00,20.4,59.0,204.0,6.2,4.0,50.0,30.0,76,1003.3,19.8,0.0,7,13,6,5,3.099999999999998,10.899999999999999,17.919075144508657,22.661122661122658
2026-06-13 08:00:00,23.5,69.4,231.0,6.8,4.3,52.0,30.8,72,1003.9,20.3,0.0,8,13,6,5,3.1000000000000014,10.400000000000006,15.196078431372563,17.627118644067806
2026-06-13 09:00:00,25.5,78.2,221.0,6.0,4.3,59.0,31.7,66,1004.3,20.8,0.0,9,13,6,5,2.0,8.799999999999997,8.51063829787233,12.680115273775217
2026-06-13 10:00:00,27.0,86.8,192.0,4.6,4.2,68.0,32.5,61,1004.7,21.0,0.0,10,13,6,5,1.5,8.599999999999994,5.882352941176472,10.997442455242968
2026-06-13 11:00:00,28.0,92.4,171.0,3.4,4.1,75.0,32.8,58,1005.5,19.8,0.0,11,13,6,5,1.0,5.6000000000000085,3.703703703703698,6.451612903225823
2026-06-13 12:00:00,28.2,94.5,167.0,2.9,4.1,78.0,33.1,57,1005.2,18.3,0.0,12,13,6,5,0.1999999999999993,2.0999999999999943,0.7142857142857117,2.2727272727272707
2026-06-13 13:00:00,27.0,87.3,171.0,2.7,4.0,79.0,33.2,58,1004.7,18.1,0.0,13,13,6,5,-1.1999999999999993,-7.200000000000003,-4.255319148936165,-7.619047619047626
2026-06-13 14:00:00,25.3,79.2,179.0,2.9,4.0,77.0,33.4,59,1004.1,18.7,0.0,14,13,6,5,-1.6999999999999993,-8.099999999999994,-6.296296296296289,-9.278350515463906
2026-06-13 15:00:00,23.9,70.8,193.0,3.5,4.0,73.0,33.0,61,1003.4,18.7,0.0,15,13,6,5,-1.4000000000000021,-8.400000000000006,-5.5335968379446765,-10.606060606060607
2026-06-13 16:00:00,22.1,64.5,210.0,4.4,4.0,66.0,32.5,64,1002.8,18.7,0.0,16,13,6,5,-1.7999999999999972,-6.299999999999997,-7.531380753138062,-8.898305084745761
2026-06-13 17:00:00,23.3,65.7,221.0,5.8,4.2,63.0,32.4,65,1002.8,18.3,0.0,17,13,6,5,1.1999999999999993,1.2000000000000028,5.429864253393668,1.8604651162790642
2026-06-13 18:00:00,23.1,63.6,219.0,7.5,4.3,58.0,31.1,70,1002.4,19.6,0.0,18,13,6,5,-0.1999999999999993,-2.1000000000000014,-0.8583690987124415,-3.1963470319634757
2026-06-13 19:00:00,22.8,61.7,210.0,9.9,4.5,51.0,30.2,74,1002.5,20.0,0.0,19,13,6,5,-0.3000000000000007,-1.8999999999999986,-1.2987012987012991,-2.9874213836477925
2026-06-13 20:00:00,22.8,57.3,199.0,11.5,4.6,46.0,30.1,74,1003.5,16.7,0.0,20,13,6,5,0.0,-4.400000000000006,0.0,-7.1312803889789445
2026-06-13 21:00:00,21.9,52.9,186.0,11.6,4.7,45.0,30.0,75,1004.3,16.3,0.0,21,13,6,5,-0.9000000000000021,-4.399999999999999,-3.947368421052644,-7.678883071553222
2026-06-13 22:00:00,20.8,50.9,169.0,11.0,4.7,45.0,29.8,76,1004.5,15.5,0.0,22,13,6,5,-1.0999999999999979,-2.0,-5.022831050228305,-3.7807183364839347
2026-06-13 23:00:00,21.4,52.4,154.0,10.1,4.6,46.0,29.8,78,1004.6,15.8,0.0,23,13,6,5,0.5999999999999979,1.5,2.8846153846153744,2.946954813359537
2026-06-14 00:00:00,19.1,44.6,139.0,9.0,4.4,47.0,29.5,78,1004.3,16.8,0.0,0,14,6,6,-2.299999999999997,-7.799999999999997,-10.747663551401853,-14.885496183206104
2026-06-14 01:00:00,18.2,41.3,124.0,7.6,4.2,47.0,29.4,77,1004.1,17.4,0.0,1,14,6,6,-0.9000000000000021,-3.3000000000000043,-4.712041884816765,-7.399103139013463
2026-06-14 02:00:00,13.1,30.5,114.0,6.4,4.0,48.0,29.3,77,1003.9,16.9,0.0,2,14,6,6,-5.1,-10.799999999999997,-28.021978021978022,-26.1501210653753
2026-06-14 03:00:00,11.4,26.3,111.0,5.6,3.9,48.0,29.1,78,1003.8,15.9,0.0,3,14,6,6,-1.6999999999999993,-4.199999999999999,-12.977099236641221,-13.770491803278684
2026-06-14 04:00:00,10.6,24.0,113.0,5.0,3.9,48.0,28.9,80,1003.6,16.5,0.0,4,14,6,6,-0.8000000000000007,-2.3000000000000007,-7.017543859649134,-8.745247148288971
2026-06-14 05:00:00,10.4,22.4,120.0,4.6,3.8,52.0,29.3,78,1003.8,16.4,0.0,5,14,6,6,-0.1999999999999993,-1.6000000000000014,-1.8867924528301772,-6.666666666666677
2026-06-14 06:00:00,10.3,22.4,139.0,4.9,4.1,52.0,29.3,77,1004.4,16.8,0.0,6,14,6,6,-0.09999999999999964,0.0,-0.9615384615384581,0.0
2026-06-14 07:00:00,11.2,25.2,163.0,5.2,4.4,53.0,29.9,72,1004.6,18.8,0.0,7,14,6,6,0.8999999999999986,2.8000000000000007,8.737864077669899,12.5
2026-06-14 08:00:00,13.5,30.9,177.0,5.2,4.6,55.0,30.3,69,1005.2,20.7,0.0,8,14,6,6,2.3000000000000007,5.699999999999999,20.535714285714302,22.619047619047628
2026-06-14 09:00:00,14.1,34.1,171.0,4.4,4.5,60.0,31.0,65,1005.6,21.2,0.0,9,14,6,6,0.5999999999999996,3.200000000000003,4.444444444444451,10.355987055016191
2026-06-14 10:00:00,14.5,36.1,155.0,3.2,4.3,67.0,31.8,62,1005.7,20.7,0.0,10,14,6,6,0.40000000000000036,2.0,2.8368794326241176,5.8651026392961825
2026-06-14 11:00:00,14.4,36.7,143.0,2.3,4.1,72.0,32.7,58,1005.9,21.2,0.0,11,14,6,6,-0.09999999999999964,0.6000000000000014,-0.6896551724137945,1.6620498614958512
2026-06-14 12:00:00,13.9,36.4,141.0,2.0,4.0,72.0,32.7,56,1005.6,20.5,0.0,12,14,6,6,-0.5,-0.30000000000000426,-3.472222222222221,-0.8174386920981047
2026-06-14 13:00:00,13.3,35.3,143.0,2.0,3.9,71.0,32.9,58,1004.8,21.7,0.0,13,14,6,6,-0.5999999999999996,-1.1000000000000014,-4.316546762589923,-3.0219780219780223
2026-06-14 14:00:00,13.1,35.2,147.0,2.2,3.8,68.0,32.2,61,1004.5,21.9,0.0,14,14,6,6,-0.20000000000000107,-0.09999999999999432,-1.5037593984962516,-0.28328611898015277
2026-06-14 15:00:00,13.2,35.5,155.0,2.5,3.8,65.0,32.2,61,1003.7,22.1,0.0,15,14,6,6,0.09999999999999964,0.29999999999999716,0.7633587786259444,0.8522727272727293
2026-06-14 16:00:00,13.6,36.3,164.0,3.1,3.8,61.0,32.1,61,1003.2,21.1,0.0,16,14,6,6,0.40000000000000036,0.7999999999999972,3.0303030303030276,2.2535211267605604
2026-06-14 17:00:00,18.9,57.9,169.0,3.7,3.4,58.0,31.6,64,1003.0,21.0,0.0,17,14,6,6,5.299999999999999,21.6,38.970588235294116,59.50413223140496
2026-06-14 18:00:00,19.3,54.7,165.0,5.0,3.7,54.0,31.1,65,1002.8,20.8,0.0,18,14,6,6,0.40000000000000213,-3.1999999999999957,2.1164021164021385,-5.526770293609662
2026-06-14 19:00:00,19.9,52.9,157.0,6.7,4.0,49.0,30.1,71,1002.5,21.3,0.0,19,14,6,6,0.5999999999999979,-1.8000000000000043,3.1088082901554293,-3.290676416819016
2026-06-14 20:00:00,21.2,51.2,150.0,7.8,4.3,46.0,29.5,74,1003.0,21.2,0.2,20,14,6,6,1.3000000000000007,-1.6999999999999957,6.5326633165829096,-3.2136105860113395
2026-06-14 21:00:00,21.0,48.9,147.0,7.7,4.3,46.0,29.5,75,1003.5,21.7,0.2,21,14,6,6,-0.1999999999999993,-2.3000000000000043,-0.9433962264150941,-4.492187500000011
2026-06-14 22:00:00,19.6,44.9,145.0,6.9,4.2,47.0,29.2,77,1004.0,19.2,0.0,22,14,6,6,-1.3999999999999986,-4.0,-6.666666666666665,-8.179959100204503
2026-06-14 23:00:00,18.2,42.3,141.0,6.1,4.1,48.0,29.1,77,1003.7,18.3,0.0,23,14,6,6,-1.4000000000000021,-2.6000000000000014,-7.142857142857151,-5.790645879732748
2026-06-15 00:00:00,14.1,35.2,131.0,5.3,3.9,49.0,28.9,78,1002.9,18.6,0.0,0,15,6,0,-4.1,-7.099999999999994,-22.527472527472526,-16.784869976359328
2026-06-15 01:00:00,14.0,34.8,118.0,4.4,3.6,50.0,28.8,78,1002.7,17.5,0.0,1,15,6,0,-0.09999999999999964,-0.4000000000000057,-0.7092198581560294,-1.1363636363636576
2026-06-15 02:00:00,12.7,30.9,110.0,3.8,3.4,51.0,28.8,77,1002.3,18.1,0.0,2,15,6,0,-1.3000000000000007,-3.8999999999999986,-9.285714285714286,-11.206896551724132
2026-06-15 03:00:00,12.7,31.3,105.0,3.4,3.3,51.0,28.8,77,1002.3,19.6,0.0,3,15,6,0,0.0,0.40000000000000213,0.0,1.2944983818770295
2026-06-15 04:00:00,13.0,31.7,104.0,3.3,3.4,51.0,28.7,77,1002.4,18.6,0.0,4,15,6,0,0.3000000000000007,0.3999999999999986,2.3622047244094446,1.2779552715654896
2026-06-15 05:00:00,12.6,31.2,115.0,3.5,3.4,53.0,28.9,80,1002.1,17.8,0.0,5,15,6,0,-0.40000000000000036,-0.5,-3.076923076923077,-1.577287066246058
2026-06-15 06:00:00,12.5,29.6,150.0,4.7,3.9,53.0,28.8,81,1002.8,17.0,0.1,6,15,6,0,-0.09999999999999964,-1.5999999999999979,-0.7936507936507908,-5.128205128205121
2026-06-15 07:00:00,14.6,33.9,196.0,6.3,4.5,52.0,29.4,77,1003.1,19.7,0.0,7,15,6,0,2.0999999999999996,4.299999999999997,16.799999999999994,14.527027027027017
2026-06-15 08:00:00,15.9,36.3,224.0,7.1,4.9,54.0,30.2,72,1003.7,20.6,0.0,8,15,6,0,1.3000000000000007,2.3999999999999986,8.90410958904111,7.079646017699104
2026-06-15 09:00:00,15.2,35.0,216.0,6.2,4.9,60.0,30.9,68,1004.0,22.1,0.0,9,15,6,0,-0.7000000000000011,-1.2999999999999972,-4.402515723270451,-3.5812672176308458
2026-06-15 10:00:00,15.9,38.0,191.0,4.4,4.6,67.0,31.6,65,1004.1,21.9,0.1,10,15,6,0,0.7000000000000011,3.0,4.6052631578947345,8.571428571428562
2026-06-15 11:00:00,17.5,43.4,172.0,3.1,4.4,73.0,32.3,60,1004.2,20.9,0.1,11,15,6,0,1.5999999999999996,5.399999999999999,10.062893081761004,14.210526315789473
2026-06-15 12:00:00,13.6,31.3,168.0,2.6,4.2,75.0,31.9,63,1004.2,20.1,0.0,12,15,6,0,-3.9000000000000004,-12.099999999999998,-22.285714285714285,-27.88018433179723
2026-06-15 13:00:00,13.2,30.3,171.0,2.6,4.1,74.0,32.5,61,1003.8,19.8,0.0,13,15,6,0,-0.40000000000000036,-1.0,-2.941176470588236,-3.194888178913735
2026-06-15 14:00:00,13.3,30.3,177.0,2.9,4.0,72.0,32.4,60,1003.3,20.2,0.0,14,15,6,0,0.10000000000000142,0.0,0.7575757575757791,0.0
2026-06-15 15:00:00,13.5,30.5,189.0,3.7,4.0,68.0,32.0,65,1002.5,21.3,0.1,15,15,6,0,0.1999999999999993,0.1999999999999993,1.5037593984962294,0.660066006600668
2026-06-15 16:00:00,13.2,29.3,206.0,5.0,4.1,61.0,31.5,69,1002.1,21.5,0.1,16,15,6,0,-0.3000000000000007,-1.1999999999999993,-2.2222222222222254,-3.934426229508192
2026-06-15 17:00:00,16.6,36.3,215.0,7.0,4.0,53.0,31.7,65,1001.6,20.9,0.3,17,15,6,0,3.400000000000002,6.9999999999999964,25.75757575757578,23.89078498293513
2026-06-15 18:00:00,18.6,40.4,211.0,8.4,4.3,50.0,31.0,69,1001.8,19.9,0.0,18,15,6,0,2.0,4.100000000000001,12.04819277108433,11.2947658402204
2026-06-15 19:00:00,18.1,37.7,201.0,10.3,4.7,46.0,30.4,72,1002.0,19.4,0.1,19,15,6,0,-0.5,-2.6999999999999957,-2.6881720430107503,-6.683168316831678
2026-06-15 20:00:00,16.3,34.2,192.0,11.4,5.0,43.0,30.1,74,1002.4,18.6,0.1,20,15,6,0,-1.8000000000000007,-3.5,-9.944751381215477,-9.283819628647215
2026-06-15 21:00:00,14.6,30.6,189.0,11.1,5.1,43.0,30.1,74,1002.9,17.5,0.1,21,15,6,0,-1.700000000000001,-3.6000000000000014,-10.429447852760742,-10.526315789473683
2026-06-15 22:00:00,14.6,32.1,187.0,10.0,5.0,43.0,29.9,76,1003.5,16.1,0.1,22,15,6,0,0.0,1.5,0.0,4.90196078431373
2026-06-15 23:00:00,14.4,32.9,180.0,9.0,4.9,44.0,29.7,78,1003.2,15.4,0.0,23,15,6,0,-0.1999999999999993,0.7999999999999972,-1.3698630136986245,2.492211838006231
2026-06-16 00:00:00,13.8,31.3,160.0,8.3,4.8,44.0,29.4,80,1002.9,14.7,0.0,0,16,6,1,-0.5999999999999996,-1.5999999999999979,-4.1666666666666625,-4.86322188449847
2026-06-16 01:00:00,13.8,31.2,136.0,7.8,4.6,43.0,29.0,82,1002.6,14.4,0.0,1,16,6,1,0.0,-0.10000000000000142,0.0,-0.31948881789137795
2026-06-16 02:00:00,15.7,37.0,119.0,7.3,4.6,43.0,28.8,84,1002.2,13.1,0.0,2,16,6,1,1.8999999999999986,5.800000000000001,13.768115942028981,18.58974358974359
2026-06-16 03:00:00,14.1,31.7,113.0,6.9,4.7,43.0,28.7,84,1002.0,12.6,0.0,3,16,6,1,-1.5999999999999996,-5.300000000000001,-10.191082802547768,-14.324324324324323
2026-06-16 04:00:00,13.5,30.7,116.0,6.5,4.9,44.0,28.5,85,1002.0,12.6,0.0,4,16,6,1,-0.5999999999999996,-1.0,-4.255319148936165,-3.154574132492116
2026-06-16 05:00:00,12.1,27.9,134.0,6.0,5.0,47.0,28.6,86,1001.9,11.7,0.0,5,16,6,1,-1.4000000000000004,-2.8000000000000007,-10.370370370370374,-9.12052117263844
2026-06-16 06:00:00,12.7,28.9,186.0,6.6,5.2,48.0,28.6,86,1002.9,10.2,0.0,6,16,6,1,0.5999999999999996,1.0,4.958677685950419,3.584229390680993
2026-06-16 07:00:00,14.8,36.9,254.0,7.5,5.5,50.0,29.2,83,1003.4,11.4,0.0,7,16,6,1,2.1000000000000014,8.0,16.535433070866155,27.68166089965398
2026-06-16 08:00:00,17.5,44.8,293.0,7.8,5.7,53.0,30.3,76,1003.6,13.5,0.0,8,16,6,1,2.6999999999999993,7.899999999999999,18.243243243243246,21.409214092140914
2026-06-16 09:00:00,18.9,49.8,275.0,7.1,5.6,57.0,31.1,71,1004.0,16.5,0.1,9,16,6,1,1.3999999999999986,5.0,7.999999999999985,11.16071428571428
2026-06-16 10:00:00,19.8,51.7,227.0,5.9,5.3,62.0,31.3,72,1004.4,19.2,0.2,10,16,6,1,0.9000000000000021,1.9000000000000057,4.761904761904767,3.81526104417671
2026-06-16 11:00:00,20.3,54.2,191.0,4.8,5.0,67.0,31.2,71,1004.4,18.9,0.2,11,16,6,1,0.5,2.5,2.5252525252525304,4.835589941972929
2026-06-16 12:00:00,20.5,56.0,181.0,4.0,4.8,71.0,31.7,69,1004.3,17.8,0.1,12,16,6,1,0.1999999999999993,1.7999999999999972,0.9852216748768461,3.3210332103321027
2026-06-16 13:00:00,21.0,58.2,183.0,3.4,4.7,75.0,32.5,64,1004.0,17.5,0.0,13,16,6,1,0.5,2.200000000000003,2.4390243902439046,3.928571428571437
2026-06-16 14:00:00,21.1,57.3,191.0,3.3,4.6,77.0,32.5,64,1003.4,17.2,0.0,14,16,6,1,0.10000000000000142,-0.9000000000000057,0.4761904761904745,-1.5463917525773252
2026-06-16 15:00:00,21.0,54.9,208.0,3.7,4.6,75.0,32.8,61,1002.8,16.9,0.0,15,16,6,1,-0.10000000000000142,-2.3999999999999986,-0.4739336492891044,-4.188481675392664
2026-06-16 16:00:00,20.8,54.0,230.0,4.6,4.7,71.0,32.6,61,1002.4,16.9,0.0,16,16,6,1,-0.1999999999999993,-0.8999999999999986,-0.952380952380949,-1.6393442622950838
2026-06-16 17:00:00,28.8,79.4,244.0,5.7,4.7,70.0,32.1,63,1001.7,16.2,0.0,17,16,6,1,8.0,25.400000000000006,38.46153846153846,47.03703703703705
2026-06-16 18:00:00,28.1,74.3,241.0,8.1,5.0,63.0,31.0,68,1001.8,16.5,0.0,18,16,6,1,-0.6999999999999993,-5.1000000000000085,-2.430555555555558,-6.423173803526461
2026-06-16 19:00:00,27.1,69.4,229.0,11.5,5.4,53.0,30.6,69,1002.3,16.0,0.0,19,16,6,1,-1.0,-4.8999999999999915,-3.558718861209964,-6.594885598923272
2026-06-16 20:00:00,26.7,62.6,217.0,14.0,5.8,46.0,30.4,71,1003.3,14.0,0.0,20,16,6,1,-0.40000000000000213,-6.800000000000004,-1.4760147601476148,-9.798270893371763
2026-06-16 21:00:00,26.0,58.9,208.0,15.1,6.2,42.0,30.3,72,1003.8,13.8,0.0,21,16,6,1,-0.6999999999999993,-3.700000000000003,-2.621722846441943,-5.91054313099042
2026-06-16 22:00:00,25.4,58.2,198.0,15.3,6.5,41.0,30.0,74,1004.3,13.5,0.0,22,16,6,1,-0.6000000000000014,-0.6999999999999957,-2.3076923076923106,-1.1884550084889534
2026-06-16 23:00:00,24.7,57.6,186.0,14.6,6.5,41.0,29.9,75,1004.3,12.6,0.0,23,16,6,1,-0.6999999999999993,-0.6000000000000014,-2.7559055118110187,-1.0309278350515538
2026-06-17 00:00:00,23.5,55.1,167.0,12.2,5.9,43.0,29.6,77,1003.9,14.6,0.0,0,17,6,2,-1.1999999999999993,-2.5,-4.858299595141702,-4.340277777777779
2026-06-17 01:00:00,21.7,52.6,146.0,8.9,5.1,46.0,29.4,79,1003.4,16.7,0.1,1,17,6,2,-1.8000000000000007,-2.5,-7.659574468085106,-4.537205081669693
2026-06-17 02:00:00,22.2,56.2,131.0,6.5,4.5,48.0,29.3,80,1003.1,17.2,0.0,2,17,6,2,0.5,3.6000000000000014,2.304147465437789,6.844106463878319
2026-06-17 03:00:00,20.4,50.6,121.0,5.9,4.5,47.0,29.1,81,1003.8,12.6,0.1,3,17,6,2,-1.8000000000000007,-5.600000000000001,-8.108108108108114,-9.964412811387902
2026-06-17 04:00:00,22.3,55.8,117.0,6.1,4.9,46.0,29.1,80,1003.8,11.7,0.0,4,17,6,2,1.9000000000000021,5.199999999999996,9.31372549019609,10.276679841897218
2026-06-17 05:00:00,21.6,55.6,129.0,6.7,5.4,47.0,29.4,80,1003.8,11.4,0.0,5,17,6,2,-0.6999999999999993,-0.19999999999999574,-3.139013452914796,-0.35842293906809264
2026-06-17 06:00:00,22.7,58.0,174.0,7.4,5.4,47.0,29.2,80,1004.2,11.4,0.0,6,17,6,2,1.0999999999999979,2.3999999999999986,5.092592592592582,4.316546762589923
2026-06-17 07:00:00,21.2,55.6,235.0,8.2,5.5,48.0,29.5,78,1004.6,13.6,0.0,7,17,6,2,-1.5,-2.3999999999999986,-6.607929515418498,-4.137931034482756
2026-06-17 08:00:00,20.7,54.6,271.0,8.4,5.5,51.0,30.3,73,1005.0,15.0,0.0,8,17,6,2,-0.5,-1.0,-2.358490566037741,-1.7985611510791366
2026-06-17 09:00:00,20.8,54.7,256.0,7.3,5.5,57.0,31.1,68,1005.2,15.7,0.0,9,17,6,2,0.10000000000000142,0.10000000000000142,0.48309178743961567,0.1831501831501825
2026-06-17 10:00:00,22.9,61.0,216.0,5.6,5.4,65.0,31.7,66,1005.4,15.7,0.0,10,17,6,2,2.099999999999998,6.299999999999997,10.096153846153832,11.517367458866534
2026-06-17 11:00:00,20.9,53.6,186.0,4.3,5.3,71.0,32.7,58,1005.6,15.6,0.0,11,17,6,2,-2.0,-7.399999999999999,-8.733624454148469,-12.1311475409836
2026-06-17 12:00:00,20.4,51.9,179.0,3.7,5.1,74.0,32.9,57,1005.4,15.4,0.0,12,17,6,2,-0.5,-1.7000000000000028,-2.392344497607657,-3.171641791044777
2026-06-17 13:00:00,20.1,51.5,183.0,3.5,4.9,75.0,32.6,60,1004.9,15.3,0.1,13,17,6,2,-0.29999999999999716,-0.3999999999999986,-1.4705882352941013,-0.770712909441229
2026-06-17 14:00:00,19.6,48.3,192.0,3.7,4.8,74.0,32.1,63,1004.2,15.0,0.1,14,17,6,2,-0.5,-3.200000000000003,-2.487562189054726,-6.213592233009713
2026-06-17 15:00:00,19.0,45.3,210.0,4.1,4.7,71.0,32.3,64,1003.9,15.4,0.0,15,17,6,2,-0.6000000000000014,-3.0,-3.0612244897959218,-6.211180124223603
2026-06-17 16:00:00,18.7,44.4,235.0,4.9,4.7,65.0,31.9,65,1003.3,15.4,0.0,16,17,6,2,-0.3000000000000007,-0.8999999999999986,-1.5789473684210575,-1.9867549668874163
2026-06-17 17:00:00,25.3,63.1,248.0,6.0,4.7,63.0,31.8,64,1003.4,13.7,0.0,17,17,6,2,6.600000000000001,18.700000000000003,35.29411764705883,42.11711711711712
2026-06-17 18:00:00,24.3,58.4,241.0,8.7,5.1,57.0,31.0,67,1003.8,13.1,0.0,18,17,6,2,-1.0,-4.700000000000003,-3.9525691699604737,-7.448494453248811
2026-06-17 19:00:00,23.4,51.8,224.0,12.5,5.7,48.0,30.5,68,1004.1,13.5,0.0,19,17,6,2,-0.9000000000000021,-6.600000000000001,-3.703703703703709,-11.301369863013699
2026-06-17 20:00:00,25.0,51.5,209.0,15.3,6.1,42.0,30.2,70,1003.9,15.3,0.0,20,17,6,2,1.6000000000000014,-0.29999999999999716,6.8376068376068355,-0.579150579150578
2026-06-17 21:00:00,26.3,51.6,203.0,16.5,6.4,40.0,30.1,70,1004.2,15.7,0.0,21,17,6,2,1.3000000000000007,0.10000000000000142,5.200000000000005,0.1941747572815622
2026-06-17 22:00:00,24.7,47.3,199.0,16.6,6.6,40.0,30.1,70,1004.7,14.0,0.0,22,17,6,2,-1.6000000000000014,-4.300000000000004,-6.083650190114076,-8.333333333333337
2026-06-17 23:00:00,23.6,45.5,190.0,15.8,6.5,41.0,30.0,71,1004.6,13.9,0.0,23,17,6,2,-1.0999999999999979,-1.7999999999999972,-4.453441295546545,-3.8054968287526414
2026-06-18 00:00:00,22.6,45.1,170.0,13.3,6.0,44.0,29.7,72,1004.4,15.7,0.0,0,18,6,3,-1.0,-0.3999999999999986,-4.23728813559322,-0.879120879120876
2026-06-18 01:00:00,22.2,46.3,144.0,9.9,5.2,48.0,29.6,73,1004.0,13.6,0.0,1,18,6,3,-0.40000000000000213,1.1999999999999957,-1.7699115044247926,2.6607538802660757
2026-06-18 02:00:00,22.7,49.6,128.0,7.3,4.7,50.0,29.5,73,1003.9,12.4,0.0,2,18,6,3,0.5,3.3000000000000043,2.2522522522522515,7.127429805615559
2026-06-18 03:00:00,23.5,53.3,124.0,6.6,4.8,49.0,29.2,75,1003.6,12.5,0.0,3,18,6,3,0.8000000000000007,3.6999999999999957,3.524229074889873,7.4596774193548265
2026-06-18 04:00:00,25.0,57.6,128.0,6.8,5.3,46.0,29.2,76,1003.8,10.3,0.0,4,18,6,3,1.5,4.300000000000004,6.382978723404253,8.067542213883684
2026-06-18 05:00:00,22.2,51.7,144.0,6.7,5.3,48.0,29.7,75,1003.9,11.6,0.0,5,18,6,3,-2.8000000000000007,-5.899999999999999,-11.2,-10.243055555555557
2026-06-18 06:00:00,18.7,43.4,184.0,7.6,5.6,48.0,29.5,77,1004.1,11.7,0.0,6,18,6,3,-3.5,-8.300000000000004,-15.76576576576577,-16.0541586073501
2026-06-18 07:00:00,19.3,47.1,236.0,8.8,5.9,48.0,29.7,77,1004.6,14.9,0.0,7,18,6,3,0.6000000000000014,3.700000000000003,3.208556149732633,8.525345622119819
2026-06-18 08:00:00,18.5,45.6,265.0,9.1,6.1,50.0,30.5,74,1004.9,15.0,0.0,8,18,6,3,-0.8000000000000007,-1.5,-4.145077720207258,-3.1847133757961776
2026-06-18 09:00:00,18.3,45.4,249.0,7.9,6.0,57.0,31.4,69,1004.9,15.3,0.0,9,18,6,3,-0.1999999999999993,-0.20000000000000284,-1.0810810810810811,-0.43859649122807154
2026-06-18 10:00:00,18.9,46.8,210.0,5.8,5.8,67.0,32.1,65,1004.9,16.1,0.0,10,18,6,3,0.5999999999999979,1.3999999999999986,3.2786885245901454,3.083700440528636
2026-06-18 11:00:00,19.3,47.5,181.0,4.2,5.5,74.0,32.5,61,1005.3,16.3,0.0,11,18,6,3,0.40000000000000213,0.7000000000000028,2.1164021164021385,1.4957264957265126
2026-06-18 12:00:00,19.2,47.0,175.0,3.5,5.2,76.0,32.6,60,1004.9,15.8,0.0,12,18,6,3,-0.10000000000000142,-0.5,-0.5181347150259086,-1.0526315789473717
2026-06-18 13:00:00,19.0,47.1,180.0,3.3,5.0,75.0,32.9,59,1004.5,15.4,0.0,13,18,6,3,-0.1999999999999993,0.10000000000000142,-1.041666666666663,0.21276595744681437
2026-06-18 14:00:00,18.3,44.5,189.0,3.5,4.8,73.0,32.5,63,1003.8,16.2,0.1,14,18,6,3,-0.6999999999999993,-2.6000000000000014,-3.68421052631579,-5.520169851380041
2026-06-18 15:00:00,18.1,43.2,204.0,4.2,4.8,68.0,31.8,67,1003.1,16.8,0.2,15,18,6,3,-0.1999999999999993,-1.2999999999999972,-1.0928961748633892,-2.921348314606731
2026-06-18 16:00:00,17.5,41.3,223.0,5.4,4.8,62.0,31.5,69,1002.8,16.4,0.2,16,18,6,3,-0.6000000000000014,-1.9000000000000057,-3.314917127071826,-4.398148148148162
2026-06-18 17:00:00,27.5,78.9,237.0,7.1,4.7,55.0,31.3,67,1002.9,16.2,0.0,17,18,6,3,10.0,37.60000000000001,57.14285714285714,91.04116222760292
2026-06-18 18:00:00,27.4,75.2,242.0,9.0,5.1,51.0,30.3,72,1002.5,17.0,0.0,18,18,6,3,-0.10000000000000142,-3.700000000000003,-0.363636363636366,-4.689480354879594
2026-06-18 19:00:00,28.5,75.0,241.0,11.6,5.7,45.0,29.8,75,1002.4,15.5,0.0,19,18,6,3,1.1000000000000014,-0.20000000000000284,4.014598540145986,-0.26595744680851796
2026-06-18 20:00:00,28.0,66.1,235.0,13.9,6.2,41.0,29.6,76,1002.7,14.5,0.0,20,18,6,3,-0.5,-8.900000000000006,-1.7543859649122862,-11.86666666666667
2026-06-18 21:00:00,28.2,61.5,222.0,15.7,6.6,38.0,29.7,75,1003.8,14.0,0.0,21,18,6,3,0.1999999999999993,-4.599999999999994,0.7142857142857117,-6.959152798789702
2026-06-18 22:00:00,27.8,56.7,205.0,17.2,7.0,37.0,29.6,76,1004.1,13.3,0.1,22,18,6,3,-0.3999999999999986,-4.799999999999997,-1.4184397163120477,-7.804878048780484
2026-06-18 23:00:00,23.4,48.3,187.0,17.2,7.0,37.0,29.4,77,1003.1,15.1,0.0,23,18,6,3,-4.400000000000002,-8.400000000000006,-15.827338129496415,-14.814814814814826
2026-06-19 00:00:00,20.5,43.9,169.0,14.7,6.4,40.0,29.0,80,1003.3,13.4,0.0,0,19,6,4,-2.8999999999999986,-4.399999999999999,-12.393162393162383,-9.109730848861286
2026-06-19 01:00:00,19.7,43.2,151.0,10.7,5.5,45.0,28.9,81,1003.1,12.1,0.0,1,19,6,4,-0.8000000000000007,-0.6999999999999957,-3.9024390243902474,-1.5945330296127436
2026-06-19 02:00:00,19.7,44.1,138.0,7.7,4.9,48.0,28.8,82,1002.9,10.3,0.0,2,19,6,4,0.0,0.8999999999999986,0.0,2.083333333333326
2026-06-19 03:00:00,19.9,45.2,130.0,6.6,4.8,48.0,28.6,83,1002.4,9.8,0.0,3,19,6,4,0.1999999999999993,1.1000000000000014,1.0152284263959421,2.4943310657596474
2026-06-19 04:00:00,20.2,46.4,127.0,6.4,5.1,47.0,28.5,84,1002.2,11.0,0.0,4,19,6,4,0.3000000000000007,1.1999999999999957,1.5075376884422065,2.65486725663715
2026-06-19 05:00:00,19.3,45.3,137.0,8.3,6.1,47.0,28.8,83,1002.4,13.1,0.0,5,19,6,4,-0.8999999999999986,-1.1000000000000014,-4.455445544554449,-2.37068965517242
2026-06-19 06:00:00,19.4,45.5,174.0,8.8,6.2,48.0,28.7,83,1002.8,13.3,0.0,6,19,6,4,0.09999999999999787,0.20000000000000284,0.5181347150258864,0.44150110375276164
2026-06-19 07:00:00,21.0,51.9,224.0,9.4,6.2,49.0,29.4,78,1003.7,14.8,0.0,7,19,6,4,1.6000000000000014,6.399999999999999,8.247422680412386,14.06593406593406
2026-06-19 08:00:00,23.6,59.6,254.0,9.4,6.2,52.0,30.2,73,1004.1,14.9,0.0,8,19,6,4,2.6000000000000014,7.700000000000003,12.380952380952381,14.836223506743739
2026-06-19 09:00:00,24.9,66.6,243.0,8.0,6.0,58.0,31.0,69,1004.1,15.2,0.0,9,19,6,4,1.2999999999999972,6.999999999999993,5.508474576271172,11.744966442952997
2026-06-19 10:00:00,26.3,73.8,212.0,6.0,5.8,66.0,31.7,66,1004.5,15.6,0.0,10,19,6,4,1.4000000000000021,7.200000000000003,5.622489959839361,10.81081081081081
2026-06-19 11:00:00,24.2,66.8,189.0,4.4,5.5,72.0,32.4,62,1004.8,15.0,0.0,11,19,6,4,-2.1000000000000014,-7.0,-7.984790874524716,-9.485094850948506
2026-06-19 12:00:00,23.7,66.4,185.0,3.6,5.2,75.0,32.7,61,1004.8,15.3,0.0,12,19,6,4,-0.5,-0.3999999999999915,-2.066115702479343,-0.5988023952095634
2026-06-19 13:00:00,22.6,63.3,189.0,3.2,4.9,75.0,32.8,62,1004.5,15.2,0.0,13,19,6,4,-1.0999999999999979,-3.1000000000000085,-4.641350210970452,-4.668674698795194
2026-06-19 14:00:00,21.1,60.5,197.0,3.3,4.7,74.0,32.7,62,1003.9,15.2,0.0,14,19,6,4,-1.5,-2.799999999999997,-6.63716814159292,-4.423380726698256
2026-06-19 15:00:00,19.7,55.6,213.0,4.0,4.7,69.0,32.5,63,1003.3,15.9,0.0,15,19,6,4,-1.4000000000000021,-4.899999999999999,-6.635071090047406,-8.099173553719009
2026-06-19 16:00:00,19.2,53.3,233.0,5.1,4.7,62.0,31.9,65,1003.1,16.1,0.0,16,19,6,4,-0.5,-2.3000000000000043,-2.538071065989844,-4.1366906474820215
2026-06-19 17:00:00,34.9,106.4,243.0,6.0,4.9,62.0,32.0,62,1003.5,14.8,0.0,17,19,6,4,15.7,53.10000000000001,81.77083333333333,99.62476547842402
2026-06-19 18:00:00,34.1,102.0,234.0,7.6,5.0,56.0,31.1,66,1003.2,17.4,0.0,18,19,6,4,-0.7999999999999972,-4.400000000000006,-2.2922636103151817,-4.135338345864669
2026-06-19 19:00:00,31.5,87.1,215.0,9.7,5.1,49.0,30.3,70,1003.3,17.8,0.0,19,19,6,4,-2.6000000000000014,-14.900000000000006,-7.624633431085048,-14.607843137254905
2026-06-19 20:00:00,29.6,75.0,199.0,11.1,5.2,43.0,29.9,72,1003.8,17.1,0.0,20,19,6,4,-1.8999999999999986,-12.099999999999994,-6.0317460317460325,-13.892078071182546
2026-06-19 21:00:00,28.5,68.9,191.0,11.3,5.3,42.0,30.0,72,1004.5,15.3,0.0,21,19,6,4,-1.1000000000000014,-6.099999999999994,-3.716216216216217,-8.133333333333326
2026-06-19 22:00:00,26.7,63.6,186.0,10.7,5.3,43.0,30.1,72,1004.9,15.2,0.0,22,19,6,4,-1.8000000000000007,-5.300000000000004,-6.315789473684208,-7.692307692307699
2026-06-19 23:00:00,26.0,61.5,177.0,10.0,5.3,44.0,30.0,72,1005.0,13.7,0.0,23,19,6,4,-0.6999999999999993,-2.1000000000000014,-2.621722846441943,-3.301886792452835
2026-06-20 00:00:00,25.7,61.5,160.0,9.1,5.2,45.0,29.6,75,1004.5,12.5,0.0,0,20,6,5,-0.3000000000000007,0.0,-1.1538461538461608,0.0
2026-06-20 01:00:00,27.1,66.8,140.0,8.1,5.0,45.0,29.3,78,1004.5,12.6,0.0,1,20,6,5,1.4000000000000021,5.299999999999997,5.447470817120625,8.617886178861788
2026-06-20 02:00:00,26.1,73.1,126.0,7.2,4.9,46.0,29.1,80,1004.0,13.5,0.1,2,20,6,5,-1.0,6.299999999999997,-3.690036900368998,9.431137724550887
2026-06-20 03:00:00,18.9,48.7,120.0,6.5,4.8,46.0,28.9,81,1003.7,13.0,0.0,3,20,6,5,-7.200000000000003,-24.39999999999999,-27.586206896551737,-33.37893296853625
2026-06-20 04:00:00,16.6,43.3,120.0,5.9,4.8,46.0,28.8,82,1003.4,12.6,0.0,4,20,6,5,-2.299999999999997,-5.400000000000006,-12.169312169312152,-11.088295687885019
2026-06-20 05:00:00,18.6,48.0,132.0,5.9,4.8,49.0,28.9,82,1003.7,13.2,0.0,5,20,6,5,2.0,4.700000000000003,12.04819277108433,10.854503464203248
2026-06-20 06:00:00,17.0,44.9,168.0,6.7,5.0,49.0,28.8,82,1004.2,12.3,0.0,6,20,6,5,-1.6000000000000014,-3.1000000000000014,-8.602150537634412,-6.458333333333332
2026-06-20 07:00:00,18.5,51.1,216.0,7.8,5.2,50.0,29.4,78,1004.8,14.1,0.0,7,20,6,5,1.5,6.200000000000003,8.823529411764696,13.808463251670378
2026-06-20 08:00:00,20.0,57.0,245.0,8.2,5.3,53.0,30.4,73,1005.0,16.0,0.0,8,20,6,5,1.5,5.899999999999999,8.108108108108114,11.545988258317031
2026-06-20 09:00:00,21.0,62.2,236.0,7.3,5.3,59.0,31.3,67,1005.3,16.5,0.0,9,20,6,5,1.0,5.200000000000003,5.000000000000004,9.122807017543867
2026-06-20 10:00:00,22.1,68.9,208.0,5.8,5.1,67.0,32.2,63,1005.2,16.8,0.0,10,20,6,5,1.1000000000000014,6.700000000000003,5.238095238095242,10.771704180064322
2026-06-20 11:00:00,22.7,71.7,187.0,4.5,5.0,73.0,32.4,61,1005.5,16.2,0.0,11,20,6,5,0.5999999999999979,2.799999999999997,2.714932126696823,4.063860667634245
2026-06-20 12:00:00,22.8,73.3,184.0,3.8,4.8,74.0,32.1,62,1005.2,15.3,0.0,12,20,6,5,0.10000000000000142,1.5999999999999943,0.4405286343612369,2.231520223152006
2026-06-20 13:00:00,22.9,75.4,188.0,3.4,4.6,73.0,32.4,61,1005.0,14.8,0.0,13,20,6,5,0.09999999999999787,2.1000000000000085,0.43859649122806044,2.8649386084584005
2026-06-20 14:00:00,22.9,76.1,195.0,3.5,4.5,70.0,32.2,62,1004.6,15.4,0.0,14,20,6,5,0.0,0.6999999999999886,0.0,0.9283819628647105
2026-06-20 15:00:00,23.0,76.1,207.0,4.0,4.4,66.0,32.1,63,1004.0,16.4,0.0,15,20,6,5,0.10000000000000142,0.0,0.4366812227074357,0.0
2026-06-20 16:00:00,21.4,68.0,223.0,5.0,4.4,61.0,31.8,65,1003.6,18.3,0.0,16,20,6,5,-1.6000000000000014,-8.099999999999994,-6.956521739130439,-10.643889618922465
2026-06-20 17:00:00,28.5,105.7,231.0,5.9,4.4,62.0,31.8,65,1003.4,15.2,0.0,17,20,6,5,7.100000000000001,37.7,33.177570093457945,55.44117647058824
2026-06-20 18:00:00,25.1,88.7,226.0,7.4,4.6,57.0,30.9,68,1003.8,14.1,0.0,18,20,6,5,-3.3999999999999986,-17.0,-11.929824561403501,-16.083254493850518
2026-06-20 19:00:00,22.3,70.8,214.0,9.3,4.8,50.0,30.2,72,1004.2,14.8,0.0,19,20,6,5,-2.8000000000000007,-17.900000000000006,-11.155378486055778,-20.180383314543416
2026-06-20 20:00:00,21.2,60.3,204.0,10.7,5.0,45.0,29.9,73,1004.8,15.0,0.0,20,20,6,5,-1.1000000000000014,-10.5,-4.932735426008971,-14.830508474576277
2026-06-20 21:00:00,19.8,48.9,200.0,11.0,5.0,43.0,29.7,75,1005.1,15.5,0.0,21,20,6,5,-1.3999999999999986,-11.399999999999999,-6.6037735849056585,-18.905472636815922
2026-06-20 22:00:00,18.1,44.1,198.0,10.6,5.0,43.0,29.6,76,1005.9,14.5,0.0,22,20,6,5,-1.6999999999999993,-4.799999999999997,-8.585858585858585,-9.815950920245397
2026-06-20 23:00:00,17.4,43.8,191.0,9.9,4.9,44.0,29.6,76,1005.7,15.1,0.0,23,20,6,5,-0.7000000000000028,-0.30000000000000426,-3.8674033149171394,-0.6802721088435493
2026-06-21 00:00:00,17.1,44.9,173.0,8.7,4.7,45.0,29.4,76,1005.4,13.7,0.0,0,21,6,6,-0.29999999999999716,1.1000000000000014,-1.724137931034464,2.511415525114158
2026-06-21 01:00:00,14.8,39.2,150.0,7.1,4.4,46.0,29.1,77,1005.0,14.0,0.0,1,21,6,6,-2.3000000000000007,-5.699999999999996,-13.450292397660824,-12.694877505567915
2026-06-21 02:00:00,14.5,38.3,132.0,5.9,4.2,47.0,28.9,79,1004.3,14.0,0.0,2,21,6,6,-0.3000000000000007,-0.9000000000000057,-2.0270270270270285,-2.2959183673469497
2026-06-21 03:00:00,14.2,36.6,122.0,5.3,4.1,47.0,28.6,81,1004.1,13.4,0.0,3,21,6,6,-0.3000000000000007,-1.6999999999999957,-2.0689655172413834,-4.438642297650119
2026-06-21 04:00:00,14.1,35.9,118.0,5.0,4.2,47.0,28.4,83,1003.9,12.1,0.0,4,21,6,6,-0.09999999999999964,-0.7000000000000028,-0.7042253521126751,-1.9125683060109422
2026-06-21 05:00:00,14.6,38.1,122.0,4.3,3.9,50.0,29.0,79,1003.9,13.4,0.0,5,21,6,6,0.5,2.200000000000003,3.546099290780136,6.1281337047353945
2026-06-21 06:00:00,14.8,36.9,142.0,4.8,4.3,51.0,29.0,79,1004.1,13.2,0.0,6,21,6,6,0.20000000000000107,-1.2000000000000028,1.3698630136986356,-3.149606299212604
2026-06-21 07:00:00,16.3,44.5,171.0,5.4,4.8,53.0,29.5,76,1004.5,14.4,0.0,7,21,6,6,1.5,7.600000000000001,10.135135135135132,20.59620596205962
2026-06-21 08:00:00,18.9,53.9,188.0,5.5,5.2,57.0,30.3,72,1004.5,15.2,0.0,8,21,6,6,2.599999999999998,9.399999999999999,15.95092024539877,21.123595505617978
2026-06-21 09:00:00,19.9,58.9,180.0,4.7,5.2,64.0,31.2,68,1004.5,16.2,0.0,9,21,6,6,1.0,5.0,5.291005291005302,9.276437847866426
2026-06-21 10:00:00,20.7,62.6,160.0,3.5,5.0,72.0,31.8,64,1004.4,16.9,0.0,10,21,6,6,0.8000000000000007,3.700000000000003,4.020100502512558,6.281833616298815
2026-06-21 11:00:00,20.6,60.3,145.0,2.6,4.8,78.0,32.5,59,1004.3,16.7,0.0,11,21,6,6,-0.09999999999999787,-2.3000000000000043,-0.48309178743960457,-3.6741214057508076
2026-06-21 12:00:00,20.4,59.6,142.0,2.2,4.5,78.0,32.3,59,1003.8,17.4,0.0,12,21,6,6,-0.20000000000000284,-0.6999999999999957,-0.9708737864077777,-1.1608623548922004
2026-06-21 13:00:00,19.4,54.9,145.0,2.0,4.2,76.0,32.2,59,1003.1,17.7,0.0,13,21,6,6,-1.0,-4.700000000000003,-4.90196078431373,-7.885906040268464
2026-06-21 14:00:00,18.9,51.8,150.0,2.1,4.0,72.0,32.0,61,1002.4,18.3,0.0,14,21,6,6,-0.5,-3.1000000000000014,-2.577319587628868,-5.64663023679417
2026-06-21 15:00:00,18.7,49.8,159.0,2.5,3.9,67.0,31.8,62,1001.9,18.7,0.0,15,21,6,6,-0.1999999999999993,-2.0,-1.0582010582010581,-3.8610038610038644
2026-06-21 16:00:00,18.7,47.7,170.0,3.2,3.9,62.0,31.6,61,1001.4,18.8,0.0,16,21,6,6,0.0,-2.0999999999999943,0.0,-4.216867469879504
2026-06-21 17:00:00,20.7,53.9,178.0,3.7,4.0,60.0,31.1,65,1001.2,18.2,0.0,17,21,6,6,2.0,6.199999999999996,10.6951871657754,12.997903563941282
2026-06-21 18:00:00,21.0,54.1,180.0,4.8,4.2,56.0,30.6,67,1001.1,17.6,0.0,18,21,6,6,0.3000000000000007,0.20000000000000284,1.449275362318847,0.37105751391466324
2026-06-21 19:00:00,21.5,51.6,180.0,6.3,4.5,52.0,30.1,70,1001.6,16.7,0.0,19,21,6,6,0.5,-2.5,2.3809523809523725,-4.621072088724587
2026-06-21 20:00:00,22.8,52.9,175.0,7.4,4.7,48.0,30.0,70,1002.0,16.8,0.0,20,21,6,6,1.3000000000000007,1.2999999999999972,6.04651162790697,2.519379844961245
2026-06-21 21:00:00,25.1,58.6,165.0,7.7,4.8,47.0,30.1,70,1002.7,17.5,0.0,21,21,6,6,2.3000000000000007,5.700000000000003,10.087719298245613,10.775047258979221
2026-06-21 22:00:00,25.3,57.6,152.0,7.7,4.9,47.0,30.0,71,1003.2,16.8,0.0,22,21,6,6,0.1999999999999993,-1.0,0.7968127490039834,-1.7064846416382284
2026-06-21 23:00:00,24.7,55.4,140.0,7.3,4.9,47.0,29.4,75,1003.3,15.3,0.0,23,21,6,6,-0.6000000000000014,-2.200000000000003,-2.371541501976293,-3.819444444444453
2026-06-22 00:00:00,24.7,56.3,129.0,6.5,4.7,48.0,29.2,77,1003.0,15.5,0.0,0,22,6,0,0.0,0.8999999999999986,0.0,1.6245487364620947
2026-06-22 01:00:00,24.4,57.4,119.0,5.3,4.3,49.0,28.9,80,1002.7,15.9,0.1,1,22,6,0,-0.3000000000000007,1.1000000000000014,-1.2145748987854255,1.9538188277087087
2026-06-22 02:00:00,24.7,58.1,113.0,4.5,4.1,50.0,28.7,81,1002.3,15.5,0.0,2,22,6,0,0.3000000000000007,0.7000000000000028,1.2295081967213184,1.2195121951219523
2026-06-22 03:00:00,27.6,63.8,108.0,4.2,4.0,50.0,28.7,81,1002.3,15.8,0.0,3,22,6,0,2.900000000000002,5.699999999999996,11.740890688259121,9.810671256454384
2026-06-22 04:00:00,25.3,57.5,107.0,4.2,4.0,49.0,28.6,81,1002.1,15.5,0.0,4,22,6,0,-2.3000000000000007,-6.299999999999997,-8.333333333333337,-9.874608150470209
2026-06-22 05:00:00,18.7,43.3,119.0,4.1,3.8,51.0,28.8,81,1002.4,15.7,0.0,5,22,6,0,-6.600000000000001,-14.200000000000003,-26.086956521739136,-24.695652173913054
2026-06-22 06:00:00,18.4,41.7,158.0,5.2,4.1,51.0,28.7,82,1002.8,16.7,0.0,6,22,6,0,-0.3000000000000007,-1.5999999999999943,-1.6042780748663166,-3.6951501154734334
2026-06-22 07:00:00,19.2,44.6,210.0,6.6,4.6,50.0,29.1,79,1003.1,18.3,0.0,7,22,6,0,0.8000000000000007,2.8999999999999986,4.347826086956519,6.95443645083933
2026-06-22 08:00:00,19.8,48.0,241.0,7.2,4.9,52.0,29.9,74,1003.6,18.3,0.1,8,22,6,0,0.6000000000000014,3.3999999999999986,3.125,7.623318385650224
2026-06-22 09:00:00,21.0,52.0,230.0,6.4,5.0,58.0,30.6,70,1003.5,17.7,0.1,9,22,6,0,1.1999999999999993,4.0,6.060606060606055,8.333333333333325
2026-06-22 10:00:00,23.3,60.5,199.0,4.8,5.0,65.0,31.5,66,1003.5,17.5,0.0,10,22,6,0,2.3000000000000007,8.5,10.952380952380958,16.346153846153854
2026-06-22 11:00:00,22.2,56.8,175.0,3.5,4.9,71.0,32.1,62,1003.6,17.7,0.0,11,22,6,0,-1.1000000000000014,-3.700000000000003,-4.7210300429184615,-6.115702479338847
2026-06-22 12:00:00,22.3,58.4,170.0,2.9,4.7,73.0,32.3,61,1003.3,18.0,0.0,12,22,6,0,0.10000000000000142,1.6000000000000014,0.45045045045044585,2.8169014084507005
2026-06-22 13:00:00,22.2,57.9,172.0,2.7,4.5,73.0,32.3,61,1002.8,18.3,0.0,13,22,6,0,-0.10000000000000142,-0.5,-0.4484304932735439,-0.8561643835616417
2026-06-22 14:00:00,21.9,56.9,179.0,2.8,4.3,71.0,32.1,62,1002.3,19.0,0.0,14,22,6,0,-0.3000000000000007,-1.0,-1.3513513513513598,-1.7271157167530249
2026-06-22 15:00:00,23.2,60.1,193.0,3.3,4.2,67.0,31.9,63,1001.7,18.1,0.0,15,22,6,0,1.3000000000000007,3.200000000000003,5.936073059360725,5.623901581722324
2026-06-22 16:00:00,20.7,52.9,212.0,4.2,4.2,61.0,31.6,63,1001.1,17.4,0.0,16,22,6,0,-2.5,-7.200000000000003,-10.775862068965514,-11.980033277870216
2026-06-22 17:00:00,28.9,76.1,223.0,5.4,4.3,56.0,31.6,62,1000.8,17.6,0.0,17,22,6,0,8.2,23.199999999999996,39.61352657004831,43.85633270321361
2026-06-22 18:00:00,28.6,72.9,222.0,7.0,4.5,52.0,31.0,63,1001.0,17.5,0.0,18,22,6,0,-0.29999999999999716,-3.1999999999999886,-1.038062283737018,-4.2049934296977565
2026-06-22 19:00:00,29.0,72.4,213.0,9.1,4.8,48.0,30.3,67,1001.7,16.7,0.0,19,22,6,0,0.3999999999999986,-0.5,1.3986013986013957,-0.6858710562414272
2026-06-22 20:00:00,29.0,70.1,204.0,10.7,5.1,44.0,30.0,69,1002.2,15.9,0.0,20,22,6,0,0.0,-2.3000000000000114,0.0,-3.176795580110514
2026-06-22 21:00:00,29.3,66.6,197.0,11.4,5.4,43.0,29.8,71,1002.5,15.7,0.0,21,22,6,0,0.3000000000000007,-3.5,1.0344827586207028,-4.992867332382311
2026-06-22 22:00:00,28.9,66.8,188.0,11.5,5.7,42.0,29.8,72,1002.7,16.6,0.0,22,22,6,0,-0.40000000000000213,0.20000000000000284,-1.3651877133105894,0.30030030030030463
2026-06-22 23:00:00,28.2,65.4,178.0,11.1,5.8,43.0,29.6,70,1002.9,14.9,0.0,23,22,6,0,-0.6999999999999993,-1.3999999999999915,-2.422145328719716,-2.0958083832335217
2026-06-23 00:00:00,27.1,62.2,163.0,9.7,5.4,44.0,29.5,73,1002.5,15.0,0.1,0,23,6,1,-1.0999999999999979,-3.200000000000003,-3.900709219858145,-4.892966360856277
2026-06-23 01:00:00,25.3,57.4,146.0,7.7,4.8,46.0,29.4,73,1002.3,14.9,0.0,1,23,6,1,-1.8000000000000007,-4.800000000000004,-6.6420664206642055,-7.7170418006430985
2026-06-23 02:00:00,24.9,56.8,133.0,6.2,4.4,48.0,29.2,75,1001.9,15.0,0.0,2,23,6,1,-0.40000000000000213,-0.6000000000000014,-1.5810276679842028,-1.0452961672473893
2026-06-23 03:00:00,24.4,54.8,123.0,5.5,4.4,48.0,29.2,75,1001.7,15.2,0.0,3,23,6,1,-0.5,-2.0,-2.008032128514059,-3.5211267605633756
2026-06-23 04:00:00,21.4,49.4,117.0,5.3,4.5,48.0,29.1,77,1002.0,15.4,0.0,4,23,6,1,-3.0,-5.399999999999999,-12.295081967213118,-9.85401459854014
2026-06-23 05:00:00,17.2,39.9,126.0,5.1,4.4,49.0,29.1,76,1002.0,14.2,0.0,5,23,6,1,-4.199999999999999,-9.5,-19.626168224299068,-19.23076923076923
2026-06-23 06:00:00,17.0,39.0,166.0,6.5,4.7,48.0,28.9,79,1002.2,14.8,0.0,6,23,6,1,-0.1999999999999993,-0.8999999999999986,-1.1627906976744096,-2.2556390977443552
2026-06-23 07:00:00,17.8,42.1,221.0,8.3,5.2,47.0,29.0,80,1002.7,16.8,0.1,7,23,6,1,0.8000000000000007,3.1000000000000014,4.705882352941182,7.948717948717943
2026-06-23 08:00:00,19.7,46.1,254.0,9.1,5.5,49.0,29.8,75,1002.9,18.2,0.1,8,23,6,1,1.8999999999999986,4.0,10.67415730337078,9.501187648456067
2026-06-23 09:00:00,19.6,47.6,242.0,7.9,5.5,56.0,30.6,71,1002.9,18.2,0.1,9,23,6,1,-0.09999999999999787,1.5,-0.50761421319796,3.2537960954446943
2026-06-23 10:00:00,20.5,52.4,207.0,5.6,5.2,65.0,31.4,66,1003.0,17.3,0.0,10,23,6,1,0.8999999999999986,4.799999999999997,4.591836734693877,10.084033613445364
2026-06-23 11:00:00,21.0,53.7,181.0,3.8,5.0,72.0,32.4,60,1002.9,17.0,0.0,11,23,6,1,0.5,1.3000000000000043,2.4390243902439046,2.4809160305343525
2026-06-23 12:00:00,21.0,54.5,176.0,3.0,4.8,75.0,32.6,58,1002.5,17.5,0.0,12,23,6,1,0.0,0.7999999999999972,0.0,1.4897579143389184
2026-06-23 13:00:00,21.5,55.2,179.0,2.8,4.5,76.0,32.6,59,1001.7,18.9,0.0,13,23,6,1,0.5,0.7000000000000028,2.3809523809523725,1.2844036697247763
2026-06-23 14:00:00,22.4,57.7,186.0,2.9,4.3,74.0,32.0,62,1001.0,18.5,0.0,14,23,6,1,0.8999999999999986,2.5,4.1860465116279055,4.528985507246386
2026-06-23 15:00:00,22.5,58.0,199.0,3.5,4.2,70.0,32.3,59,1000.5,18.6,0.0,15,23,6,1,0.10000000000000142,0.29999999999999716,0.44642857142858094,0.5199306759098743
2026-06-23 16:00:00,21.9,55.6,216.0,4.5,4.2,63.0,31.9,60,1000.0,19.4,0.0,16,23,6,1,-0.6000000000000014,-2.3999999999999986,-2.6666666666666727,-4.137931034482756
2026-06-23 17:00:00,27.4,73.8,225.0,5.5,3.9,58.0,31.3,62,1000.1,17.5,0.0,17,23,6,1,5.5,18.199999999999996,25.114155251141558,32.73381294964028
2026-06-23 18:00:00,26.7,68.9,218.0,6.8,4.1,54.0,30.7,65,1000.1,17.8,0.0,18,23,6,1,-0.6999999999999993,-4.8999999999999915,-2.5547445255474477,-6.639566395663943
2026-06-23 19:00:00,26.4,65.4,203.0,8.5,4.3,48.0,30.0,69,1000.7,18.6,0.0,19,23,6,1,-0.3000000000000007,-3.5,-1.1235955056179803,-5.079825834542817
2026-06-23 20:00:00,27.8,67.3,189.0,9.7,4.5,43.0,29.7,72,1001.0,20.4,0.0,20,23,6,1,1.4000000000000021,1.8999999999999915,5.3030303030303205,2.9051987767583887
2026-06-23 21:00:00,27.9,66.1,181.0,10.0,4.7,41.0,29.5,73,1001.4,20.7,0.0,21,23,6,1,0.09999999999999787,-1.2000000000000028,0.3597122302158251,-1.7830609212481474
2026-06-23 22:00:00,28.6,65.7,175.0,9.9,4.8,41.0,29.5,73,1001.6,21.1,0.0,22,23,6,1,0.7000000000000028,-0.3999999999999915,2.508960573476715,-0.6051437216338718
2026-06-23 23:00:00,28.3,65.4,166.0,9.2,4.8,42.0,29.6,73,1001.7,19.5,0.1,23,23,6,1,-0.3000000000000007,-0.29999999999999716,-1.0489510489510523,-0.45662100456620447
2026-06-24 00:00:00,27.2,64.0,150.0,7.7,4.5,43.0,29.4,75,1001.5,19.1,0.0,0,24,6,2,-1.1000000000000014,-1.4000000000000057,-3.886925795053009,-2.140672782874631
2026-06-24 01:00:00,26.0,61.5,130.0,5.7,3.9,45.0,29.2,76,1001.2,18.3,0.0,1,24,6,2,-1.1999999999999993,-2.5,-4.411764705882348,-3.90625
2026-06-24 02:00:00,25.4,60.3,116.0,4.2,3.6,47.0,29.0,77,1000.9,19.5,0.0,2,24,6,2,-0.6000000000000014,-1.2000000000000028,-2.3076923076923106,-1.9512195121951237
2026-06-24 03:00:00,24.2,56.2,106.0,3.7,3.6,47.0,28.9,78,1000.6,19.2,0.0,3,24,6,2,-1.1999999999999993,-4.099999999999994,-4.7244094488189,-6.79933665008291
2026-06-24 04:00:00,22.6,51.9,101.0,3.8,3.7,47.0,28.6,81,1000.5,19.4,0.0,4,24,6,2,-1.5999999999999979,-4.300000000000004,-6.611570247933873,-7.651245551601427
2026-06-24 05:00:00,16.7,43.8,113.0,4.3,3.9,47.0,28.9,78,1000.3,17.8,0.0,5,24,6,2,-5.900000000000002,-8.100000000000001,-26.106194690265493,-15.606936416184968
2026-06-24 06:00:00,15.6,37.8,160.0,5.5,4.2,47.0,28.9,77,1000.7,18.4,0.0,6,24,6,2,-1.0999999999999996,-6.0,-6.586826347305386,-13.698630136986301
2026-06-24 07:00:00,18.2,44.1,224.0,7.1,4.6,46.0,29.1,77,1001.0,19.8,0.0,7,24,6,2,2.5999999999999996,6.300000000000004,16.666666666666675,16.666666666666675
2026-06-24 08:00:00,18.9,45.6,263.0,7.8,4.8,48.0,29.5,74,1001.6,19.1,0.0,8,24,6,2,0.6999999999999993,1.5,3.8461538461538325,3.401360544217691
2026-06-24 09:00:00,19.7,47.6,250.0,6.8,4.7,54.0,30.2,71,1001.9,19.8,0.0,9,24,6,2,0.8000000000000007,2.0,4.232804232804233,4.385964912280693
2026-06-24 10:00:00,20.3,49.9,211.0,5.0,4.5,63.0,30.5,70,1002.1,20.8,0.1,10,24,6,2,0.6000000000000014,2.299999999999997,3.0456852791878264,4.8319327731092265
2026-06-24 11:00:00,20.1,48.9,182.0,3.6,4.3,69.0,31.6,64,1002.0,22.3,0.1,11,24,6,2,-0.1999999999999993,-1.0,-0.9852216748768461,-2.004008016032066
2026-06-24 12:00:00,20.0,48.5,176.0,3.2,4.1,70.0,31.8,64,1001.6,22.8,0.2,12,24,6,2,-0.10000000000000142,-0.3999999999999986,-0.4975124378109541,-0.8179959100204415
2026-06-24 13:00:00,19.7,47.4,180.0,3.2,4.0,68.0,31.6,66,1001.0,22.2,0.2,13,24,6,2,-0.3000000000000007,-1.1000000000000014,-1.5000000000000013,-2.268041237113405
2026-06-24 14:00:00,19.4,46.6,187.0,3.5,3.9,65.0,31.6,67,1000.7,21.2,0.1,14,24,6,2,-0.3000000000000007,-0.7999999999999972,-1.5228426395939132,-1.6877637130801593
2026-06-24 15:00:00,19.7,47.1,200.0,4.1,3.9,61.0,31.5,66,1000.3,21.1,0.1,15,24,6,2,0.3000000000000007,0.5,1.546391752577314,1.0729613733905685
2026-06-24 16:00:00,20.0,47.5,216.0,4.9,3.9,56.0,31.2,68,1000.0,21.5,0.0,16,24,6,2,0.3000000000000007,0.3999999999999986,1.522842639593902,0.849256900212314
2026-06-24 17:00:00,20.3,46.4,226.0,6.0,4.0,52.0,31.5,64,999.3,19.1,0.0,17,24,6,2,0.3000000000000007,-1.1000000000000014,1.5000000000000124,-2.3157894736842155
2026-06-24 18:00:00,20.6,47.3,223.0,7.6,4.2,48.0,30.7,67,999.4,18.0,0.0,18,24,6,2,0.3000000000000007,0.8999999999999986,1.4778325123152802,1.93965517241379
2026-06-24 19:00:00,20.8,46.6,213.0,9.3,4.3,44.0,30.1,70,999.9,18.4,0.0,19,24,6,2,0.1999999999999993,-0.6999999999999957,0.9708737864077666,-1.4799154334038
2026-06-24 20:00:00,21.0,45.5,204.0,10.4,4.5,42.0,29.7,73,1000.1,18.5,0.1,20,24,6,2,0.1999999999999993,-1.1000000000000014,0.9615384615384581,-2.3605150214592308
2026-06-24 21:00:00,20.7,43.9,200.0,10.3,4.6,42.0,29.5,74,1000.9,19.0,0.1,21,24,6,2,-0.3000000000000007,-1.6000000000000014,-1.4285714285714346,-3.516483516483515
2026-06-24 22:00:00,20.4,42.4,197.0,9.5,4.6,44.0,29.4,75,1001.6,17.9,0.1,22,24,6,2,-0.3000000000000007,-1.5,-1.449275362318847,-3.4168564920273314
2026-06-24 23:00:00,20.5,44.8,189.0,8.6,4.6,45.0,29.6,74,1001.7,17.2,0.0,23,24,6,2,0.10000000000000142,2.3999999999999986,0.4901960784313708,5.660377358490565
2026-06-25 00:00:00,19.1,40.6,169.0,7.5,4.4,46.0,29.2,76,1001.6,15.9,0.0,0,25,6,3,-1.3999999999999986,-4.199999999999996,-6.829268292682922,-9.37499999999999
2026-06-25 01:00:00,15.1,33.3,145.0,6.2,4.0,47.0,29.1,75,1001.2,14.6,0.0,1,25,6,3,-4.000000000000002,-7.300000000000004,-20.94240837696336,-17.98029556650247
2026-06-25 02:00:00,14.8,33.8,127.0,5.2,3.8,48.0,29.0,75,1000.9,14.7,0.0,2,25,6,3,-0.29999999999999893,0.5,-1.9867549668874052,1.501501501501501
2026-06-25 03:00:00,16.4,36.2,119.0,4.8,3.8,48.0,28.9,76,1000.8,15.2,0.0,3,25,6,3,1.5999999999999979,2.4000000000000057,10.81081081081079,7.100591715976345
2026-06-25 04:00:00,13.9,31.1,119.0,4.7,4.0,48.0,28.9,76,1000.8,16.1,0.0,4,25,6,3,-2.4999999999999982,-5.100000000000001,-15.243902439024382,-14.088397790055252
2026-06-25 05:00:00,13.3,29.6,131.0,4.9,4.2,48.0,28.8,78,1001.0,15.5,0.0,5,25,6,3,-0.5999999999999996,-1.5,-4.316546762589923,-4.8231511254019255
2026-06-25 06:00:00,13.2,28.7,170.0,5.8,4.5,48.0,28.7,79,1001.5,14.3,0.0,6,25,6,3,-0.10000000000000142,-0.9000000000000021,-0.7518796992481258,-3.0405405405405483
2026-06-25 07:00:00,16.9,37.0,221.0,7.1,4.7,48.0,29.2,77,1001.9,17.4,0.0,7,25,6,3,3.6999999999999993,8.3,28.030303030303028,28.919860627177705
2026-06-25 08:00:00,17.5,38.1,251.0,7.6,4.9,50.0,29.8,73,1002.2,19.0,0.0,8,25,6,3,0.6000000000000014,1.1000000000000014,3.550295857988184,2.972972972972987
2026-06-25 09:00:00,18.1,40.4,238.0,6.5,4.9,57.0,30.7,69,1002.6,19.7,0.1,9,25,6,3,0.6000000000000014,2.299999999999997,3.4285714285714475,6.036745406824129
2026-06-25 10:00:00,18.3,42.0,203.0,4.7,4.7,66.0,31.6,65,1002.6,19.1,0.0,10,25,6,3,0.1999999999999993,1.6000000000000014,1.104972375690605,3.960396039603964
2026-06-25 11:00:00,18.0,41.8,177.0,3.3,4.5,73.0,31.8,64,1002.6,19.2,0.1,11,25,6,3,-0.3000000000000007,-0.20000000000000284,-1.6393442622950838,-0.4761904761904856
2026-06-25 12:00:00,18.1,42.1,173.0,2.8,4.3,75.0,31.9,63,1002.5,19.3,0.1,12,25,6,3,0.10000000000000142,0.30000000000000426,0.5555555555555536,0.717703349282317
2026-06-25 13:00:00,18.2,42.1,179.0,2.8,4.1,73.0,31.8,64,1002.3,18.8,0.1,13,25,6,3,0.09999999999999787,0.0,0.5524861878452914,0.0
2026-06-25 14:00:00,18.2,42.3,188.0,3.2,4.0,71.0,31.8,66,1001.8,19.2,0.1,14,25,6,3,0.0,0.19999999999999574,0.0,0.47505938242278223
2026-06-25 15:00:00,18.0,40.7,204.0,3.9,4.0,67.0,31.4,69,1001.3,19.7,0.1,15,25,6,3,-0.1999999999999993,-1.5999999999999943,-1.098901098901095,-3.782505910165468
2026-06-25 16:00:00,18.1,40.4,223.0,4.9,4.0,62.0,31.6,68,1000.8,18.5,0.0,16,25,6,3,0.10000000000000142,-0.30000000000000426,0.5555555555555536,-0.7371007371007487
2026-06-25 17:00:00,22.6,49.2,235.0,6.5,4.5,57.0,31.3,66,1000.8,16.7,0.0,17,25,6,3,4.5,8.800000000000004,24.861878453038667,21.7821782178218
2026-06-25 18:00:00,22.8,50.5,232.0,8.3,4.8,53.0,30.6,69,1001.1,16.3,0.1,18,25,6,3,0.1999999999999993,1.2999999999999972,0.8849557522123908,2.6422764227642226
2026-06-25 19:00:00,22.2,48.7,221.0,10.7,5.2,47.0,30.0,73,1001.6,16.6,0.0,19,25,6,3,-0.6000000000000014,-1.7999999999999972,-2.6315789473684292,-3.5643564356435564
2026-06-25 20:00:00,21.5,45.6,212.0,12.4,5.5,43.0,29.7,74,1001.9,15.5,0.0,20,25,6,3,-0.6999999999999993,-3.1000000000000014,-3.1531531531531543,-6.365503080082135
2026-06-25 21:00:00,21.4,44.2,212.0,12.9,5.7,41.0,29.5,75,1002.4,15.1,0.0,21,25,6,3,-0.10000000000000142,-1.3999999999999986,-0.46511627906977715,-3.0701754385964897
2026-06-25 22:00:00,19.0,39.8,214.0,12.8,5.9,41.0,29.6,75,1003.0,14.6,0.0,22,25,6,3,-2.3999999999999986,-4.400000000000006,-11.214953271028028,-9.954751131221728
2026-06-25 23:00:00,18.2,38.9,207.0,12.1,5.9,41.0,29.5,76,1003.2,13.5,0.0,23,25,6,3,-0.8000000000000007,-0.8999999999999986,-4.210526315789476,-2.2613065326633097
2026-06-26 00:00:00,17.6,38.0,182.0,10.7,5.5,42.0,29.2,77,1003.1,12.9,0.0,0,26,6,4,-0.5999999999999979,-0.8999999999999986,-3.296703296703285,-2.3136246786632397
2026-06-26 01:00:00,17.5,38.8,149.0,8.7,5.0,45.0,29.0,78,1002.7,12.6,0.0,1,26,6,4,-0.10000000000000142,0.7999999999999972,-0.5681818181818232,2.105263157894721
2026-06-26 02:00:00,17.5,38.8,127.0,7.3,4.7,46.0,28.8,80,1002.5,11.7,0.0,2,26,6,4,0.0,0.0,0.0,0.0
2026-06-26 03:00:00,17.5,38.9,122.0,6.9,4.8,45.0,28.6,81,1002.2,10.8,0.0,3,26,6,4,0.0,0.10000000000000142,0.0,0.2577319587628857
2026-06-26 04:00:00,17.5,38.8,127.0,6.9,5.1,44.0,28.4,82,1002.1,10.4,0.0,4,26,6,4,0.0,-0.10000000000000142,0.0,-0.25706940874036244
2026-06-26 05:00:00,18.2,41.7,144.0,7.4,5.5,43.0,28.9,78,1002.3,9.7,0.0,5,26,6,4,0.6999999999999993,2.9000000000000057,4.0000000000000036,7.474226804123729
2026-06-26 06:00:00,18.5,40.7,183.0,8.0,5.8,44.0,28.9,78,1003.0,10.2,0.0,6,26,6,4,0.3000000000000007,-1.0,1.6483516483516425,-2.3980815347721784
2026-06-26 07:00:00,20.1,48.5,232.0,8.8,6.2,45.0,29.3,77,1003.5,11.6,0.0,7,26,6,4,1.6000000000000014,7.799999999999997,8.64864864864865,19.164619164619157
2026-06-26 08:00:00,21.5,53.1,262.0,9.0,6.4,49.0,30.2,73,1003.9,13.2,0.0,8,26,6,4,1.3999999999999986,4.600000000000001,6.965174129353224,9.484536082474238
2026-06-26 09:00:00,22.2,55.8,252.0,7.9,6.3,57.0,31.1,69,1004.1,13.1,0.0,9,26,6,4,0.6999999999999993,2.6999999999999957,3.2558139534883734,5.084745762711851
2026-06-26 10:00:00,22.7,58.0,222.0,6.1,6.0,66.0,31.6,66,1004.3,13.9,0.0,10,26,6,4,0.5,2.200000000000003,2.2522522522522515,3.942652329749108
2026-06-26 11:00:00,23.1,59.3,199.0,4.7,5.7,73.0,32.9,60,1004.1,13.1,0.1,11,26,6,4,0.40000000000000213,1.2999999999999972,1.7621145374449476,2.2413793103448265
2026-06-26 12:00:00,22.7,57.9,194.0,4.0,5.5,75.0,32.1,64,1003.9,14.0,0.0,12,26,6,4,-0.40000000000000213,-1.3999999999999986,-1.7316017316017396,-2.360876897133224
2026-06-26 13:00:00,22.7,57.2,196.0,3.7,5.2,74.0,31.9,67,1003.7,14.8,0.0,13,26,6,4,0.0,-0.6999999999999957,0.0,-1.2089810017271052
2026-06-26 14:00:00,21.6,51.3,202.0,3.7,5.0,72.0,32.3,65,1003.2,15.0,0.0,14,26,6,4,-1.0999999999999979,-5.900000000000006,-4.8458149779735615,-10.314685314685324
2026-06-26 15:00:00,20.9,48.3,213.0,4.1,4.8,68.0,32.0,67,1002.8,15.9,0.0,15,26,6,4,-0.7000000000000028,-3.0,-3.240740740740755,-5.847953216374268
2026-06-26 16:00:00,20.7,48.0,227.0,5.0,4.7,63.0,31.4,69,1002.3,15.5,0.0,16,26,6,4,-0.1999999999999993,-0.29999999999999716,-0.9569377990430561,-0.6211180124223503
2026-06-26 17:00:00,17.3,39.2,236.0,6.0,4.5,59.0,31.7,66,1002.3,15.0,0.0,17,26,6,4,-3.3999999999999986,-8.799999999999997,-16.425120772946855,-18.333333333333325
2026-06-26 18:00:00,18.2,41.1,236.0,7.6,4.8,54.0,30.9,68,1002.4,14.3,0.0,18,26,6,4,0.8999999999999986,1.8999999999999986,5.2023121387283044,4.84693877551019
2026-06-26 19:00:00,19.4,43.1,231.0,9.8,5.2,48.0,30.2,72,1002.9,14.6,0.0,19,26,6,4,1.1999999999999993,2.0,6.593406593406592,4.8661800486617945
2026-06-26 20:00:00,19.6,42.8,223.0,11.4,5.5,43.0,29.8,75,1003.4,14.7,0.0,20,26,6,4,0.20000000000000284,-0.30000000000000426,1.030927835051565,-0.6960556844547661
2026-06-26 21:00:00,19.8,43.0,212.0,12.0,5.7,41.0,29.6,77,1003.8,13.2,0.0,21,26,6,4,0.1999999999999993,0.20000000000000284,1.0204081632652962,0.4672897196261738
2026-06-26 22:00:00,20.1,43.3,198.0,12.1,5.8,41.0,29.4,77,1004.2,12.1,0.0,22,26,6,4,0.3000000000000007,0.29999999999999716,1.5151515151515138,0.6976744186046435
2026-06-26 23:00:00,19.6,41.7,183.0,11.9,5.9,41.0,29.4,76,1004.2,12.0,0.0,23,26,6,4,-0.5,-1.5999999999999943,-2.487562189054726,-3.6951501154734334
2026-06-27 00:00:00,18.4,39.3,167.0,11.2,5.8,41.0,29.2,77,1004.0,11.2,0.0,0,27,6,5,-1.2000000000000028,-2.4000000000000057,-6.122448979591855,-5.755395683453246
2026-06-27 01:00:00,16.9,36.3,150.0,10.2,5.6,42.0,29.1,77,1003.8,9.9,0.0,1,27,6,5,-1.5,-3.0,-8.15217391304348,-7.633587786259543
2026-06-27 02:00:00,16.4,35.4,139.0,9.4,5.6,42.0,28.9,78,1003.2,9.4,0.0,2,27,6,5,-0.5,-0.8999999999999986,-2.9585798816568087,-2.4793388429751984
2026-06-27 03:00:00,16.1,34.9,132.0,9.2,5.8,41.0,28.9,77,1003.1,8.8,0.0,3,27,6,5,-0.29999999999999716,-0.5,-1.8292682926829062,-1.412429378531077
2026-06-27 04:00:00,15.7,33.4,129.0,9.3,6.2,40.0,28.8,77,1003.1,8.6,0.0,4,27,6,5,-0.40000000000000213,-1.5,-2.484472049689457,-4.297994269340977
2026-06-27 05:00:00,15.5,33.4,140.0,8.3,6.2,42.0,29.0,78,1003.2,9.3,0.0,5,27,6,5,-0.1999999999999993,0.0,-1.273885350318471,0.0
2026-06-27 06:00:00,15.5,32.6,178.0,8.6,6.4,44.0,28.8,79,1003.7,9.0,0.0,6,27,6,5,0.0,-0.7999999999999972,0.0,-2.39520958083832
2026-06-27 07:00:00,16.8,38.3,229.0,9.0,6.6,46.0,29.4,75,1004.0,10.6,0.0,7,27,6,5,1.3000000000000007,5.699999999999996,8.387096774193559,17.484662576687104
2026-06-27 08:00:00,17.9,42.3,260.0,8.8,6.7,51.0,30.2,72,1004.4,12.1,0.0,8,27,6,5,1.0999999999999979,4.0,6.547619047619024,10.44386422976502
2026-06-27 09:00:00,19.3,46.4,249.0,7.4,6.4,60.0,30.9,68,1004.6,12.8,0.0,9,27,6,5,1.4000000000000021,4.100000000000001,7.8212290502793325,9.692671394799056
2026-06-27 10:00:00,20.4,49.9,216.0,5.4,6.0,72.0,31.3,67,1004.7,13.5,0.0,10,27,6,5,1.0999999999999979,3.5,5.699481865284972,7.543103448275867
2026-06-27 11:00:00,21.5,52.7,193.0,3.9,5.6,81.0,31.7,66,1004.5,13.8,0.0,11,27,6,5,1.1000000000000014,2.8000000000000043,5.392156862745101,5.611222444889785
2026-06-27 12:00:00,21.7,53.3,191.0,3.2,5.3,86.0,31.7,66,1004.0,13.0,0.0,12,27,6,5,0.1999999999999993,0.5999999999999943,0.9302325581395321,1.1385199240986577
2026-06-27 13:00:00,21.2,52.7,197.0,2.9,5.0,87.0,32.4,64,1003.6,13.4,0.0,13,27,6,5,-0.5,-0.5999999999999943,-2.304147465437789,-1.1257035647279423
2026-06-27 14:00:00,20.6,50.6,206.0,3.1,4.8,86.0,31.7,67,1003.0,14.6,0.0,14,27,6,5,-0.5999999999999979,-2.1000000000000014,-2.8301886792452713,-3.9848197343453573
2026-06-27 15:00:00,19.4,46.8,218.0,3.6,4.7,80.0,31.3,69,1002.3,14.8,0.0,15,27,6,5,-1.2000000000000028,-3.8000000000000043,-5.82524271844661,-7.509881422924913
2026-06-27 16:00:00,18.3,43.9,232.0,4.6,4.6,71.0,31.1,70,1001.5,15.1,0.0,16,27,6,5,-1.0999999999999979,-2.8999999999999986,-5.670103092783496,-6.196581196581197
2026-06-27 17:00:00,24.4,60.5,240.0,6.3,5.1,68.0,31.3,68,1001.5,15.2,0.1,17,27,6,5,6.099999999999998,16.6,33.33333333333333,37.813211845102515
2026-06-27 18:00:00,22.6,54.4,237.0,7.9,5.1,61.0,30.6,71,1001.4,14.8,0.0,18,27,6,5,-1.7999999999999972,-6.100000000000001,-7.377049180327855,-10.08264462809918
2026-06-27 19:00:00,21.2,49.6,228.0,10.2,5.1,51.0,30.0,73,1001.9,14.5,0.0,19,27,6,5,-1.4000000000000021,-4.799999999999997,-6.194690265486735,-8.823529411764696
2026-06-27 20:00:00,19.8,44.6,217.0,11.6,5.1,44.0,29.6,75,1002.2,13.8,0.0,20,27,6,5,-1.3999999999999986,-5.0,-6.6037735849056585,-10.080645161290324
2026-06-27 21:00:00,19.8,44.6,204.0,11.6,5.1,43.0,29.4,77,1002.6,13.7,0.0,21,27,6,5,0.0,0.0,0.0,0.0
2026-06-27 22:00:00,19.9,44.6,188.0,10.8,5.1,44.0,29.3,77,1003.0,12.9,0.0,22,27,6,5,0.09999999999999787,0.0,0.5050505050504972,0.0
2026-06-27 23:00:00,20.0,44.9,172.0,9.8,5.0,46.0,29.1,79,1003.5,13.4,0.0,23,27,6,5,0.10000000000000142,0.29999999999999716,0.5025125628140836,0.6726457399103047
2026-06-28 00:00:00,18.2,41.9,156.0,8.7,4.7,47.0,28.9,79,1003.1,12.9,0.1,0,28,6,6,-1.8000000000000007,-3.0,-9.000000000000007,-6.681514476614703
2026-06-28 01:00:00,17.4,40.5,140.0,7.4,4.4,47.0,28.6,82,1002.6,12.8,0.1,1,28,6,6,-0.8000000000000007,-1.3999999999999986,-4.395604395604402,-3.3412887828162208
2026-06-28 02:00:00,16.9,39.1,129.0,6.4,4.2,48.0,28.5,83,1002.1,13.0,0.0,2,28,6,6,-0.5,-1.3999999999999986,-2.8735632183908066,-3.4567901234567877
2026-06-28 03:00:00,16.9,38.6,124.0,6.0,4.3,48.0,28.3,84,1002.0,11.7,0.0,3,28,6,6,0.0,-0.5,0.0,-1.2787723785166238
2026-06-28 04:00:00,16.8,38.2,125.0,6.0,4.5,48.0,28.3,84,1001.5,11.3,0.0,4,28,6,6,-0.09999999999999787,-0.3999999999999986,-0.5917159763313529,-1.036269430051806
2026-06-28 05:00:00,17.1,38.6,131.0,5.5,4.4,49.0,29.0,79,1001.6,11.7,0.0,5,28,6,6,0.3000000000000007,0.3999999999999986,1.7857142857142794,1.0471204188481575
2026-06-28 06:00:00,17.6,38.9,148.0,5.8,4.6,50.0,28.9,79,1001.5,12.8,0.0,6,28,6,6,0.5,0.29999999999999716,2.923976608187129,0.7772020725388629
2026-06-28 07:00:00,19.2,45.2,171.0,6.2,4.9,51.0,29.2,78,1001.8,15.7,0.0,7,28,6,6,1.5999999999999979,6.300000000000004,9.090909090909083,16.19537275064269
2026-06-28 08:00:00,22.9,54.2,184.0,6.1,5.1,54.0,29.9,74,1002.3,16.9,0.0,8,28,6,6,3.6999999999999993,9.0,19.270833333333325,19.91150442477876
2026-06-28 09:00:00,23.9,56.6,177.0,5.2,5.1,59.0,30.7,70,1002.6,16.6,0.0,9,28,6,6,1.0,2.3999999999999986,4.366812227074246,4.428044280442811
2026-06-28 10:00:00,24.4,59.0,160.0,3.9,4.9,66.0,31.5,66,1002.5,16.1,0.0,10,28,6,6,0.5,2.3999999999999986,2.092050209205021,4.240282685512375
2026-06-28 11:00:00,24.1,58.7,148.0,2.9,4.7,71.0,32.1,63,1002.4,16.6,0.0,11,28,6,6,-0.29999999999999716,-0.29999999999999716,-1.2295081967212962,-0.5084745762711784
2026-06-28 12:00:00,23.3,57.4,145.0,2.4,4.5,73.0,31.9,65,1002.0,16.3,0.0,12,28,6,6,-0.8000000000000007,-1.3000000000000043,-3.319502074688796,-2.2146507666098825
2026-06-28 13:00:00,23.0,57.3,147.0,2.2,4.3,73.0,31.9,64,1001.6,16.8,0.0,13,28,6,6,-0.3000000000000007,-0.10000000000000142,-1.2875536480686733,-0.17421602787456303
2026-06-28 14:00:00,22.4,55.3,152.0,2.2,4.2,72.0,31.9,65,1001.2,18.3,0.1,14,28,6,6,-0.6000000000000014,-2.0,-2.60869565217392,-3.4904013961605584
2026-06-28 15:00:00,24.6,62.2,162.0,2.6,4.1,69.0,31.1,68,1000.6,19.6,0.1,15,28,6,6,2.200000000000003,6.900000000000006,9.82142857142858,12.477396021699839
2026-06-28 16:00:00,21.9,54.4,174.0,3.2,4.1,64.0,31.1,69,1000.1,19.0,0.1,16,28,6,6,-2.700000000000003,-7.800000000000004,-10.97560975609757,-12.540192926045023
2026-06-28 17:00:00,21.9,53.6,181.0,4.0,4.1,59.0,30.7,70,999.6,19.6,0.0,17,28,6,6,0.0,-0.7999999999999972,0.0,-1.4705882352941124
2026-06-28 18:00:00,21.7,51.9,177.0,5.0,4.2,55.0,30.2,72,999.8,18.7,0.0,18,28,6,6,-0.1999999999999993,-1.7000000000000028,-0.91324200913242,-3.171641791044777
2026-06-28 19:00:00,21.2,49.1,167.0,6.2,4.3,51.0,29.7,75,1000.0,18.2,0.0,19,28,6,6,-0.5,-2.799999999999997,-2.304147465437789,-5.394990366088626
2026-06-28 20:00:00,21.7,48.1,159.0,6.9,4.4,49.0,29.6,75,1000.5,17.7,0.1,20,28,6,6,0.5,-1.0,2.358490566037741,-2.0366598778004064
2026-06-28 21:00:00,22.6,49.2,156.0,6.9,4.4,48.0,29.4,76,1001.0,19.0,0.1,21,28,6,6,0.9000000000000021,1.1000000000000014,4.147465437788034,2.2869022869022926
2026-06-28 22:00:00,23.1,49.8,154.0,6.4,4.3,49.0,29.3,77,1001.6,17.8,0.1,22,28,6,6,0.5,0.5999999999999943,2.212389380530966,1.21951219512193
2026-06-28 23:00:00,22.1,46.4,149.0,5.9,4.2,49.0,29.0,78,1002.1,17.0,0.0,23,28,6,6,-1.0,-3.3999999999999986,-4.329004329004327,-6.827309236947787
2026-06-29 00:00:00,21.8,46.1,137.0,5.3,4.0,49.0,28.8,80,1001.5,16.2,0.0,0,29,6,0,-0.3000000000000007,-0.29999999999999716,-1.3574660633484226,-0.6465517241379226
2026-06-29 01:00:00,18.3,40.4,123.0,4.6,3.7,50.0,28.6,81,1001.2,14.9,0.0,1,29,6,0,-3.5,-5.700000000000003,-16.055045871559635,-12.364425162689807
2026-06-29 02:00:00,17.9,39.1,113.0,4.1,3.6,50.0,28.5,82,1000.7,14.0,0.0,2,29,6,0,-0.40000000000000213,-1.2999999999999972,-2.1857923497267895,-3.2178217821782096
2026-06-29 03:00:00,17.9,38.8,107.0,3.9,3.6,50.0,28.3,82,1000.5,13.9,0.0,3,29,6,0,0.0,-0.30000000000000426,0.0,-0.7672634271099876
2026-06-29 04:00:00,17.9,38.8,105.0,3.8,3.7,50.0,28.2,83,1000.3,13.6,0.0,4,29,6,0,0.0,0.0,0.0,0.0
2026-06-29 05:00:00,21.9,49.4,116.0,4.5,4.0,50.0,28.3,82,1000.1,14.9,0.0,5,29,6,0,4.0,10.600000000000001,22.3463687150838,27.319587628865992
2026-06-29 06:00:00,22.2,49.4,154.0,5.4,4.3,51.0,28.2,82,1000.3,14.8,0.0,6,29,6,0,0.3000000000000007,0.0,1.3698630136986356,0.0
2026-06-29 07:00:00,25.3,60.3,204.0,6.5,4.8,52.0,28.8,79,1000.7,16.9,0.0,7,29,6,0,3.1000000000000014,10.899999999999999,13.963963963963977,22.064777327935214
2026-06-29 08:00:00,28.3,70.5,235.0,7.0,5.1,54.0,29.6,74,1001.0,17.7,0.0,8,29,6,0,3.0,10.200000000000003,11.857707509881422,16.915422885572152
2026-06-29 09:00:00,28.5,72.6,227.0,6.1,5.0,59.0,30.3,70,1001.3,18.1,0.0,9,29,6,0,0.1999999999999993,2.0999999999999943,0.7067137809187329,2.9787234042553123
2026-06-29 10:00:00,28.5,72.6,199.0,4.6,4.7,66.0,30.9,67,1001.6,18.6,0.0,10,29,6,0,0.0,0.0,0.0,0.0
2026-06-29 11:00:00,27.6,71.0,177.0,3.4,4.5,71.0,31.7,62,1001.7,18.8,0.0,11,29,6,0,-0.8999999999999986,-1.5999999999999943,-3.157894736842104,-2.2038567493112837
2026-06-29 12:00:00,27.1,70.3,172.0,2.9,4.3,73.0,31.8,60,1001.3,19.0,0.0,12,29,6,0,-0.5,-0.7000000000000028,-1.8115942028985477,-0.9859154929577452
2026-06-29 13:00:00,27.0,70.3,173.0,2.7,4.2,74.0,32.2,59,1000.6,19.3,0.0,13,29,6,0,-0.10000000000000142,0.0,-0.3690036900369065,0.0
2026-06-29 14:00:00,25.6,65.2,178.0,3.0,4.1,73.0,32.1,60,1000.0,19.9,0.0,14,29,6,0,-1.3999999999999986,-5.099999999999994,-5.185185185185182,-7.25462304409672
2026-06-29 15:00:00,25.1,63.3,189.0,3.8,4.1,68.0,31.6,62,999.5,19.3,0.0,15,29,6,0,-0.5,-1.9000000000000057,-1.953125,-2.914110429447858
2026-06-29 16:00:00,24.4,61.7,203.0,5.1,4.2,62.0,31.3,64,999.0,19.2,0.0,16,29,6,0,-0.7000000000000028,-1.5999999999999943,-2.788844621513953,-2.5276461295418606
2026-06-29 17:00:00,30.7,79.9,212.0,6.6,4.0,55.0,30.9,64,999.0,18.7,0.0,17,29,6,0,6.300000000000001,18.200000000000003,25.819672131147552,29.497568881685577
2026-06-29 18:00:00,31.2,77.3,210.0,7.9,4.3,53.0,30.2,66,999.0,18.0,0.0,18,29,6,0,0.5,-2.6000000000000085,1.6286644951140072,-3.2540675844806133
2026-06-29 19:00:00,31.8,75.7,203.0,9.6,4.8,49.0,29.8,69,999.1,17.8,0.0,19,29,6,0,0.6000000000000014,-1.5999999999999943,1.9230769230769384,-2.069857697283306
2026-06-29 20:00:00,30.9,70.3,195.0,10.7,5.1,47.0,29.5,71,999.4,17.2,0.0,20,29,6,0,-0.9000000000000021,-5.400000000000006,-2.8301886792452935,-7.133421400264206
2026-06-29 21:00:00,30.0,66.6,190.0,10.6,5.1,46.0,29.2,74,1000.3,18.4,0.1,21,29,6,0,-0.8999999999999986,-3.700000000000003,-2.9126213592232997,-5.263157894736848
2026-06-29 22:00:00,26.6,56.5,185.0,9.9,4.9,46.0,29.2,75,1000.8,18.4,0.0,22,29,6,0,-3.3999999999999986,-10.099999999999994,-11.333333333333329,-15.165165165165162
2026-06-29 23:00:00,25.0,50.6,176.0,8.9,4.7,47.0,29.1,74,1000.7,18.2,0.0,23,29,6,0,-1.6000000000000014,-5.899999999999999,-6.015037593984962,-10.442477876106192
2026-06-30 00:00:00,21.1,44.8,157.0,7.7,4.5,48.0,28.9,76,1000.7,17.1,0.0,0,30,6,1,-3.8999999999999986,-5.800000000000004,-15.59999999999999,-11.462450592885387
2026-06-30 01:00:00,20.5,44.6,135.0,6.3,4.2,49.0,28.8,76,1000.3,17.3,0.0,1,30,6,1,-0.6000000000000014,-0.19999999999999574,-2.8436018957346043,-0.44642857142855874
2026-06-30 02:00:00,20.5,44.9,119.0,5.2,4.1,50.0,28.7,77,999.8,16.2,0.0,2,30,6,1,0.0,0.29999999999999716,0.0,0.6726457399103047
2026-06-30 03:00:00,20.7,46.2,113.0,4.7,4.1,50.0,28.6,77,999.8,16.5,0.0,3,30,6,1,0.1999999999999993,1.3000000000000043,0.9756097560975618,2.895322939866385
2026-06-30 04:00:00,20.7,46.4,113.0,4.5,4.2,50.0,28.6,77,999.7,17.2,0.0,4,30,6,1,0.0,0.19999999999999574,0.0,0.43290043290042934
2026-06-30 05:00:00,21.2,49.6,126.0,4.5,4.1,50.0,28.7,78,999.5,16.5,0.0,5,30,6,1,0.5,3.200000000000003,2.4154589371980784,6.896551724137945
2026-06-30 06:00:00,21.3,48.0,162.0,6.0,4.5,49.0,28.7,79,999.7,16.3,0.0,6,30,6,1,0.10000000000000142,-1.6000000000000014,0.4716981132075526,-3.2258064516129115
2026-06-30 07:00:00,22.5,51.8,210.0,7.9,5.0,48.0,29.2,76,1000.1,19.0,0.0,7,30,6,1,1.1999999999999993,3.799999999999997,5.633802816901401,7.916666666666661
2026-06-30 08:00:00,25.7,60.1,240.0,8.8,5.3,49.0,29.8,73,1000.2,19.8,0.0,8,30,6,1,3.1999999999999993,8.300000000000004,14.222222222222225,16.023166023166024
2026-06-30 09:00:00,25.0,58.9,235.0,7.7,5.2,55.0,30.4,70,1000.5,20.9,0.1,9,30,6,1,-0.6999999999999993,-1.2000000000000028,-2.7237354085603127,-1.9966722129783787
2026-06-30 10:00:00,24.9,59.6,213.0,5.5,5.0,64.0,30.9,67,1000.9,20.3,0.2,10,30,6,1,-0.10000000000000142,0.7000000000000028,-0.40000000000000036,1.1884550084889645
2026-06-30 11:00:00,25.4,61.0,196.0,3.9,4.7,70.0,30.7,69,1000.7,19.4,0.2,11,30,6,1,0.5,1.3999999999999986,2.008032128514059,2.348993288590595
2026-06-30 12:00:00,24.7,58.8,191.0,3.4,4.5,71.0,31.3,66,1000.5,18.9,0.0,12,30,6,1,-0.6999999999999993,-2.200000000000003,-2.7559055118110187,-3.60655737704918
2026-06-30 13:00:00,23.5,55.6,191.0,3.4,4.4,70.0,32.3,61,1000.0,18.9,0.0,13,30,6,1,-1.1999999999999993,-3.1999999999999957,-4.858299595141702,-5.442176870748295
2026-06-30 14:00:00,23.6,57.3,195.0,3.8,4.3,68.0,31.8,63,999.5,19.3,0.0,14,30,6,1,0.10000000000000142,1.6999999999999957,0.42553191489362874,3.0575539568345356
2026-06-30 15:00:00,24.0,58.6,207.0,4.5,4.3,65.0,31.4,66,999.0,20.2,0.1,15,30,6,1,0.3999999999999986,1.3000000000000043,1.6949152542372836,2.2687609075043635
2026-06-30 16:00:00,22.9,55.4,223.0,5.6,4.3,60.0,31.1,68,998.4,19.0,0.2,16,30,6,1,-1.1000000000000014,-3.200000000000003,-4.583333333333339,-5.460750853242324
2026-06-30 17:00:00,25.7,61.9,232.0,6.9,4.4,56.0,31.6,61,998.4,18.9,0.2,17,30,6,1,2.8000000000000007,6.5,12.227074235807866,11.732851985559577
2026-06-30 18:00:00,23.9,56.8,227.0,8.5,4.6,52.0,30.8,65,998.4,18.6,0.0,18,30,6,1,-1.8000000000000007,-5.100000000000001,-7.0038910505836665,-8.239095315024237
2026-06-30 19:00:00,22.0,50.1,214.0,10.7,4.9,47.0,30.0,70,998.3,18.4,0.0,19,30,6,1,-1.8999999999999986,-6.699999999999996,-7.949790794979073,-11.795774647887313
2026-06-30 20:00:00,21.3,45.8,203.0,12.0,5.1,44.0,29.7,73,998.7,18.2,0.1,20,30,6,1,-0.6999999999999993,-4.300000000000004,-3.1818181818181746,-8.582834331337331
2026-06-30 21:00:00,17.6,37.5,197.0,11.9,5.1,43.0,29.6,75,999.3,18.8,0.0,21,30,6,1,-3.6999999999999993,-8.299999999999997,-17.370892018779337,-18.122270742358072
2026-06-30 22:00:00,17.3,38.4,192.0,10.9,5.1,44.0,29.4,76,1000.2,18.1,0.0,22,30,6,1,-0.3000000000000007,0.8999999999999986,-1.7045454545454586,2.400000000000002
2026-06-30 23:00:00,18.0,40.6,183.0,9.8,5.0,45.0,29.3,77,1000.1,17.1,0.0,23,30,6,1,0.6999999999999993,2.200000000000003,4.046242774566466,5.729166666666674
2026-07-01 00:00:00,19.6,44.7,164.0,8.6,4.8,46.0,29.1,78,999.8,16.0,0.0,0,1,7,2,1.6000000000000014,4.100000000000001,8.888888888888902,10.098522167487678
2026-07-01 01:00:00,18.3,41.2,141.0,7.2,4.5,47.0,28.9,79,999.7,15.3,0.0,1,1,7,2,-1.3000000000000007,-3.5,-6.632653061224492,-7.829977628635342
2026-07-01 02:00:00,17.6,39.7,125.0,6.1,4.3,48.0,28.7,80,999.2,15.5,0.0,2,1,7,2,-0.6999999999999993,-1.5,-3.825136612021851,-3.6407766990291246
2026-07-01 03:00:00,17.2,38.5,116.0,5.5,4.3,48.0,28.7,80,999.0,15.3,0.0,3,1,7,2,-0.40000000000000213,-1.2000000000000028,-2.272727272727282,-3.0226700251889227
2026-07-01 04:00:00,17.1,38.0,114.0,5.3,4.4,49.0,28.5,82,998.7,15.3,0.0,4,1,7,2,-0.09999999999999787,-0.5,-0.5813953488371992,-1.2987012987012991
2026-07-01 05:00:00,17.2,39.1,127.0,5.4,4.6,49.0,28.5,85,998.5,15.4,0.0,5,1,7,2,0.09999999999999787,1.1000000000000014,0.5847953216374213,2.894736842105261
2026-07-01 06:00:00,17.6,38.9,171.0,6.7,4.9,49.0,28.5,84,998.6,14.9,0.0,6,1,7,2,0.40000000000000213,-0.20000000000000284,2.3255813953488413,-0.5115089514066584
2026-07-01 07:00:00,19.2,44.5,231.0,8.3,5.3,50.0,28.9,82,998.9,15.4,0.0,7,1,7,2,1.5999999999999979,5.600000000000001,9.090909090909083,14.395886889460163
2026-07-01 08:00:00,21.9,51.6,267.0,9.1,5.5,52.0,29.8,77,999.1,17.0,0.1,8,1,7,2,2.6999999999999993,7.100000000000001,14.0625,15.955056179775283
2026-07-01 09:00:00,22.2,52.2,255.0,8.1,5.5,58.0,30.6,71,999.4,18.2,0.1,9,1,7,2,0.3000000000000007,0.6000000000000014,1.3698630136986356,1.1627906976744207
2026-07-01 10:00:00,21.6,51.1,218.0,6.3,5.3,66.0,31.2,69,999.3,18.8,0.1,10,1,7,2,-0.5999999999999979,-1.1000000000000014,-2.7027027027026973,-2.1072796934865967
2026-07-01 11:00:00,21.1,48.2,192.0,4.9,5.2,71.0,31.1,69,999.4,18.0,0.1,11,1,7,2,-0.5,-2.8999999999999986,-2.314814814814814,-5.675146771037176
2026-07-01 12:00:00,20.1,45.8,189.0,4.4,5.1,72.0,31.3,68,999.2,18.0,0.0,12,1,7,2,-1.0,-2.4000000000000057,-4.739336492891,-4.979253112033211
2026-07-01 13:00:00,24.2,59.6,196.0,4.3,5.0,71.0,31.8,67,998.6,18.2,0.1,13,1,7,2,4.099999999999998,13.800000000000004,20.398009950248742,30.131004366812242
2026-07-01 14:00:00,21.4,48.3,207.0,4.6,4.9,69.0,31.3,69,998.0,18.0,0.3,14,1,7,2,-2.8000000000000007,-11.300000000000004,-11.570247933884303,-18.95973154362417
2026-07-01 15:00:00,21.2,47.4,224.0,5.3,4.9,65.0,31.3,70,997.7,18.0,0.1,15,1,7,2,-0.1999999999999993,-0.8999999999999986,-0.9345794392523366,-1.8633540372670732
2026-07-01 16:00:00,22.0,49.1,246.0,6.3,4.8,60.0,31.2,70,997.2,17.4,0.1,16,1,7,2,0.8000000000000007,1.7000000000000028,3.7735849056603765,3.5864978902953704
2026-07-01 17:00:00,20.5,48.7,258.0,7.4,4.6,56.0,31.4,69,997.1,16.4,0.2,17,1,7,2,-1.5,-0.3999999999999986,-6.818181818181824,-0.8146639511201648
2026-07-01 18:00:00,21.1,49.5,253.0,9.4,4.9,51.0,30.4,74,997.1,16.4,0.2,18,1,7,2,0.6000000000000014,0.7999999999999972,2.9268292682926855,1.642710472279263
2026-07-01 19:00:00,21.2,48.5,238.0,12.2,5.3,45.0,29.9,78,997.3,17.8,0.1,19,1,7,2,0.09999999999999787,-1.0,0.4739336492890933,-2.020202020202022
2026-07-01 20:00:00,19.6,44.1,224.0,14.2,5.6,40.0,29.6,80,997.9,17.2,0.2,20,1,7,2,-1.5999999999999979,-4.399999999999999,-7.547169811320742,-9.07216494845361
2026-07-01 21:00:00,18.2,39.1,216.0,14.7,5.7,38.0,29.4,81,998.9,16.3,0.0,21,1,7,2,-1.4000000000000021,-5.0,-7.142857142857151,-11.337868480725621
2026-07-01 22:00:00,18.3,38.6,210.0,14.4,5.7,37.0,29.2,83,999.8,14.8,0.0,22,1,7,2,0.10000000000000142,-0.5,0.5494505494505475,-1.2787723785166238
2026-07-01 23:00:00,19.0,40.7,199.0,13.5,5.6,37.0,29.6,80,999.5,14.0,0.0,23,1,7,2,0.6999999999999993,2.1000000000000014,3.825136612021862,5.440414507772018
2026-07-02 00:00:00,19.5,42.4,180.0,11.7,5.3,38.0,29.3,81,999.5,13.3,0.0,0,2,7,3,0.5,1.6999999999999957,2.6315789473684292,4.176904176904173
2026-07-02 01:00:00,20.0,44.5,157.0,9.4,4.9,40.0,29.2,81,999.4,13.4,0.0,1,2,7,3,0.5,2.1000000000000014,2.564102564102555,4.952830188679247
2026-07-02 02:00:00,20.2,45.2,140.0,7.6,4.7,41.0,28.8,84,999.0,13.2,0.1,2,2,7,3,0.1999999999999993,0.7000000000000028,1.0000000000000009,1.573033707865168
2026-07-02 03:00:00,20.2,45.8,127.0,6.8,4.7,41.0,28.7,85,998.8,12.7,0.1,3,2,7,3,0.0,0.5999999999999943,0.0,1.327433628318575
2026-07-02 04:00:00,19.9,45.2,120.0,6.7,4.9,40.0,28.6,86,998.5,12.6,0.0,4,2,7,3,-0.3000000000000007,-0.5999999999999943,-1.4851485148514865,-1.3100436681222627
2026-07-02 05:00:00,19.2,44.4,131.0,7.3,5.3,41.0,28.6,87,998.4,12.1,0.0,5,2,7,3,-0.6999999999999993,-0.8000000000000043,-3.5175879396984855,-1.7699115044247926
2026-07-02 06:00:00,19.0,43.4,181.0,8.5,5.9,41.0,28.5,87,998.8,11.6,0.0,6,2,7,3,-0.1999999999999993,-1.0,-1.041666666666663,-2.2522522522522515
2026-07-02 07:00:00,20.8,51.2,250.0,10.2,6.6,41.0,29.0,84,999.3,11.8,0.0,7,2,7,3,1.8000000000000007,7.800000000000004,9.473684210526322,17.972350230414747
2026-07-02 08:00:00,22.7,59.4,292.0,10.9,7.1,43.0,29.9,78,999.6,12.3,0.0,8,2,7,3,1.8999999999999986,8.199999999999996,9.134615384615374,16.015625
2026-07-02 09:00:00,22.8,58.9,278.0,9.8,7.0,50.0,30.7,74,999.9,13.7,0.2,9,2,7,3,0.10000000000000142,-0.5,0.4405286343612369,-0.8417508417508435
2026-07-02 10:00:00,23.2,61.2,236.0,7.8,6.6,59.0,31.2,72,1000.4,14.0,0.1,10,2,7,3,0.3999999999999986,2.3000000000000043,1.754385964912264,3.9049235993208864
2026-07-02 11:00:00,24.4,64.7,204.0,6.2,6.3,66.0,32.0,68,1000.3,15.1,0.2,11,2,7,3,1.1999999999999993,3.5,5.1724137931034475,5.718954248366015
2026-07-02 12:00:00,24.3,65.9,195.0,5.3,6.1,68.0,32.1,67,1000.1,15.7,0.1,12,2,7,3,-0.09999999999999787,1.2000000000000028,-0.4098360655737654,1.8547140649149974
2026-07-02 13:00:00,24.4,66.4,195.0,4.8,5.9,68.0,32.3,67,999.8,15.4,0.1,13,2,7,3,0.09999999999999787,0.5,0.411522633744843,0.7587253414264028
2026-07-02 14:00:00,25.0,66.6,201.0,4.8,5.7,67.0,32.4,66,999.4,15.9,0.0,14,2,7,3,0.6000000000000014,0.19999999999998863,2.459016393442637,0.30120481927709
2026-07-02 15:00:00,24.7,65.4,215.0,5.4,5.6,65.0,32.2,67,998.9,16.1,0.0,15,2,7,3,-0.3000000000000007,-1.1999999999999886,-1.200000000000001,-1.8018018018017834
2026-07-02 16:00:00,23.8,61.7,234.0,6.6,5.5,61.0,31.8,68,998.3,16.5,0.1,16,2,7,3,-0.8999999999999986,-3.700000000000003,-3.6437246963562653,-5.657492354740068
2026-07-02 17:00:00,28.3,75.9,246.0,7.7,5.4,57.0,31.3,70,998.5,15.9,0.1,17,2,7,3,4.5,14.200000000000003,18.907563025210084,23.014586709886544
2026-07-02 18:00:00,27.2,74.5,244.0,9.5,5.7,53.0,30.6,73,999.0,13.8,0.0,18,2,7,3,-1.1000000000000014,-1.4000000000000057,-3.886925795053009,-1.8445322793148922
2026-07-02 19:00:00,27.6,74.0,234.0,12.2,6.2,48.0,30.1,75,999.8,12.9,0.1,19,2,7,3,0.40000000000000213,-0.5,1.4705882352941346,-0.6711409395973145
2026-07-02 20:00:00,27.1,69.4,226.0,14.7,6.7,43.0,29.6,79,1000.0,13.6,0.1,20,2,7,3,-0.5,-4.599999999999994,-1.8115942028985477,-6.216216216216209
2026-07-02 21:00:00,24.9,61.9,225.0,17.5,7.4,39.0,29.4,81,1000.9,12.5,0.0,21,2,7,3,-2.200000000000003,-7.500000000000007,-8.11808118081182,-10.80691642651298
2026-07-02 22:00:00,25.0,60.5,225.0,20.2,8.1,35.0,29.3,81,1001.7,12.0,0.0,22,2,7,3,0.10000000000000142,-1.3999999999999986,0.40160642570281624,-2.2617124394184174
2026-07-02 23:00:00,24.3,56.0,216.0,20.9,8.3,33.0,29.2,82,1001.9,14.0,0.0,23,2,7,3,-0.6999999999999993,-4.5,-2.8000000000000025,-7.438016528925617
2026-07-03 00:00:00,22.8,52.7,190.0,17.9,7.5,35.0,28.9,82,1001.3,12.6,0.0,0,3,7,4,-1.5,-3.299999999999997,-6.172839506172845,-5.8928571428571335
2026-07-03 01:00:00,20.8,48.2,155.0,13.0,6.2,40.0,28.8,83,1000.9,12.9,0.0,1,3,7,4,-2.0,-4.5,-8.771929824561408,-8.538899430740033
2026-07-03 02:00:00,19.9,46.6,130.0,9.1,5.3,44.0,28.7,84,1000.6,13.4,0.0,2,3,7,4,-0.9000000000000021,-1.6000000000000014,-4.326923076923084,-3.319502074688796
2026-07-03 03:00:00,19.5,45.9,119.0,7.5,5.1,45.0,28.6,84,1000.3,13.1,0.0,3,3,7,4,-0.3999999999999986,-0.7000000000000028,-2.010050251256279,-1.5021459227467893
2026-07-03 04:00:00,19.2,45.4,117.0,7.0,5.3,45.0,28.5,84,1000.3,12.7,0.0,4,3,7,4,-0.3000000000000007,-0.5,-1.538461538461544,-1.089324618736387
2026-07-03 05:00:00,21.0,51.1,132.0,8.0,6.0,46.0,28.8,86,1000.2,12.0,0.0,5,3,7,4,1.8000000000000007,5.700000000000003,9.375,12.555066079295152
2026-07-03 06:00:00,20.6,49.9,180.0,8.5,6.2,47.0,28.7,86,1000.6,10.7,0.0,6,3,7,4,-0.3999999999999986,-1.2000000000000028,-1.904761904761898,-2.3483365949119483
2026-07-03 07:00:00,21.6,56.7,245.0,9.2,6.5,50.0,29.2,82,1001.5,11.0,0.0,7,3,7,4,1.0,6.800000000000004,4.854368932038833,13.62725450901805
2026-07-03 08:00:00,22.4,61.2,282.0,9.3,6.6,53.0,30.3,76,1001.7,12.5,0.0,8,3,7,4,0.7999999999999972,4.5,3.703703703703698,7.9365079365079305
2026-07-03 09:00:00,24.1,65.7,262.0,8.3,6.5,58.0,31.3,71,1001.8,14.7,0.0,9,3,7,4,1.7000000000000028,4.5,7.589285714285721,7.352941176470584
2026-07-03 10:00:00,25.1,71.7,215.0,6.8,6.3,65.0,32.2,66,1002.1,15.6,0.0,10,3,7,4,1.0,6.0,4.149377593361003,9.1324200913242
2026-07-03 11:00:00,26.1,76.1,181.0,5.6,6.1,70.0,32.9,60,1002.3,15.5,0.0,11,3,7,4,1.0,4.3999999999999915,3.984063745019917,6.136680613668055
2026-07-03 12:00:00,26.1,73.6,178.0,5.0,5.9,72.0,32.6,62,1001.9,15.2,0.0,12,3,7,4,0.0,-2.5,0.0,-3.285151116951379
2026-07-03 13:00:00,26.6,76.6,188.0,4.8,5.6,73.0,32.8,62,1001.3,15.7,0.0,13,3,7,4,0.5,3.0,1.9157088122605304,4.0760869565217295
2026-07-03 14:00:00,24.6,67.8,200.0,4.8,5.4,72.0,32.8,61,1000.8,15.8,0.0,14,3,7,4,-2.0,-8.799999999999997,-7.518796992481203,-11.488250652741517
2026-07-03 15:00:00,23.6,65.2,215.0,5.1,5.3,69.0,32.5,64,1000.3,15.8,0.0,15,3,7,4,-1.0,-2.5999999999999943,-4.0650406504065035,-3.834808259587008
2026-07-03 16:00:00,22.4,60.5,233.0,5.7,5.2,65.0,32.2,65,999.8,15.3,0.0,16,3,7,4,-1.2000000000000028,-4.700000000000003,-5.084745762711873,-7.208588957055218
2026-07-03 17:00:00,28.1,78.2,242.0,7.0,5.7,65.0,31.7,66,999.4,14.7,0.0,17,3,7,4,5.700000000000003,17.700000000000003,25.44642857142858,29.256198347107443
2026-07-03 18:00:00,27.2,74.3,235.0,8.8,5.8,58.0,30.7,71,999.4,15.7,0.0,18,3,7,4,-0.9000000000000021,-3.9000000000000057,-3.20284697508898,-4.987212276214836
2026-07-03 19:00:00,26.1,67.8,219.0,11.2,5.9,49.0,30.1,74,999.9,14.5,0.0,19,3,7,4,-1.0999999999999979,-6.5,-4.044117647058821,-8.748317631224767
2026-07-03 20:00:00,26.0,64.0,203.0,12.7,5.9,42.0,29.9,75,1000.2,15.8,0.0,20,3,7,4,-0.10000000000000142,-3.799999999999997,-0.3831417624521105,-5.604719764011801
2026-07-03 21:00:00,25.2,61.0,191.0,12.4,5.8,41.0,29.7,78,1001.0,15.2,0.0,21,3,7,4,-0.8000000000000007,-3.0,-3.076923076923077,-4.6875
2026-07-03 22:00:00,22.3,54.0,178.0,11.2,5.6,43.0,29.5,79,1001.6,17.0,0.1,22,3,7,4,-2.8999999999999986,-7.0,-11.5079365079365,-11.475409836065575
2026-07-03 23:00:00,23.5,57.7,165.0,9.9,5.4,45.0,29.4,78,1001.6,17.2,0.0,23,3,7,4,1.1999999999999993,3.700000000000003,5.3811659192825045,6.8518518518518645
2026-07-04 00:00:00,22.6,53.7,148.0,8.7,5.1,47.0,29.2,80,1001.6,15.5,0.0,0,4,7,5,-0.8999999999999986,-4.0,-3.8297872340425476,-6.932409012131712
2026-07-04 01:00:00,22.6,52.9,131.0,7.4,4.9,49.0,29.0,81,1001.2,15.7,0.0,1,4,7,5,0.0,-0.8000000000000043,0.0,-1.4897579143389295
2026-07-04 02:00:00,21.1,47.1,119.0,6.4,4.7,51.0,28.9,82,1000.2,13.5,0.0,2,4,7,5,-1.5,-5.799999999999997,-6.63716814159292,-10.964083175803395
2026-07-04 03:00:00,20.5,46.0,112.0,5.8,4.7,52.0,28.7,82,999.7,14.6,0.0,3,4,7,5,-0.6000000000000014,-1.1000000000000014,-2.8436018957346043,-2.3354564755838636
2026-07-04 04:00:00,20.7,48.0,109.0,5.5,4.9,52.0,28.6,83,999.4,14.6,0.0,4,4,7,5,0.1999999999999993,2.0,0.9756097560975618,4.347826086956519
2026-07-04 05:00:00,21.4,51.9,121.0,5.4,5.0,53.0,29.0,80,999.2,13.5,0.0,5,4,7,5,0.6999999999999993,3.8999999999999986,3.3816425120772875,8.125000000000004
2026-07-04 06:00:00,22.6,55.2,161.0,6.5,5.2,53.0,29.0,81,999.8,14.9,0.0,6,4,7,5,1.2000000000000028,3.3000000000000043,5.6074766355140415,6.358381502890187
2026-07-04 07:00:00,25.4,68.9,214.0,8.0,5.4,54.0,29.4,79,1000.4,15.3,0.0,7,4,7,5,2.799999999999997,13.700000000000003,12.389380530973447,24.818840579710155
2026-07-04 08:00:00,31.2,88.0,246.0,8.7,5.6,56.0,30.2,75,1000.6,16.2,0.0,8,4,7,5,5.800000000000001,19.099999999999994,22.83464566929134,27.721335268505065
2026-07-04 09:00:00,34.3,100.4,236.0,7.8,5.6,61.0,30.9,71,1000.4,17.2,0.0,9,4,7,5,3.099999999999998,12.400000000000006,9.935897435897424,14.090909090909086
2026-07-04 10:00:00,35.9,108.3,206.0,6.1,5.5,68.0,32.1,65,999.9,16.2,0.0,10,4,7,5,1.6000000000000014,7.8999999999999915,4.664723032069973,7.868525896414336
2026-07-04 11:00:00,37.0,116.9,183.0,4.7,5.3,74.0,32.0,66,1000.4,16.8,0.0,11,4,7,5,1.1000000000000014,8.600000000000009,3.064066852367686,7.940904893813494
2026-07-04 12:00:00,37.5,119.2,178.0,3.9,5.1,78.0,32.0,66,999.8,16.7,0.0,12,4,7,5,0.5,2.299999999999997,1.3513513513513598,1.9674935842600494
2026-07-04 13:00:00,38.4,121.5,182.0,3.3,4.8,81.0,32.0,66,999.2,17.0,0.1,13,4,7,5,0.8999999999999986,2.299999999999997,2.400000000000002,1.9295302013422777
2026-07-04 14:00:00,34.8,108.5,190.0,3.3,4.7,82.0,32.1,67,998.3,17.5,0.0,14,4,7,5,-3.6000000000000014,-13.0,-9.375,-10.699588477366252
2026-07-04 15:00:00,33.8,104.5,207.0,4.0,4.8,79.0,32.3,67,997.8,17.6,0.0,15,4,7,5,-1.0,-4.0,-2.8735632183908066,-3.686635944700456
2026-07-04 16:00:00,33.6,105.2,230.0,5.2,5.1,73.0,31.9,69,997.2,16.8,0.0,16,4,7,5,-0.19999999999999574,0.7000000000000028,-0.5917159763313529,0.6698564593301537
2026-07-04 17:00:00,41.4,143.4,242.0,6.4,5.0,68.0,31.4,72,996.8,15.7,0.0,17,4,7,5,7.799999999999997,38.2,23.214285714285698,36.31178707224334
2026-07-04 18:00:00,39.8,132.7,236.0,8.8,5.3,61.0,30.7,75,996.8,14.7,0.0,18,4,7,5,-1.6000000000000014,-10.700000000000017,-3.8647342995169143,-7.461645746164591
2026-07-04 19:00:00,38.2,121.1,219.0,12.1,5.7,52.0,29.8,79,997.2,14.7,0.0,19,4,7,5,-1.5999999999999943,-11.599999999999994,-4.0201005025125465,-8.741522230595322
2026-07-04 20:00:00,36.8,106.9,203.0,14.3,5.9,46.0,29.5,81,997.9,13.5,0.0,20,4,7,5,-1.4000000000000057,-14.199999999999989,-3.664921465968596,-11.725846407927321
2026-07-04 21:00:00,33.6,99.7,191.0,14.3,5.9,45.0,29.2,82,998.6,15.9,0.0,21,4,7,5,-3.1999999999999957,-7.200000000000003,-8.695652173913038,-6.735266604303092
2026-07-04 22:00:00,35.4,104.1,180.0,13.2,5.8,46.0,29.2,83,998.9,15.4,0.1,22,4,7,5,1.7999999999999972,4.3999999999999915,5.357142857142838,4.413239719157458
2026-07-04 23:00:00,37.0,107.8,167.0,11.8,5.6,48.0,29.3,82,998.8,13.8,0.0,23,4,7,5,1.6000000000000014,3.700000000000003,4.519774011299438,3.5542747358309423
2026-07-05 00:00:00,34.6,96.4,148.0,10.3,5.3,49.0,29.0,84,998.7,13.4,0.0,0,5,7,6,-2.3999999999999986,-11.399999999999991,-6.486486486486487,-10.575139146567714
2026-07-05 01:00:00,31.4,86.1,128.0,8.5,4.9,50.0,28.7,86,998.2,13.3,0.0,1,5,7,6,-3.200000000000003,-10.300000000000011,-9.248554913294804,-10.68464730290457
2026-07-05 02:00:00,29.8,82.0,113.0,7.1,4.6,51.0,28.6,86,998.0,12.6,0.0,2,5,7,6,-1.5999999999999979,-4.099999999999994,-5.095541401273884,-4.761904761904756
2026-07-05 03:00:00,28.6,78.7,107.0,6.2,4.5,52.0,28.6,85,997.9,12.1,0.0,3,5,7,6,-1.1999999999999993,-3.299999999999997,-4.026845637583887,-4.024390243902431
2026-07-05 04:00:00,27.8,77.1,107.0,5.6,4.5,52.0,28.6,84,997.7,12.8,0.0,4,5,7,6,-0.8000000000000007,-1.6000000000000085,-2.7972027972028024,-2.0330368487928907
2026-07-05 05:00:00,30.3,84.5,115.0,4.8,4.3,56.0,28.4,87,997.2,11.9,0.0,5,5,7,6,2.5,7.400000000000006,8.992805755395693,9.59792477302206
2026-07-05 06:00:00,30.6,87.1,140.0,5.4,4.7,56.0,28.5,86,997.8,12.5,0.0,6,5,7,6,0.3000000000000007,2.5999999999999943,0.990099009900991,3.076923076923066
2026-07-05 07:00:00,32.4,99.0,174.0,6.1,5.2,57.0,28.9,83,997.9,13.7,0.0,7,5,7,6,1.7999999999999972,11.900000000000006,5.882352941176472,13.662456946039047
2026-07-05 08:00:00,36.7,114.1,194.0,6.3,5.6,60.0,29.9,77,997.9,15.5,0.0,8,5,7,6,4.300000000000004,15.099999999999994,13.271604938271619,15.25252525252525
2026-07-05 09:00:00,39.3,122.5,186.0,5.5,5.8,69.0,31.1,69,998.0,18.5,0.0,9,5,7,6,2.5999999999999943,8.400000000000006,7.08446866485013,7.361963190184051
2026-07-05 10:00:00,39.7,122.0,165.0,4.3,6.0,80.0,32.1,64,997.7,15.9,0.0,10,5,7,6,0.4000000000000057,-0.5,1.0178117048346147,-0.40816326530612734
2026-07-05 11:00:00,39.0,119.0,150.0,3.3,6.0,89.0,32.5,61,998.4,14.9,0.0,11,5,7,6,-0.7000000000000028,-3.0,-1.7632241813602123,-2.4590163934426257
2026-07-05 12:00:00,37.8,114.3,149.0,2.8,5.9,93.0,32.9,60,998.2,14.7,0.0,12,5,7,6,-1.2000000000000028,-4.700000000000003,-3.076923076923088,-3.94957983193277
2026-07-05 13:00:00,37.0,111.5,154.0,2.6,5.7,95.0,33.2,59,997.4,15.8,0.0,13,5,7,6,-0.7999999999999972,-2.799999999999997,-2.116402116402105,-2.4496937882764636
2026-07-05 14:00:00,36.7,110.4,161.0,2.7,5.5,93.0,33.2,60,996.7,16.1,0.0,14,5,7,6,-0.29999999999999716,-1.0999999999999943,-0.8108108108108025,-0.9865470852017832
2026-07-05 15:00:00,36.8,109.7,172.0,3.0,5.4,87.0,32.8,63,996.5,16.4,0.0,15,5,7,6,0.09999999999999432,-0.7000000000000028,0.27247956403269047,-0.63405797101449
2026-07-05 16:00:00,36.3,105.9,186.0,3.6,5.3,78.0,32.0,67,995.8,16.8,0.0,16,5,7,6,-0.5,-3.799999999999997,-1.3586956521739135,-3.4639927073837673
2026-07-05 17:00:00,46.8,134.1,192.0,4.4,5.2,71.0,31.9,68,995.7,15.4,0.0,17,5,7,6,10.5,28.19999999999999,28.925619834710737,26.62889518413596
2026-07-05 18:00:00,46.4,131.3,185.0,5.6,5.3,65.0,31.0,72,996.1,15.7,0.0,18,5,7,6,-0.3999999999999986,-2.799999999999983,-0.8547008547008517,-2.0879940343027426
2026-07-05 19:00:00,44.4,120.1,172.0,7.3,5.5,57.0,30.6,74,996.6,16.0,0.0,19,5,7,6,-2.0,-11.200000000000017,-4.31034482758621,-8.530083777608544
2026-07-05 20:00:00,42.7,110.6,160.0,8.8,5.7,50.0,30.2,76,997.4,16.0,0.1,20,5,7,6,-1.6999999999999957,-9.5,-3.828828828828823,-7.910074937552036
2026-07-05 21:00:00,41.3,102.4,154.0,9.9,5.9,47.0,29.8,80,997.9,12.9,0.0,21,5,7,6,-1.4000000000000057,-8.199999999999989,-3.2786885245901787,-7.414104882459305
2026-07-05 22:00:00,35.9,88.7,149.0,10.7,6.2,46.0,29.6,82,998.5,11.5,0.0,22,5,7,6,-5.399999999999999,-13.700000000000003,-13.075060532687644,-13.37890625
2026-07-05 23:00:00,34.0,83.6,143.0,11.0,6.3,46.0,29.8,80,998.3,11.0,0.0,23,5,7,6,-1.8999999999999986,-5.1000000000000085,-5.292479108635096,-5.749718151071037
2026-07-06 00:00:00,33.3,82.4,133.0,10.4,6.1,46.0,29.4,83,997.9,10.6,0.0,0,6,7,0,-0.7000000000000028,-1.1999999999999886,-2.0588235294117685,-1.4354066985645786
2026-07-06 01:00:00,32.4,78.9,121.0,9.3,5.7,46.0,29.0,86,997.3,9.2,0.0,1,6,7,0,-0.8999999999999986,-3.5,-2.7027027027026973,-4.247572815533984
2026-07-06 02:00:00,31.8,77.8,114.0,8.3,5.5,46.0,29.0,87,997.0,9.0,0.0,2,6,7,0,-0.5999999999999979,-1.1000000000000085,-1.851851851851849,-1.3941698352344822
2026-07-06 03:00:00,32.2,78.2,108.0,7.7,5.5,46.0,28.7,89,996.8,10.0,0.0,3,6,7,0,0.40000000000000213,0.4000000000000057,1.2578616352201255,0.5141388174807249
2026-07-06 04:00:00,40.7,103.6,105.0,7.3,5.7,46.0,28.6,90,996.8,9.6,0.0,4,6,7,0,8.5,25.39999999999999,26.39751552795031,32.48081841432224
2026-07-06 05:00:00,28.9,64.5,121.0,7.2,5.6,48.0,28.7,89,996.5,11.2,0.0,5,6,7,0,-11.800000000000004,-39.099999999999994,-28.992628992629,-37.74131274131274
2026-07-06 06:00:00,29.9,70.3,175.0,8.2,6.2,49.0,28.8,88,997.0,11.0,0.0,6,6,7,0,1.0,5.799999999999997,3.460207612456756,8.992248062015506
2026-07-06 07:00:00,34.2,93.8,247.0,9.5,7.1,51.0,29.2,86,997.7,10.3,0.0,7,6,7,0,4.300000000000004,23.5,14.381270903010046,33.42816500711238
2026-07-06 08:00:00,38.5,111.5,292.0,10.0,7.7,56.0,30.3,80,998.0,10.5,0.0,8,6,7,0,4.299999999999997,17.700000000000003,12.57309941520466,18.86993603411513
2026-07-06 09:00:00,43.1,126.7,281.0,8.7,8.0,68.0,31.6,72,998.1,12.0,0.0,9,6,7,0,4.600000000000001,15.200000000000003,11.948051948051951,13.632286995515708
2026-07-06 10:00:00,45.9,134.1,242.0,6.6,8.1,84.0,32.6,67,997.9,12.6,0.0,10,6,7,0,2.799999999999997,7.3999999999999915,6.49651972157772,5.840568271507496
2026-07-06 11:00:00,47.7,133.6,213.0,4.9,8.0,97.0,33.1,62,998.2,11.4,0.0,11,6,7,0,1.8000000000000043,-0.5,3.9215686274509887,-0.37285607755406236
2026-07-06 12:00:00,46.9,125.7,210.0,4.1,7.6,104.0,33.3,63,997.6,12.1,0.0,12,6,7,0,-0.8000000000000043,-7.8999999999999915,-1.6771488469601747,-5.913173652694603
2026-07-06 13:00:00,45.1,117.3,218.0,3.7,7.1,107.0,33.3,64,996.8,13.1,0.0,13,6,7,0,-1.7999999999999972,-8.400000000000006,-3.8379530916844318,-6.682577565632464
2026-07-06 14:00:00,42.0,106.9,228.0,3.8,6.7,106.0,33.2,66,996.2,14.4,0.0,14,6,7,0,-3.1000000000000014,-10.399999999999991,-6.873614190687361,-8.86615515771525
2026-07-06 15:00:00,38.4,95.9,240.0,4.5,6.6,99.0,32.6,69,995.7,14.2,0.0,15,6,7,0,-3.6000000000000014,-11.0,-8.571428571428575,-10.289990645463053
2026-07-06 16:00:00,35.0,85.7,254.0,5.6,6.6,89.0,32.1,70,995.5,13.0,0.0,16,6,7,0,-3.3999999999999986,-10.200000000000003,-8.854166666666663,-10.636079249217934
2026-07-06 17:00:00,42.6,110.8,262.0,8.0,7.5,91.0,31.8,72,995.1,13.3,0.0,17,6,7,0,7.600000000000001,25.099999999999994,21.714285714285708,29.2882147024504
2026-07-06 18:00:00,39.0,97.6,259.0,10.9,7.5,78.0,30.9,76,995.4,13.4,0.0,18,6,7,0,-3.6000000000000014,-13.200000000000003,-8.450704225352112,-11.913357400722024
2026-07-06 19:00:00,35.0,83.8,249.0,15.0,7.6,60.0,30.0,81,995.5,13.9,0.0,19,6,7,0,-4.0,-13.799999999999997,-10.256410256410254,-14.139344262295083
2026-07-06 20:00:00,30.4,69.6,239.0,18.6,7.8,46.0,29.8,81,995.9,12.8,0.0,20,6,7,0,-4.600000000000001,-14.200000000000003,-13.142857142857146,-16.945107398568027
2026-07-06 21:00:00,27.2,60.1,230.0,21.4,8.3,39.0,29.9,80,997.2,9.6,0.0,21,6,7,0,-3.1999999999999993,-9.499999999999993,-10.526315789473683,-13.649425287356308
2026-07-06 22:00:00,26.8,57.5,221.0,23.8,8.9,36.0,29.8,81,997.7,7.5,0.0,22,6,7,0,-0.3999999999999986,-2.6000000000000014,-1.4705882352941124,-4.326123128119807
2026-07-06 23:00:00,26.7,54.2,210.0,24.6,9.2,35.0,29.7,81,997.6,7.8,0.0,23,6,7,0,-0.10000000000000142,-3.299999999999997,-0.3731343283582156,-5.739130434782602
2026-07-07 00:00:00,27.3,54.4,195.0,23.0,8.9,36.0,29.3,83,997.4,6.2,0.0,0,7,7,1,0.6000000000000014,0.19999999999999574,2.2471910112359605,0.36900369003689537
2026-07-07 01:00:00,26.1,50.3,178.0,19.8,8.3,39.0,29.1,85,997.1,5.7,0.0,1,7,7,1,-1.1999999999999993,-4.100000000000001,-4.395604395604391,-7.5367647058823595
2026-07-07 02:00:00,24.7,47.0,165.0,17.0,7.8,42.0,28.8,87,996.9,2.9,0.0,2,7,7,1,-1.4000000000000021,-3.299999999999997,-5.363984674329513,-6.560636182902579
2026-07-07 03:00:00,23.5,43.4,152.0,15.1,7.7,44.0,28.5,88,996.3,5.6,0.0,3,7,7,1,-1.1999999999999993,-3.6000000000000014,-4.858299595141702,-7.659574468085106
2026-07-07 04:00:00,22.8,41.7,143.0,13.6,7.7,46.0,28.4,89,995.8,7.3,0.0,4,7,7,1,-0.6999999999999993,-1.6999999999999957,-2.9787234042553123,-3.9170506912442282
2026-07-07 05:00:00,24.4,48.3,155.0,14.0,8.2,45.0,28.7,91,997.3,9.7,0.0,5,7,7,1,1.5999999999999979,6.599999999999994,7.017543859649122,15.827338129496393
2026-07-07 06:00:00,25.0,49.5,211.0,13.5,8.2,51.0,28.6,92,997.5,8.4,0.0,6,7,7,1,0.6000000000000014,1.2000000000000028,2.459016393442637,2.4844720496894457
2026-07-07 07:00:00,27.9,60.3,288.0,12.7,8.1,59.0,29.4,87,997.8,9.6,0.0,7,7,7,1,2.8999999999999986,10.799999999999997,11.599999999999987,21.818181818181802
2026-07-07 08:00:00,28.1,63.3,336.0,11.6,8.1,69.0,30.2,83,997.6,11.2,0.0,8,7,7,1,0.20000000000000284,3.0,0.7168458781362075,4.975124378109452
2026-07-07 09:00:00,29.2,67.1,325.0,9.8,8.3,83.0,31.1,77,997.7,10.1,0.0,9,7,7,1,1.0999999999999979,3.799999999999997,3.9145907473309594,6.00315955766193
2026-07-07 10:00:00,31.1,69.8,285.0,7.5,8.5,100.0,32.2,71,997.5,10.4,0.0,10,7,7,1,1.9000000000000021,2.700000000000003,6.506849315068508,4.023845007451565
2026-07-07 11:00:00,31.3,68.5,254.0,5.8,8.6,112.0,32.8,67,997.5,11.4,0.0,11,7,7,1,0.1999999999999993,-1.2999999999999972,0.6430868167202508,-1.862464183381085
2026-07-07 12:00:00,31.2,67.5,247.0,4.9,8.4,118.0,33.5,65,996.8,10.3,0.0,12,7,7,1,-0.10000000000000142,-1.0,-0.31948881789137795,-1.4598540145985384
2026-07-07 13:00:00,30.4,65.9,250.0,4.4,8.1,120.0,33.7,66,996.3,11.3,0.0,13,7,7,1,-0.8000000000000007,-1.5999999999999943,-2.564102564102566,-2.370370370370367
2026-07-07 14:00:00,29.9,65.0,259.0,4.5,7.8,118.0,32.9,70,995.9,14.5,0.0,14,7,7,1,-0.5,-0.9000000000000057,-1.6447368421052655,-1.3657056145675361
2026-07-07 15:00:00,29.6,65.2,278.0,5.2,7.5,110.0,32.5,69,995.5,13.6,0.0,15,7,7,1,-0.29999999999999716,0.20000000000000284,-1.0033444816053394,0.3076923076923199
2026-07-07 16:00:00,29.3,64.5,303.0,6.5,7.1,97.0,32.2,70,995.0,11.8,0.0,16,7,7,1,-0.3000000000000007,-0.7000000000000028,-1.0135135135135198,-1.0736196319018454
2026-07-07 17:00:00,29.3,61.9,319.0,7.8,7.6,94.0,32.2,70,995.5,9.6,0.0,17,7,7,1,0.0,-2.6000000000000014,0.0,-4.031007751937987
2026-07-07 18:00:00,29.4,65.2,318.0,9.5,7.5,83.0,31.1,77,995.1,12.1,0.0,18,7,7,1,0.09999999999999787,3.3000000000000043,0.3412969283276279,5.331179321486279
2026-07-07 19:00:00,28.1,63.6,308.0,11.8,7.3,68.0,30.3,83,995.2,16.5,0.0,19,7,7,1,-1.2999999999999972,-1.6000000000000014,-4.421768707482987,-2.4539877300613466
2026-07-07 20:00:00,25.2,58.6,292.0,13.4,7.1,57.0,30.1,83,996.5,13.9,0.0,20,7,7,1,-2.900000000000002,-5.0,-10.320284697508908,-7.861635220125784
2026-07-07 21:00:00,25.4,59.6,270.0,13.8,7.0,53.0,30.0,84,996.9,11.6,0.0,21,7,7,1,0.1999999999999993,1.0,0.7936507936507908,1.7064846416382284
2026-07-07 22:00:00,24.2,51.1,242.0,13.5,6.9,52.0,29.7,85,997.6,9.8,0.0,22,7,7,1,-1.1999999999999993,-8.5,-4.7244094488189,-14.261744966442958
2026-07-07 23:00:00,24.1,49.5,214.0,12.7,6.7,52.0,29.7,84,997.6,11.4,0.0,23,7,7,1,-0.09999999999999787,-1.6000000000000014,-0.4132231404958553,-3.131115459882583
2026-07-08 00:00:00,23.7,46.9,185.0,11.4,6.3,52.0,29.4,86,997.1,11.4,0.0,0,8,7,2,-0.40000000000000213,-2.6000000000000014,-1.6597510373444035,-5.252525252525253
2026-07-08 01:00:00,23.6,46.9,156.0,9.6,5.8,53.0,29.3,85,996.7,10.9,0.0,1,8,7,2,-0.09999999999999787,0.0,-0.42194092827003704,0.0
2026-07-08 02:00:00,23.1,45.3,137.0,8.1,5.4,54.0,29.2,87,996.6,9.2,0.0,2,8,7,2,-0.5,-1.6000000000000014,-2.1186440677966045,-3.4115138592750616
2026-07-08 03:00:00,23.0,46.4,128.0,7.1,5.2,54.0,29.1,87,996.2,10.4,0.0,3,8,7,2,-0.10000000000000142,1.1000000000000014,-0.43290043290044045,2.428256070640189
2026-07-08 04:00:00,22.9,47.5,128.0,6.3,5.1,54.0,28.9,89,995.8,10.5,0.0,4,8,7,2,-0.10000000000000142,1.1000000000000014,-0.43478260869566077,2.37068965517242
2026-07-08 05:00:00,23.2,49.0,146.0,6.7,5.5,54.0,28.7,90,995.7,11.0,0.0,5,8,7,2,0.3000000000000007,1.5,1.310043668122285,3.157894736842115
2026-07-08 06:00:00,23.7,52.0,198.0,8.7,6.0,53.0,28.5,89,995.7,10.6,0.0,6,8,7,2,0.5,3.0,2.155172413793105,6.1224489795918435
2026-07-08 07:00:00,25.7,60.3,268.0,11.3,6.8,52.0,29.0,85,996.4,11.1,0.0,7,8,7,2,2.0,8.299999999999997,8.438818565400851,15.96153846153845
2026-07-08 08:00:00,28.4,74.0,310.0,12.6,7.3,55.0,30.0,78,996.9,11.9,0.0,8,8,7,2,2.6999999999999993,13.700000000000003,10.505836575875493,22.719734660033165
2026-07-08 09:00:00,32.5,87.1,299.0,11.1,7.4,67.0,31.3,71,997.2,10.8,0.0,9,8,7,2,4.100000000000001,13.099999999999994,14.436619718309874,17.702702702702688
2026-07-08 10:00:00,34.1,91.7,260.0,8.3,7.3,85.0,32.0,68,997.4,11.8,0.0,10,8,7,2,1.6000000000000014,4.6000000000000085,4.923076923076919,5.281285878300812
2026-07-08 11:00:00,35.0,94.5,229.0,5.9,7.0,97.0,32.0,68,997.3,15.5,0.0,11,8,7,2,0.8999999999999986,2.799999999999997,2.639296187683282,3.053435114503822
2026-07-08 12:00:00,34.9,93.4,217.0,4.7,6.5,101.0,32.1,68,997.3,16.6,0.0,12,8,7,2,-0.10000000000000142,-1.0999999999999943,-0.28571428571428914,-1.1640211640211562
2026-07-08 13:00:00,33.9,88.2,213.0,4.0,6.0,101.0,32.0,69,996.8,17.1,0.0,13,8,7,2,-1.0,-5.200000000000003,-2.865329512893988,-5.567451820128477
2026-07-08 14:00:00,32.8,82.2,217.0,3.9,5.5,98.0,32.1,69,996.3,18.0,0.0,14,8,7,2,-1.1000000000000014,-6.0,-3.2448377581120957,-6.802721088435371
2026-07-08 15:00:00,31.7,76.6,234.0,4.5,5.3,92.0,32.1,70,995.9,18.0,0.0,15,8,7,2,-1.0999999999999979,-5.6000000000000085,-3.3536585365853577,-6.812652068126535
2026-07-08 16:00:00,30.6,72.6,259.0,5.7,5.1,82.0,31.7,72,995.2,18.4,0.0,16,8,7,2,-1.0999999999999979,-4.0,-3.4700315457413144,-5.22193211488251
2026-07-08 17:00:00,37.5,89.9,272.0,7.5,5.2,72.0,31.2,74,995.4,19.4,0.0,17,8,7,2,6.899999999999999,17.30000000000001,22.549019607843125,23.829201101928387
2026-07-08 18:00:00,35.5,81.0,263.0,9.0,5.3,66.0,30.3,77,995.5,19.3,0.0,18,8,7,2,-2.0,-8.900000000000006,-5.333333333333334,-9.899888765294772
2026-07-08 19:00:00,30.9,67.5,242.0,11.1,5.4,58.0,29.6,80,995.8,18.2,0.0,19,8,7,2,-4.600000000000001,-13.5,-12.957746478873243,-16.666666666666664
2026-07-08 20:00:00,27.6,59.0,224.0,12.7,5.5,52.0,29.4,80,996.4,17.2,0.0,20,8,7,2,-3.299999999999997,-8.5,-10.679611650485432,-12.592592592592588
2026-07-08 21:00:00,26.5,53.1,214.0,13.4,5.7,49.0,29.1,82,997.3,15.6,0.0,21,8,7,2,-1.1000000000000014,-5.899999999999999,-3.985507246376818,-9.999999999999998
2026-07-08 22:00:00,25.6,51.9,207.0,13.5,5.9,48.0,29.0,82,998.2,15.0,0.0,22,8,7,2,-0.8999999999999986,-1.2000000000000028,-3.396226415094339,-2.259887005649719
2026-07-08 23:00:00,25.3,52.7,196.0,13.0,6.0,47.0,29.3,81,998.0,14.5,0.0,23,8,7,2,-0.3000000000000007,0.8000000000000043,-1.171875,1.5414258188824803
2026-07-09 00:00:00,24.8,53.1,177.0,11.6,5.7,47.0,28.9,83,997.7,15.1,0.1,0,9,7,3,-0.5,0.3999999999999986,-1.9762845849802368,0.7590132827324458
2026-07-09 01:00:00,23.7,52.3,155.0,9.5,5.3,48.0,28.9,83,997.7,15.6,0.1,1,9,7,3,-1.1000000000000014,-0.8000000000000043,-4.435483870967749,-1.5065913370998163
2026-07-09 02:00:00,22.6,51.7,138.0,7.7,4.9,48.0,28.5,88,997.2,13.9,0.0,2,9,7,3,-1.0999999999999979,-0.5999999999999943,-4.641350210970452,-1.1472275334607929
2026-07-09 03:00:00,21.5,50.6,126.0,6.4,4.7,48.0,28.4,88,997.3,13.5,0.0,3,9,7,3,-1.1000000000000014,-1.1000000000000014,-4.867256637168149,-2.127659574468088
2026-07-09 04:00:00,20.0,47.8,119.0,5.3,4.5,48.0,28.2,88,997.3,14.6,0.0,4,9,7,3,-1.5,-2.8000000000000043,-6.976744186046513,-5.5335968379446765
2026-07-09 05:00:00,20.2,48.3,128.0,5.4,4.5,50.0,28.5,87,997.6,15.2,0.0,5,9,7,3,0.1999999999999993,0.5,1.0000000000000009,1.0460251046025215
2026-07-09 06:00:00,19.4,46.2,169.0,6.5,4.7,49.0,28.4,87,998.0,15.4,0.0,6,9,7,3,-0.8000000000000007,-2.0999999999999943,-3.960396039603964,-4.347826086956507
2026-07-09 07:00:00,22.1,55.8,227.0,7.8,5.1,49.0,28.9,84,998.5,17.3,0.0,7,9,7,3,2.700000000000003,9.599999999999994,13.917525773195894,20.779220779220765
2026-07-09 08:00:00,24.1,61.7,261.0,8.4,5.3,51.0,29.7,78,998.9,18.2,0.1,8,9,7,3,2.0,5.900000000000006,9.049773755656098,10.573476702508966
2026-07-09 09:00:00,26.3,66.6,249.0,7.3,5.4,58.0,30.4,74,999.3,19.2,0.1,9,9,7,3,2.1999999999999993,4.8999999999999915,9.12863070539418,7.941653160453788
2026-07-09 10:00:00,26.3,66.6,213.0,5.4,5.4,67.0,31.0,71,999.4,19.5,0.0,10,9,7,3,0.0,0.0,0.0,0.0
2026-07-09 11:00:00,26.0,65.4,186.0,3.9,5.3,74.0,31.7,66,999.9,19.9,0.0,11,9,7,3,-0.3000000000000007,-1.1999999999999886,-1.1406844106463865,-1.8018018018017834
2026-07-09 12:00:00,25.5,64.3,179.0,3.3,5.2,77.0,31.8,64,999.8,19.9,0.0,12,9,7,3,-0.5,-1.1000000000000085,-1.9230769230769273,-1.6819571865443583
2026-07-09 13:00:00,26.6,67.8,181.0,3.0,5.1,78.0,32.0,64,999.6,19.7,0.0,13,9,7,3,1.1000000000000014,3.5,4.313725490196085,5.443234836702948
2026-07-09 14:00:00,26.7,67.3,187.0,3.2,5.0,77.0,31.8,64,999.4,20.2,0.0,14,9,7,3,0.09999999999999787,-0.5,0.3759398496240518,-0.7374631268436627
2026-07-09 15:00:00,25.3,61.5,198.0,3.8,4.9,73.0,31.5,67,999.3,21.4,0.0,15,9,7,3,-1.3999999999999986,-5.799999999999997,-5.243445692883886,-8.61812778603268
2026-07-09 16:00:00,24.7,57.0,214.0,4.7,4.9,68.0,31.0,68,999.0,20.7,0.0,16,9,7,3,-0.6000000000000014,-4.5,-2.371541501976293,-7.317073170731703
2026-07-09 17:00:00,29.0,67.8,224.0,6.2,5.2,63.0,30.8,67,999.0,19.9,0.0,17,9,7,3,4.300000000000001,10.799999999999997,17.40890688259109,18.947368421052623
2026-07-09 18:00:00,29.2,65.2,225.0,7.9,5.3,58.0,29.9,72,999.3,19.1,0.0,18,9,7,3,0.1999999999999993,-2.5999999999999943,0.6896551724137945,-3.834808259587008
2026-07-09 19:00:00,28.9,62.9,220.0,10.2,5.3,51.0,29.4,74,999.8,18.1,0.0,19,9,7,3,-0.3000000000000007,-2.3000000000000043,-1.0273972602739767,-3.527607361963192
2026-07-09 20:00:00,26.1,55.6,212.0,11.7,5.4,46.0,29.3,73,1000.4,17.6,0.0,20,9,7,3,-2.799999999999997,-7.299999999999997,-9.688581314878885,-11.605723370429244
2026-07-09 21:00:00,23.8,49.9,203.0,11.8,5.4,44.0,29.1,76,1000.8,19.6,0.0,21,9,7,3,-2.3000000000000007,-5.700000000000003,-8.812260536398476,-10.251798561151082
2026-07-09 22:00:00,23.3,49.5,191.0,11.0,5.4,44.0,28.9,77,1001.7,17.7,0.0,22,9,7,3,-0.5,-0.3999999999999986,-2.1008403361344574,-0.8016032064128265
2026-07-09 23:00:00,22.4,48.2,176.0,9.9,5.3,44.0,29.2,78,1001.5,17.2,0.1,23,9,7,3,-0.9000000000000021,-1.2999999999999972,-3.86266094420602,-2.626262626262621
2026-07-10 00:00:00,21.1,46.1,156.0,8.2,4.9,44.0,28.7,82,1001.5,18.3,0.0,0,10,7,4,-1.2999999999999972,-2.1000000000000014,-5.803571428571419,-4.356846473029052
2026-07-10 01:00:00,19.6,42.4,134.0,6.2,4.4,45.0,28.4,84,1001.3,17.3,0.0,1,10,7,4,-1.5,-3.700000000000003,-7.109004739336489,-8.026030368763559
2026-07-10 02:00:00,18.3,39.1,118.0,4.7,4.0,45.0,28.3,83,1000.8,16.9,0.0,2,10,7,4,-1.3000000000000007,-3.299999999999997,-6.632653061224492,-7.783018867924518
2026-07-10 03:00:00,17.1,36.1,109.0,4.1,3.9,45.0,28.3,83,1000.8,18.4,0.0,3,10,7,4,-1.1999999999999993,-3.0,-6.5573770491803245,-7.672634271099743
2026-07-10 04:00:00,16.2,34.0,106.0,4.0,4.0,44.0,28.1,84,1000.6,19.2,0.0,4,10,7,4,-0.9000000000000021,-2.1000000000000014,-5.2631578947368585,-5.8171745152354575
2026-07-10 05:00:00,15.7,31.9,117.0,4.2,3.9,45.0,28.5,83,1000.9,19.1,0.0,5,10,7,4,-0.5,-2.1000000000000014,-3.0864197530864224,-6.176470588235294
2026-07-10 06:00:00,15.4,31.7,156.0,5.4,4.1,45.0,28.3,83,1001.1,18.6,0.0,6,10,7,4,-0.29999999999999893,-0.1999999999999993,-1.9108280254776955,-0.6269592476489061
2026-07-10 07:00:00,16.5,34.8,209.0,6.9,4.5,44.0,28.6,81,1001.5,20.8,0.1,7,10,7,4,1.0999999999999996,3.099999999999998,7.14285714285714,9.779179810725536
2026-07-10 08:00:00,21.0,45.6,241.0,7.6,4.7,46.0,29.4,76,1002.3,21.8,0.1,8,10,7,4,4.5,10.800000000000004,27.27272727272727,31.034482758620708
2026-07-10 09:00:00,23.4,53.9,232.0,6.7,4.8,51.0,30.0,73,1002.5,22.4,0.1,9,10,7,4,2.3999999999999986,8.299999999999997,11.428571428571432,18.201754385964897
2026-07-10 10:00:00,23.4,55.1,202.0,5.0,4.8,58.0,30.4,71,1002.7,22.1,0.1,10,10,7,4,0.0,1.2000000000000028,0.0,2.226345083487935
2026-07-10 11:00:00,24.0,57.4,179.0,3.7,4.7,64.0,30.9,68,1002.9,22.2,0.1,11,10,7,4,0.6000000000000014,2.299999999999997,2.564102564102577,4.174228675136105
2026-07-10 12:00:00,24.9,60.8,172.0,3.1,4.6,68.0,30.9,67,1002.7,22.8,0.0,12,10,7,4,0.8999999999999986,3.3999999999999986,3.7499999999999867,5.923344947735187
2026-07-10 13:00:00,25.1,60.5,171.0,2.8,4.5,70.0,31.0,69,1002.4,23.5,0.1,13,10,7,4,0.20000000000000284,-0.29999999999999716,0.8032128514056325,-0.49342105263157077
2026-07-10 14:00:00,24.9,60.3,175.0,2.9,4.4,70.0,30.5,71,1001.8,23.3,0.0,14,10,7,4,-0.20000000000000284,-0.20000000000000284,-0.7968127490039945,-0.33057851239669533
2026-07-10 15:00:00,25.1,60.1,187.0,3.5,4.3,67.0,31.0,68,1001.3,23.7,0.1,15,10,7,4,0.20000000000000284,-0.19999999999999574,0.8032128514056325,-0.3316749585406287
2026-07-10 16:00:00,25.1,59.0,204.0,4.4,4.3,63.0,30.2,74,1001.1,23.7,0.0,16,10,7,4,0.0,-1.1000000000000014,0.0,-1.830282861896837
2026-07-10 17:00:00,33.1,80.1,215.0,5.3,4.2,61.0,30.6,70,1000.8,23.6,0.0,17,10,7,4,8.0,21.099999999999994,31.872509960159356,35.76271186440676
2026-07-10 18:00:00,32.9,76.8,213.0,6.2,4.3,58.0,29.9,74,1000.7,24.0,0.0,18,10,7,4,-0.20000000000000284,-3.299999999999997,-0.6042296072507614,-4.119850187265916
2026-07-10 19:00:00,32.6,74.3,204.0,7.5,4.3,54.0,29.3,77,1001.0,23.2,0.1,19,10,7,4,-0.29999999999999716,-2.5,-0.9118541033434568,-3.255208333333337
2026-07-10 20:00:00,31.2,68.9,195.0,8.4,4.4,51.0,29.0,80,1001.3,21.5,0.0,20,10,7,4,-1.4000000000000021,-5.3999999999999915,-4.294478527607371,-7.267833109017485
2026-07-10 21:00:00,29.6,63.6,191.0,8.9,4.5,49.0,28.6,83,1001.7,20.7,0.0,21,10,7,4,-1.5999999999999979,-5.300000000000004,-5.128205128205121,-7.692307692307699
2026-07-10 22:00:00,23.6,52.3,187.0,9.0,4.6,47.0,28.4,84,1002.3,20.1,0.0,22,10,7,4,-6.0,-11.300000000000004,-20.270270270270274,-17.767295597484278
2026-07-10 23:00:00,20.0,44.8,178.0,8.6,4.5,46.0,28.5,84,1001.7,19.0,0.0,23,10,7,4,-3.6000000000000014,-7.5,-15.254237288135597,-14.340344168260044
2026-07-11 00:00:00,18.2,41.2,158.0,7.3,4.2,47.0,28.3,85,1001.5,18.3,0.0,0,11,7,5,-1.8000000000000007,-3.5999999999999943,-9.000000000000007,-8.035714285714269
2026-07-11 01:00:00,16.8,38.5,132.0,5.5,3.7,48.0,28.1,85,1000.8,19.4,0.0,1,11,7,5,-1.3999999999999986,-2.700000000000003,-7.692307692307687,-6.553398058252435
2026-07-11 02:00:00,15.7,35.6,113.0,4.1,3.4,49.0,28.1,86,1000.3,21.7,0.0,2,11,7,5,-1.1000000000000014,-2.8999999999999986,-6.547619047619058,-7.532467532467524
2026-07-11 03:00:00,14.8,33.4,102.0,3.5,3.3,49.0,28.1,86,1000.1,21.9,0.0,3,11,7,5,-0.8999999999999986,-2.200000000000003,-5.732484076433108,-6.17977528089888
2026-07-11 04:00:00,14.3,32.0,99.0,3.3,3.3,48.0,28.1,86,1000.0,21.6,0.0,4,11,7,5,-0.5,-1.3999999999999986,-3.378378378378377,-4.191616766467066
2026-07-11 05:00:00,14.4,30.4,109.0,3.4,3.3,50.0,27.9,87,1000.0,23.1,0.0,5,11,7,5,0.09999999999999964,-1.6000000000000014,0.6993006993006867,-5.000000000000004
2026-07-11 06:00:00,14.8,31.9,148.0,4.5,3.5,49.0,27.9,87,1000.2,21.5,0.0,6,11,7,5,0.40000000000000036,1.5,2.77777777777779,4.9342105263157965
2026-07-11 07:00:00,16.5,37.0,202.0,6.1,3.7,47.0,28.3,84,1000.4,22.4,0.1,7,11,7,5,1.6999999999999993,5.100000000000001,11.486486486486491,15.987460815047028
2026-07-11 08:00:00,21.2,47.8,234.0,6.8,3.9,48.0,29.1,79,1000.7,24.0,0.1,8,11,7,5,4.699999999999999,10.799999999999997,28.48484848484849,29.18918918918918
2026-07-11 09:00:00,24.3,54.9,224.0,6.0,4.0,53.0,30.1,73,1000.8,23.9,0.1,9,11,7,5,3.1000000000000014,7.100000000000001,14.622641509433976,14.853556485355647
2026-07-11 10:00:00,25.3,59.6,193.0,4.5,4.1,60.0,30.6,70,1000.8,25.0,0.1,10,11,7,5,1.0,4.700000000000003,4.115226337448563,8.561020036429866
2026-07-11 11:00:00,26.0,63.6,169.0,3.3,4.2,66.0,30.7,70,1000.7,24.9,0.1,11,11,7,5,0.6999999999999993,4.0,2.7667984189723382,6.711409395973145
2026-07-11 12:00:00,26.5,66.4,164.0,2.8,4.2,70.0,31.0,69,1000.1,24.4,0.0,12,11,7,5,0.5,2.8000000000000043,1.9230769230769162,4.402515723270439
2026-07-11 13:00:00,26.7,68.0,166.0,2.7,4.1,72.0,31.1,68,999.5,23.2,0.0,13,11,7,5,0.1999999999999993,1.5999999999999943,0.7547169811320753,2.409638554216853
2026-07-11 14:00:00,26.3,67.5,173.0,2.9,4.1,72.0,30.8,70,999.0,23.3,0.1,14,11,7,5,-0.3999999999999986,-0.5,-1.4981273408239626,-0.7352941176470562
2026-07-11 15:00:00,25.8,66.4,187.0,3.6,4.1,69.0,30.6,72,998.6,24.1,0.1,15,11,7,5,-0.5,-1.0999999999999943,-1.9011406844106515,-1.6296296296296253
2026-07-11 16:00:00,25.1,62.9,206.0,4.7,4.0,64.0,30.4,73,998.1,24.0,0.1,16,11,7,5,-0.6999999999999993,-3.500000000000007,-2.713178294573637,-5.271084337349407
2026-07-11 17:00:00,27.6,74.5,220.0,5.5,3.8,59.0,30.2,73,997.8,24.1,0.1,17,11,7,5,2.5,11.600000000000001,9.960159362549792,18.44197138314785
2026-07-11 18:00:00,26.1,64.3,226.0,6.9,3.9,56.0,29.7,76,997.9,22.4,0.0,18,11,7,5,-1.5,-10.200000000000003,-5.434782608695654,-13.691275167785244
2026-07-11 19:00:00,25.7,58.8,228.0,8.8,4.1,52.0,28.9,82,997.7,19.5,0.0,19,11,7,5,-0.40000000000000213,-5.5,-1.532567049808442,-8.55365474339036
2026-07-11 20:00:00,19.7,43.5,228.0,10.1,4.3,49.0,28.5,85,998.0,17.2,0.0,20,11,7,5,-6.0,-15.299999999999997,-23.34630350194553,-26.02040816326531
2026-07-11 21:00:00,18.2,40.0,228.0,10.1,4.4,48.0,28.5,85,998.8,16.1,0.0,21,11,7,5,-1.5,-3.5,-7.614213197969544,-8.045977011494255
2026-07-11 22:00:00,17.9,41.1,225.0,9.5,4.5,48.0,28.4,85,999.3,14.2,0.0,22,11,7,5,-0.3000000000000007,1.1000000000000014,-1.6483516483516536,2.750000000000008
2026-07-11 23:00:00,17.2,38.4,214.0,8.6,4.4,49.0,28.8,83,998.7,15.9,0.0,23,11,7,5,-0.6999999999999993,-2.700000000000003,-3.9106145251396662,-6.569343065693434
2026-07-12 00:00:00,17.5,39.6,186.0,7.3,4.1,50.0,28.5,85,998.2,16.7,0.0,0,12,7,6,0.3000000000000007,1.2000000000000028,1.744186046511631,3.125
2026-07-12 01:00:00,17.6,41.8,149.0,5.7,3.6,51.0,28.4,85,997.6,17.4,0.0,1,12,7,6,0.10000000000000142,2.1999999999999957,0.5714285714285783,5.555555555555536
2026-07-12 02:00:00,17.3,41.9,122.0,4.5,3.3,52.0,28.3,85,996.9,17.2,0.0,2,12,7,6,-0.3000000000000007,0.10000000000000142,-1.7045454545454586,0.23923444976077235
2026-07-12 03:00:00,17.1,41.7,109.0,3.9,3.2,52.0,28.1,86,996.4,16.4,0.0,3,12,7,6,-0.1999999999999993,-0.19999999999999574,-1.1560693641618491,-0.4773269689737347
2026-07-12 04:00:00,17.2,42.7,106.0,3.7,3.2,51.0,28.1,85,995.8,16.3,0.0,4,12,7,6,0.09999999999999787,1.0,0.5847953216374213,2.3980815347721895
2026-07-12 05:00:00,18.3,45.6,114.0,3.8,3.2,52.0,28.4,85,995.1,18.8,0.0,5,12,7,6,1.1000000000000014,2.8999999999999986,6.395348837209314,6.791569086651039
2026-07-12 06:00:00,18.6,47.3,143.0,4.8,3.6,51.0,28.4,85,995.4,18.3,0.0,6,12,7,6,0.3000000000000007,1.6999999999999957,1.6393442622950838,3.7280701754385914
2026-07-12 07:00:00,19.0,48.3,183.0,6.1,4.1,50.0,28.9,83,995.6,15.9,0.0,7,12,7,6,0.3999999999999986,1.0,2.1505376344086002,2.114164904862581
2026-07-12 08:00:00,23.1,61.5,206.0,6.6,4.5,51.0,29.9,78,995.7,19.0,0.0,8,12,7,6,4.100000000000001,13.200000000000003,21.578947368421055,27.329192546583858
2026-07-12 09:00:00,26.0,72.4,196.0,5.6,4.6,57.0,30.8,74,995.8,19.7,0.0,9,12,7,6,2.8999999999999986,10.900000000000006,12.554112554112539,17.72357723577236
2026-07-12 10:00:00,26.9,76.1,170.0,3.8,4.5,65.0,31.6,71,995.4,19.7,0.0,10,12,7,6,0.8999999999999986,3.6999999999999886,3.4615384615384492,5.110497237569045
2026-07-12 11:00:00,26.9,75.2,151.0,2.5,4.4,71.0,31.5,71,995.6,22.6,0.0,11,12,7,6,0.0,-0.8999999999999915,0.0,-1.1826544021024898
2026-07-12 12:00:00,26.8,74.3,147.0,2.1,4.4,75.0,32.2,67,995.2,20.3,0.0,12,12,7,6,-0.09999999999999787,-0.9000000000000057,-0.3717472118959009,-1.196808510638303
2026-07-12 13:00:00,27.2,74.3,150.0,2.2,4.3,77.0,32.8,66,994.8,20.1,0.0,13,12,7,6,0.3999999999999986,0.0,1.4925373134328401,0.0
2026-07-12 14:00:00,27.9,74.7,156.0,2.5,4.3,77.0,32.8,66,994.3,20.4,0.0,14,12,7,6,0.6999999999999993,0.4000000000000057,2.5735294117646967,0.5383580080753791
2026-07-12 15:00:00,29.0,76.8,167.0,3.0,4.2,76.0,32.6,65,993.8,21.1,0.0,15,12,7,6,1.1000000000000014,2.0999999999999943,3.942652329749108,2.8112449799196693
2026-07-12 16:00:00,29.4,76.1,182.0,3.8,4.2,73.0,32.2,67,993.4,19.7,0.0,16,12,7,6,0.3999999999999986,-0.7000000000000028,1.379310344827589,-0.911458333333337
2026-07-12 17:00:00,30.6,82.4,194.0,4.9,4.3,69.0,31.3,71,993.9,17.8,0.0,17,12,7,6,1.2000000000000028,6.300000000000011,4.081632653061229,8.278580814717484
2026-07-12 18:00:00,31.5,86.6,202.0,6.9,4.5,64.0,30.4,74,994.2,16.6,0.0,18,12,7,6,0.8999999999999986,4.199999999999989,2.941176470588225,5.097087378640763
2026-07-12 19:00:00,33.5,93.6,207.0,9.6,4.8,56.0,29.7,77,994.8,13.8,0.0,19,12,7,6,2.0,7.0,6.349206349206349,8.083140877598161
2026-07-12 20:00:00,32.2,87.8,208.0,11.2,5.0,51.0,29.4,79,995.5,13.4,0.0,20,12,7,6,-1.2999999999999972,-5.799999999999997,-3.880597014925369,-6.196581196581197
2026-07-12 21:00:00,31.0,91.7,203.0,10.8,4.9,49.0,29.1,80,996.2,15.7,0.0,21,12,7,6,-1.2000000000000028,3.9000000000000057,-3.7267080745341685,4.441913439635536
2026-07-12 22:00:00,29.6,89.9,194.0,9.3,4.6,49.0,29.0,80,996.6,15.1,0.0,22,12,7,6,-1.3999999999999986,-1.7999999999999972,-4.516129032258065,-1.9629225736095934
2026-07-12 23:00:00,26.3,79.4,181.0,7.7,4.3,50.0,29.4,78,996.9,15.8,0.0,23,12,7,6,-3.3000000000000007,-10.5,-11.148648648648651,-11.679644048943272
2026-07-13 00:00:00,21.4,63.8,160.0,6.3,3.9,51.0,29.1,80,996.8,14.9,0.0,0,13,7,0,-4.900000000000002,-15.600000000000009,-18.63117870722434,-19.647355163727966
2026-07-13 01:00:00,16.7,47.6,135.0,4.8,3.4,52.0,29.0,80,996.9,14.2,0.0,1,13,7,0,-4.699999999999999,-16.199999999999996,-21.962616822429904,-25.391849529780565
2026-07-13 02:00:00,14.0,38.0,116.0,3.7,3.1,52.0,28.9,79,996.2,16.3,0.0,2,13,7,0,-2.6999999999999993,-9.600000000000001,-16.167664670658677,-20.168067226890763
2026-07-13 03:00:00,13.2,34.0,103.0,3.1,3.0,52.0,28.8,79,995.9,16.7,0.0,3,13,7,0,-0.8000000000000007,-4.0,-5.714285714285716,-10.526315789473683
2026-07-13 04:00:00,13.2,32.8,97.0,2.9,3.0,51.0,28.8,79,995.8,17.6,0.0,4,13,7,0,0.0,-1.2000000000000028,0.0,-3.529411764705892
2026-07-13 05:00:00,19.4,50.8,109.0,3.2,2.9,52.0,28.8,80,996.3,15.5,0.0,5,13,7,0,6.199999999999999,18.0,46.96969696969697,54.87804878048781
2026-07-13 06:00:00,17.6,45.2,159.0,5.5,3.5,49.0,28.7,81,996.6,15.5,0.0,6,13,7,0,-1.7999999999999972,-5.599999999999994,-9.278350515463906,-11.023622047244086
2026-07-13 07:00:00,19.7,49.4,228.0,8.5,4.4,46.0,29.1,79,997.3,14.2,0.0,7,13,7,0,2.099999999999998,4.199999999999996,11.931818181818166,9.29203539823007
2026-07-13 08:00:00,22.4,55.3,268.0,10.0,5.0,46.0,30.0,73,997.8,17.3,0.0,8,13,7,0,2.6999999999999993,5.899999999999999,13.705583756345185,11.943319838056677
2026-07-13 09:00:00,23.6,62.2,252.0,8.6,5.1,52.0,30.7,70,998.2,18.7,0.0,9,13,7,0,1.2000000000000028,6.900000000000006,5.35714285714286,12.477396021699839
2026-07-13 10:00:00,23.9,62.9,208.0,5.6,4.9,61.0,31.3,67,998.4,19.4,0.0,10,13,7,0,0.29999999999999716,0.6999999999999957,1.2711864406779627,1.12540192926045
2026-07-13 11:00:00,24.0,64.3,174.0,3.4,4.7,68.0,31.9,66,999.1,19.5,0.0,11,13,7,0,0.10000000000000142,1.3999999999999986,0.4184100418409997,2.225755166931642
2026-07-13 12:00:00,23.4,59.6,164.0,2.7,4.6,70.0,31.9,66,999.2,20.4,0.0,12,13,7,0,-0.6000000000000014,-4.699999999999996,-2.500000000000002,-7.309486780715391
2026-07-13 13:00:00,22.9,54.9,165.0,2.6,4.4,69.0,31.7,67,999.1,22.4,0.0,13,13,7,0,-0.5,-4.700000000000003,-2.1367521367521403,-7.885906040268464
2026-07-13 14:00:00,22.4,52.0,171.0,3.0,4.3,67.0,31.4,68,998.8,22.4,0.0,14,13,7,0,-0.5,-2.8999999999999986,-2.183406113537123,-5.282331511839711
2026-07-13 15:00:00,21.8,49.5,186.0,3.8,4.2,63.0,31.1,69,998.5,22.7,0.0,15,13,7,0,-0.5999999999999979,-2.5,-2.678571428571419,-4.807692307692313
2026-07-13 16:00:00,21.0,45.4,207.0,4.9,4.1,58.0,30.6,71,998.1,22.1,0.1,16,13,7,0,-0.8000000000000007,-4.100000000000001,-3.669724770642202,-8.28282828282828
2026-07-13 17:00:00,32.0,77.1,221.0,6.2,4.0,52.0,30.2,73,998.2,21.6,0.1,17,13,7,0,11.0,31.699999999999996,52.38095238095237,69.8237885462555
2026-07-13 18:00:00,31.5,73.3,221.0,7.3,4.1,49.0,29.5,76,998.5,21.0,0.1,18,13,7,0,-0.5,-3.799999999999997,-1.5625,-4.928664072632937
2026-07-13 19:00:00,30.7,68.5,214.0,8.7,4.3,45.0,28.9,78,999.2,21.8,0.3,19,13,7,0,-0.8000000000000007,-4.799999999999997,-2.5396825396825418,-6.548431105047747
2026-07-13 20:00:00,28.7,60.1,205.0,9.6,4.4,42.0,28.4,81,999.9,21.1,0.4,20,13,7,0,-2.0,-8.399999999999999,-6.514657980456029,-12.26277372262774
2026-07-13 21:00:00,22.2,46.8,195.0,9.5,4.5,41.0,28.3,81,1000.6,20.6,0.2,21,13,7,0,-6.5,-13.300000000000004,-22.64808362369338,-22.129783693843596
2026-07-13 22:00:00,20.1,43.9,184.0,8.7,4.5,41.0,28.0,83,1001.2,19.3,0.0,22,13,7,0,-2.099999999999998,-2.8999999999999986,-9.459459459459453,-6.196581196581197
2026-07-13 23:00:00,19.8,45.2,170.0,7.9,4.5,41.0,28.3,84,1000.9,16.8,0.1,23,13,7,0,-0.3000000000000007,1.3000000000000043,-1.4925373134328401,2.9612756264236983
2026-07-14 00:00:00,19.4,44.2,151.0,7.0,4.3,41.0,28.0,86,1000.9,15.6,0.0,0,14,7,1,-0.40000000000000213,-1.0,-2.020202020202033,-2.212389380530977
2026-07-14 01:00:00,19.2,46.2,130.0,5.9,4.1,42.0,27.9,87,1000.4,16.9,0.0,1,14,7,1,-0.1999999999999993,2.0,-1.0309278350515427,4.52488687782806
2026-07-14 02:00:00,19.0,46.8,115.0,5.1,3.9,42.0,27.7,88,1000.0,17.1,0.1,2,14,7,1,-0.1999999999999993,0.5999999999999943,-1.041666666666663,1.298701298701288
2026-07-14 03:00:00,18.2,44.1,106.0,4.6,3.8,42.0,27.7,87,999.5,18.1,0.0,3,14,7,1,-0.8000000000000007,-2.6999999999999957,-4.210526315789476,-5.769230769230759
2026-07-14 04:00:00,17.8,45.1,104.0,4.3,3.9,42.0,27.5,88,999.5,17.5,0.0,4,14,7,1,-0.3999999999999986,1.0,-2.19780219780219,2.26757369614512
2026-07-14 05:00:00,17.9,44.8,118.0,4.7,4.0,43.0,27.8,88,999.6,16.7,0.0,5,14,7,1,0.09999999999999787,-0.30000000000000426,0.561797752808979,-0.6651884700665245
2026-07-14 06:00:00,17.2,43.7,164.0,6.4,4.4,41.0,27.8,87,999.9,17.2,0.0,6,14,7,1,-0.6999999999999993,-1.0999999999999943,-3.9106145251396662,-2.4553571428571286
2026-07-14 07:00:00,18.4,48.1,226.0,8.7,4.9,39.0,28.1,84,1000.3,18.6,0.1,7,14,7,1,1.1999999999999993,4.399999999999999,6.976744186046502,10.068649885583515
2026-07-14 08:00:00,20.7,54.7,264.0,9.8,5.3,40.0,28.7,81,1000.7,19.7,0.2,8,14,7,1,2.3000000000000007,6.600000000000001,12.5,13.721413721413732
2026-07-14 09:00:00,22.2,59.6,254.0,8.6,5.4,46.0,29.4,77,1001.0,19.2,0.2,9,14,7,1,1.5,4.899999999999999,7.246376811594213,8.957952468007303
2026-07-14 10:00:00,23.2,65.0,221.0,6.3,5.4,56.0,29.6,77,1001.5,19.9,0.2,10,14,7,1,1.0,5.399999999999999,4.504504504504503,9.060402684563762
2026-07-14 11:00:00,26.1,78.9,195.0,4.6,5.3,62.0,30.3,72,1001.6,19.7,0.2,11,14,7,1,2.900000000000002,13.900000000000006,12.5,21.3846153846154
2026-07-14 12:00:00,30.6,98.7,187.0,4.2,5.2,63.0,30.7,71,1001.5,19.6,0.2,12,14,7,1,4.5,19.799999999999997,17.24137931034482,25.095057034220524
2026-07-14 13:00:00,22.9,64.5,187.0,4.5,5.1,61.0,30.8,71,1001.3,19.2,0.2,13,14,7,1,-7.700000000000003,-34.2,-25.163398692810468,-34.650455927051674
2026-07-14 14:00:00,22.2,61.9,194.0,5.0,5.0,59.0,30.5,73,1000.9,19.4,0.1,14,14,7,1,-0.6999999999999993,-2.6000000000000014,-3.056768558951961,-4.031007751937987
2026-07-14 15:00:00,21.9,60.8,213.0,5.5,4.9,56.0,30.2,73,1000.6,19.7,0.2,15,14,7,1,-0.3000000000000007,-1.1000000000000014,-1.3513513513513598,-1.7770597738287597
2026-07-14 16:00:00,21.5,57.4,238.0,6.3,4.8,53.0,29.7,74,1000.5,20.4,0.3,16,14,7,1,-0.3999999999999986,-3.3999999999999986,-1.826484018264829,-5.592105263157887
2026-07-14 17:00:00,24.4,65.9,255.0,8.2,5.0,48.0,30.0,72,1000.2,19.0,0.4,17,14,7,1,2.8999999999999986,8.500000000000007,13.488372093023248,14.808362369338003
2026-07-14 18:00:00,25.8,68.2,256.0,10.4,5.3,44.0,29.1,77,1000.4,17.0,0.2,18,14,7,1,1.4000000000000021,2.299999999999997,5.737704918032804,3.490136570561453
2026-07-14 19:00:00,23.8,55.8,247.0,13.3,5.8,39.0,28.7,79,1000.7,16.4,0.1,19,14,7,1,-2.0,-12.400000000000006,-7.751937984496127,-18.181818181818187
2026-07-14 20:00:00,20.8,48.2,236.0,15.1,6.1,36.0,28.3,84,1000.8,18.5,0.1,20,14,7,1,-3.0,-7.599999999999994,-12.605042016806722,-13.62007168458781
2026-07-14 21:00:00,19.0,39.9,223.0,14.9,6.1,35.0,28.1,84,1001.7,16.3,0.0,21,14,7,1,-1.8000000000000007,-8.300000000000004,-8.653846153846157,-17.21991701244814
2026-07-14 22:00:00,18.6,41.1,208.0,13.5,6.0,36.0,28.2,81,1002.4,15.3,0.0,22,14,7,1,-0.3999999999999986,1.2000000000000028,-2.1052631578947323,3.007518796992481
2026-07-14 23:00:00,18.7,43.0,190.0,11.9,5.8,37.0,28.4,80,1002.0,14.8,0.0,23,14,7,1,0.09999999999999787,1.8999999999999986,0.5376344086021501,4.622871046228716
2026-07-15 00:00:00,18.2,42.4,167.0,10.0,5.4,38.0,28.2,80,1002.1,14.8,0.0,0,15,7,2,-0.5,-0.6000000000000014,-2.67379679144385,-1.3953488372093092
2026-07-15 01:00:00,17.4,41.3,142.0,7.8,4.9,40.0,27.9,81,1001.9,15.0,0.0,1,15,7,2,-0.8000000000000007,-1.1000000000000014,-4.395604395604402,-2.594339622641517
2026-07-15 02:00:00,16.7,39.9,125.0,6.2,4.5,41.0,27.6,85,1001.3,16.1,0.0,2,15,7,2,-0.6999999999999993,-1.3999999999999986,-4.0229885057471275,-3.3898305084745783
2026-07-15 03:00:00,16.2,38.2,116.0,5.4,4.4,41.0,27.6,86,1001.1,15.7,0.0,3,15,7,2,-0.5,-1.6999999999999957,-2.9940119760479056,-4.260651629072676
2026-07-15 04:00:00,15.9,37.1,115.0,5.1,4.5,41.0,27.4,87,1000.8,14.0,0.0,4,15,7,2,-0.29999999999999893,-1.1000000000000014,-1.851851851851849,-2.8795811518324665
2026-07-15 05:00:00,15.2,32.6,129.0,5.9,4.8,40.0,28.0,84,1001.1,13.0,0.0,5,15,7,2,-0.7000000000000011,-4.5,-4.402515723270451,-12.129380053908356
2026-07-15 06:00:00,15.7,34.0,176.0,7.6,5.3,39.0,28.0,81,1000.9,13.2,0.0,6,15,7,2,0.5,1.3999999999999986,3.289473684210531,4.294478527607359
2026-07-15 07:00:00,17.3,38.9,238.0,9.8,6.0,38.0,28.3,79,1001.5,13.8,0.0,7,15,7,2,1.6000000000000014,4.899999999999999,10.19108280254779,14.411764705882346
2026-07-15 08:00:00,18.2,43.9,276.0,10.8,6.5,39.0,29.0,74,1001.7,15.9,0.0,8,15,7,2,0.8999999999999986,5.0,5.2023121387283044,12.85347043701799
2026-07-15 09:00:00,21.1,51.6,264.0,9.6,6.5,46.0,29.7,71,1002.1,15.9,0.1,9,15,7,2,2.900000000000002,7.700000000000003,15.934065934065945,17.539863325740335
2026-07-15 10:00:00,21.8,54.0,227.0,7.2,6.2,55.0,30.4,68,1002.3,15.7,0.1,10,15,7,2,0.6999999999999993,2.3999999999999986,3.3175355450236976,4.6511627906976605
2026-07-15 11:00:00,23.0,57.4,199.0,5.3,5.9,62.0,30.9,66,1002.5,16.4,0.2,11,15,7,2,1.1999999999999993,3.3999999999999986,5.504587155963292,6.296296296296289
2026-07-15 12:00:00,28.9,79.6,192.0,4.5,5.8,65.0,30.7,68,1002.3,16.5,0.1,12,15,7,2,5.899999999999999,22.199999999999996,25.652173913043463,38.6759581881533
2026-07-15 13:00:00,23.9,58.4,195.0,4.3,5.7,66.0,30.9,68,1002.0,17.1,0.0,13,15,7,2,-5.0,-21.199999999999996,-17.301038062283737,-26.63316582914572
2026-07-15 14:00:00,23.9,56.9,203.0,4.5,5.6,65.0,31.0,67,1001.5,16.2,0.0,14,15,7,2,0.0,-1.5,0.0,-2.568493150684936
2026-07-15 15:00:00,24.2,57.3,221.0,5.3,5.5,61.0,30.7,67,1001.5,15.9,0.1,15,15,7,2,0.3000000000000007,0.3999999999999986,1.2552301255230214,0.7029876977152849
2026-07-15 16:00:00,25.1,59.8,245.0,6.7,5.5,55.0,30.2,69,1001.2,15.5,0.1,16,15,7,2,0.9000000000000021,2.5,3.7190082644628086,4.363001745200701
2026-07-15 17:00:00,32.6,83.8,261.0,7.0,5.5,54.0,30.5,68,1001.4,15.5,0.2,17,15,7,2,7.5,24.0,29.880478087649397,40.13377926421404
2026-07-15 18:00:00,31.4,78.5,263.0,9.0,5.8,50.0,29.7,72,1001.4,13.8,0.1,18,15,7,2,-1.2000000000000028,-5.299999999999997,-3.6809815950920366,-6.3245823389021405
2026-07-15 19:00:00,31.3,77.3,257.0,11.7,6.3,43.0,29.1,76,1001.5,13.7,0.0,19,15,7,2,-0.09999999999999787,-1.2000000000000028,-0.31847133757960666,-1.5286624203821653
2026-07-15 20:00:00,28.4,67.8,248.0,14.1,6.7,38.0,28.6,79,1001.9,13.6,0.0,20,15,7,2,-2.900000000000002,-9.5,-9.26517571884985,-12.28978007761966
2026-07-15 21:00:00,27.1,62.2,239.0,16.1,7.2,35.0,28.2,82,1002.4,12.5,0.0,21,15,7,2,-1.2999999999999972,-5.599999999999994,-4.577464788732389,-8.259587020648961
2026-07-15 22:00:00,25.2,56.0,226.0,17.7,7.6,32.0,28.0,83,1002.9,13.1,0.1,22,15,7,2,-1.9000000000000021,-6.200000000000003,-7.011070110701112,-9.967845659163988
2026-07-15 23:00:00,24.0,51.3,210.0,18.1,7.8,31.0,28.1,83,1003.2,11.2,0.1,23,15,7,2,-1.1999999999999993,-4.700000000000003,-4.761904761904756,-8.392857142857146
2026-07-16 00:00:00,22.8,48.3,185.0,16.4,7.4,32.0,27.9,84,1003.1,9.9,0.0,0,16,7,3,-1.1999999999999993,-3.0,-4.999999999999993,-5.847953216374268
2026-07-16 01:00:00,21.5,45.9,156.0,13.6,6.6,34.0,27.7,85,1003.0,9.2,0.0,1,16,7,3,-1.3000000000000007,-2.3999999999999986,-5.701754385964919,-4.968944099378881
2026-07-16 02:00:00,20.3,43.4,136.0,11.4,6.2,35.0,27.5,85,1002.6,9.2,0.0,2,16,7,3,-1.1999999999999993,-2.5,-5.581395348837203,-5.446623093681913
2026-07-16 03:00:00,19.4,41.7,125.0,10.8,6.3,34.0,27.2,87,1002.4,9.5,0.0,3,16,7,3,-0.9000000000000021,-1.6999999999999957,-4.4334975369458185,-3.9170506912442282
2026-07-16 04:00:00,18.7,39.8,122.0,10.8,6.7,32.0,27.3,87,1002.1,10.0,0.0,4,16,7,3,-0.6999999999999993,-1.9000000000000057,-3.6082474226804107,-4.556354916067162
2026-07-16 05:00:00,17.9,35.6,139.0,9.7,6.7,34.0,27.5,89,1002.3,9.6,0.0,5,16,7,3,-0.8000000000000007,-4.199999999999996,-4.278074866310167,-10.552763819095468
2026-07-16 06:00:00,17.5,36.0,195.0,10.1,7.0,35.0,27.3,90,1002.8,9.2,0.0,6,16,7,3,-0.3999999999999986,0.3999999999999986,-2.2346368715083775,1.1235955056179803
2026-07-16 07:00:00,18.6,42.4,270.0,10.7,7.4,37.0,27.3,90,1003.3,11.3,0.1,7,16,7,3,1.1000000000000014,6.399999999999999,6.2857142857142945,17.777777777777782
2026-07-16 08:00:00,18.0,44.0,314.0,10.5,7.6,41.0,28.6,82,1003.6,12.9,0.1,8,16,7,3,-0.6000000000000014,1.6000000000000014,-3.2258064516129115,3.7735849056603765
2026-07-16 09:00:00,18.3,47.4,296.0,9.0,7.3,48.0,29.6,75,1003.8,13.2,0.0,9,16,7,3,0.3000000000000007,3.3999999999999986,1.6666666666666607,7.727272727272716
2026-07-16 10:00:00,19.2,52.5,247.0,6.7,6.8,58.0,30.2,71,1003.9,14.4,0.1,10,16,7,3,0.8999999999999986,5.100000000000001,4.918032786885229,10.759493670886089
2026-07-16 11:00:00,20.7,59.3,210.0,5.0,6.4,65.0,31.1,66,1004.0,13.3,0.2,11,16,7,3,1.5,6.799999999999997,7.8125,12.952380952380938
2026-07-16 12:00:00,21.6,61.7,200.0,4.3,6.3,69.0,31.2,66,1003.6,12.9,0.0,12,16,7,3,0.9000000000000021,2.4000000000000057,4.347826086956541,4.047217537942682
2026-07-16 13:00:00,21.7,61.2,202.0,4.1,6.4,71.0,31.6,65,1003.0,13.4,0.0,13,16,7,3,0.09999999999999787,-0.5,0.4629629629629539,-0.8103727714748765
2026-07-16 14:00:00,21.8,61.5,210.0,4.2,6.4,71.0,31.1,67,1002.7,13.7,0.0,14,16,7,3,0.10000000000000142,0.29999999999999716,0.4608294930875667,0.4901960784313708
2026-07-16 15:00:00,21.8,60.8,227.0,4.6,6.3,68.0,31.0,68,1002.2,14.0,0.0,15,16,7,3,0.0,-0.7000000000000028,0.0,-1.1382113821138296
2026-07-16 16:00:00,20.4,56.3,250.0,5.4,6.2,64.0,30.6,69,1002.1,13.6,0.0,16,16,7,3,-1.4000000000000021,-4.5,-6.422018348623859,-7.401315789473683
2026-07-16 17:00:00,28.3,85.9,264.0,7.1,6.4,56.0,30.2,70,1002.4,12.9,0.1,17,16,7,3,7.900000000000002,29.60000000000001,38.72549019607845,52.57548845470694
2026-07-16 18:00:00,25.8,74.5,262.0,9.0,6.5,51.0,29.6,72,1002.3,11.2,0.0,18,16,7,3,-2.5,-11.400000000000006,-8.833922261484094,-13.271245634458683
2026-07-16 19:00:00,23.7,63.3,251.0,11.6,6.7,43.0,29.2,74,1002.5,10.4,0.0,19,16,7,3,-2.1000000000000014,-11.200000000000003,-8.139534883720934,-15.033557046979872
2026-07-16 20:00:00,22.5,57.5,239.0,13.9,7.0,37.0,28.7,77,1002.6,11.2,0.0,20,16,7,3,-1.1999999999999993,-5.799999999999997,-5.0632911392405,-9.162717219589256
2026-07-16 21:00:00,22.0,55.2,228.0,15.7,7.5,33.0,28.5,79,1002.9,12.0,0.0,21,16,7,3,-0.5,-2.299999999999997,-2.2222222222222254,-3.9999999999999925
2026-07-16 22:00:00,21.9,51.8,217.0,17.1,8.1,31.0,28.3,80,1003.4,11.8,0.1,22,16,7,3,-0.10000000000000142,-3.4000000000000057,-0.454545454545463,-6.159420289855078
2026-07-16 23:00:00,19.6,43.8,202.0,17.5,8.3,30.0,28.4,81,1003.4,11.0,0.1,23,16,7,3,-2.299999999999997,-8.0,-10.502283105022814,-15.444015444015447
2026-07-17 00:00:00,18.5,40.3,182.0,16.1,7.8,31.0,28.0,82,1003.0,11.5,0.1,0,17,7,4,-1.1000000000000014,-3.5,-5.6122448979591955,-7.990867579908678
2026-07-17 01:00:00,17.1,36.2,158.0,13.6,6.9,33.0,27.7,84,1002.8,11.7,0.1,1,17,7,4,-1.3999999999999986,-4.099999999999994,-7.567567567567557,-10.173697270471449
2026-07-17 02:00:00,16.6,36.1,141.0,11.3,6.2,35.0,27.8,83,1002.4,11.2,0.0,2,17,7,4,-0.5,-0.10000000000000142,-2.923976608187129,-0.2762430939226568
2026-07-17 03:00:00,15.6,32.9,128.0,9.6,5.9,36.0,27.4,85,1002.0,12.1,0.0,3,17,7,4,-1.0000000000000018,-3.200000000000003,-6.024096385542177,-8.864265927977844
2026-07-17 04:00:00,15.0,32.1,121.0,8.2,5.8,37.0,27.3,86,1001.8,12.7,0.1,4,17,7,4,-0.5999999999999996,-0.7999999999999972,-3.8461538461538436,-2.4316109422492294
2026-07-17 05:00:00,14.5,31.8,132.0,8.3,6.1,37.0,27.7,86,1001.9,12.4,0.0,5,17,7,4,-0.5,-0.3000000000000007,-3.3333333333333326,-0.9345794392523366
2026-07-17 06:00:00,14.8,32.7,181.0,8.9,6.4,38.0,27.5,87,1002.5,11.4,0.1,6,17,7,4,0.3000000000000007,0.9000000000000021,2.0689655172413834,2.8301886792452935
2026-07-17 07:00:00,16.6,39.1,248.0,9.6,6.8,39.0,27.9,85,1002.9,13.6,0.1,7,17,7,4,1.8000000000000007,6.399999999999999,12.162162162162172,19.57186544342506
2026-07-17 08:00:00,16.7,40.4,287.0,9.7,7.0,42.0,28.7,79,1003.2,14.6,0.1,8,17,7,4,0.09999999999999787,1.2999999999999972,0.6024096385542022,3.324808184143224
2026-07-17 09:00:00,19.5,46.9,270.0,8.7,6.7,47.0,29.7,73,1003.5,14.2,0.1,9,17,7,4,2.8000000000000007,6.5,16.766467065868262,16.08910891089108
2026-07-17 10:00:00,21.0,51.5,225.0,7.1,6.2,53.0,30.5,69,1003.5,15.0,0.1,10,17,7,4,1.5,4.600000000000001,7.692307692307687,9.808102345415781
2026-07-17 11:00:00,21.4,53.2,192.0,5.7,5.8,59.0,31.2,64,1003.6,15.1,0.1,11,17,7,4,0.3999999999999986,1.7000000000000028,1.904761904761898,3.300970873786424
2026-07-17 12:00:00,22.6,56.2,186.0,4.6,5.6,64.0,31.0,65,1003.5,14.7,0.1,12,17,7,4,1.2000000000000028,3.0,5.6074766355140415,5.63909774436091
2026-07-17 13:00:00,22.5,53.7,191.0,3.7,5.4,69.0,31.0,66,1002.8,15.1,0.0,13,17,7,4,-0.10000000000000142,-2.5,-0.4424778761062065,-4.448398576512458
2026-07-17 14:00:00,23.5,56.6,201.0,3.3,5.3,71.0,30.6,69,1002.2,16.9,0.1,14,17,7,4,1.0,2.8999999999999986,4.444444444444451,5.4003724394785735
2026-07-17 15:00:00,23.0,53.3,217.0,3.7,5.2,67.0,30.4,72,1001.5,18.8,0.1,15,17,7,4,-0.5,-3.3000000000000043,-2.127659574468088,-5.830388692579513
2026-07-17 16:00:00,23.1,52.7,237.0,4.7,5.1,60.0,30.3,71,1001.5,17.4,0.0,16,17,7,4,0.10000000000000142,-0.5999999999999943,0.43478260869564966,-1.1257035647279423
2026-07-17 17:00:00,23.9,57.9,249.0,6.2,5.0,53.0,30.3,68,1001.4,16.8,0.0,17,17,7,4,0.7999999999999972,5.199999999999996,3.463203463203457,9.867172675521818
2026-07-17 18:00:00,23.2,53.9,244.0,8.2,5.2,49.0,29.5,71,1001.3,16.6,0.0,18,17,7,4,-0.6999999999999993,-4.0,-2.9288702928870314,-6.908462867012089
2026-07-17 19:00:00,22.8,51.5,231.0,10.8,5.6,44.0,28.9,74,1001.7,16.5,0.0,19,17,7,4,-0.3999999999999986,-2.3999999999999986,-1.724137931034475,-4.452690166975881
2026-07-17 20:00:00,22.0,47.6,218.0,12.7,5.8,40.0,28.7,75,1002.2,16.7,0.1,20,17,7,4,-0.8000000000000007,-3.8999999999999986,-3.508771929824561,-7.572815533980581
2026-07-17 21:00:00,19.1,41.1,209.0,13.1,5.9,39.0,28.5,77,1002.7,16.8,0.1,21,17,7,4,-2.8999999999999986,-6.5,-13.181818181818173,-13.655462184873945
2026-07-17 22:00:00,15.9,31.3,201.0,12.7,5.9,39.0,28.3,78,1003.3,16.6,0.0,22,17,7,4,-3.200000000000001,-9.8,-16.753926701570688,-23.844282238442826
2026-07-17 23:00:00,14.7,28.9,188.0,11.8,5.8,40.0,28.2,78,1003.1,16.1,0.0,23,17,7,4,-1.200000000000001,-2.400000000000002,-7.547169811320764,-7.667731629392982
2026-07-18 00:00:00,13.6,26.9,166.0,10.3,5.4,41.0,28.1,79,1002.8,15.5,0.0,0,18,7,5,-1.0999999999999996,-2.0,-7.482993197278908,-6.92041522491349
2026-07-18 01:00:00,12.5,24.7,140.0,8.3,4.9,43.0,27.8,81,1002.4,14.9,0.0,1,18,7,5,-1.0999999999999996,-2.1999999999999993,-8.088235294117641,-8.17843866171003
2026-07-18 02:00:00,11.6,22.9,123.0,6.7,4.5,44.0,27.7,82,1001.7,15.7,0.0,2,18,7,5,-0.9000000000000004,-1.8000000000000007,-7.200000000000006,-7.287449392712553
2026-07-18 03:00:00,11.1,22.2,116.0,5.8,4.4,45.0,27.5,83,1001.4,16.3,0.0,3,18,7,5,-0.5,-0.6999999999999993,-4.31034482758621,-3.056768558951961
2026-07-18 04:00:00,10.9,21.7,118.0,5.3,4.5,45.0,27.5,83,1001.4,14.8,0.0,4,18,7,5,-0.1999999999999993,-0.5,-1.8018018018017945,-2.2522522522522515
2026-07-18 05:00:00,11.5,23.5,132.0,5.3,4.7,46.0,27.6,85,1001.6,15.4,0.0,5,18,7,5,0.5999999999999996,1.8000000000000007,5.504587155963292,8.294930875576046
2026-07-18 06:00:00,11.9,24.6,172.0,6.0,4.8,46.0,27.6,83,1002.0,15.0,0.1,6,18,7,5,0.40000000000000036,1.1000000000000014,3.4782608695652195,4.680851063829783
2026-07-18 07:00:00,13.3,28.9,225.0,7.0,4.9,46.0,27.9,80,1002.2,16.9,0.0,7,18,7,5,1.4000000000000004,4.299999999999997,11.764705882352944,17.479674796747947
2026-07-18 08:00:00,16.3,36.2,256.0,7.3,5.0,48.0,28.6,76,1002.4,17.6,0.0,8,18,7,5,3.0,7.300000000000004,22.55639097744362,25.259515570934266
2026-07-18 09:00:00,18.1,41.4,242.0,6.3,4.9,54.0,29.6,70,1002.5,17.4,0.0,9,18,7,5,1.8000000000000007,5.199999999999996,11.042944785276077,14.364640883977886
2026-07-18 10:00:00,19.1,44.9,205.0,4.7,4.7,62.0,30.4,64,1002.4,18.1,0.0,10,18,7,5,1.0,3.5,5.524861878453047,8.45410628019323
2026-07-18 11:00:00,19.4,47.1,178.0,3.5,4.5,68.0,30.6,65,1002.2,20.5,0.1,11,18,7,5,0.29999999999999716,2.200000000000003,1.5706806282722363,4.899777282850781
2026-07-18 12:00:00,18.7,45.2,172.0,3.0,4.4,69.0,30.8,65,1001.8,20.6,0.1,12,18,7,5,-0.6999999999999993,-1.8999999999999986,-3.6082474226804107,-4.033970276008492
2026-07-18 13:00:00,17.8,43.7,176.0,2.9,4.3,69.0,31.0,64,1001.3,20.0,0.0,13,18,7,5,-0.8999999999999986,-1.5,-4.8128342245989275,-3.31858407079646
2026-07-18 14:00:00,17.4,41.3,183.0,3.2,4.3,66.0,31.1,63,1000.9,20.0,0.1,14,18,7,5,-0.40000000000000213,-2.4000000000000057,-2.2471910112359716,-5.491990846681938
2026-07-18 15:00:00,17.1,39.6,196.0,3.9,4.3,61.0,30.0,70,1000.6,20.6,0.1,15,18,7,5,-0.29999999999999716,-1.6999999999999957,-1.724137931034464,-4.116222760290544
2026-07-18 16:00:00,16.4,36.9,213.0,5.0,4.3,55.0,30.1,70,1000.4,20.4,0.0,16,18,7,5,-0.7000000000000028,-2.700000000000003,-4.093567251462005,-6.818181818181824
2026-07-18 17:00:00,19.6,45.9,224.0,6.7,4.1,49.0,29.8,70,1000.3,19.8,0.0,17,18,7,5,3.200000000000003,9.0,19.512195121951237,24.390243902439025
2026-07-18 18:00:00,19.7,44.1,224.0,8.7,4.4,46.0,29.2,72,1000.2,18.9,0.0,18,18,7,5,0.09999999999999787,-1.7999999999999972,0.5102040816326481,-3.9215686274509776
2026-07-18 19:00:00,21.7,47.0,218.0,11.4,4.7,43.0,28.7,73,1000.3,19.8,0.0,19,18,7,5,2.0,2.8999999999999986,10.152284263959398,6.575963718820854
2026-07-18 20:00:00,20.5,40.3,211.0,13.1,5.0,40.0,28.6,75,1000.9,18.2,0.1,20,18,7,5,-1.1999999999999993,-6.700000000000003,-5.5299539170506895,-14.255319148936174
2026-07-18 21:00:00,20.3,39.1,206.0,13.1,5.1,40.0,28.5,77,1001.8,18.0,0.3,21,18,7,5,-0.1999999999999993,-1.1999999999999957,-0.9756097560975618,-2.977667493796521
2026-07-18 22:00:00,17.7,33.1,200.0,12.1,5.1,41.0,28.4,79,1002.0,16.1,0.1,22,18,7,5,-2.6000000000000014,-6.0,-12.807881773399021,-15.345268542199486
2026-07-18 23:00:00,16.8,30.0,189.0,10.8,5.0,42.0,28.5,78,1001.8,17.2,0.0,23,18,7,5,-0.8999999999999986,-3.1000000000000014,-5.0847457627118615,-9.365558912386707
2026-07-19 00:00:00,16.5,29.0,167.0,9.4,4.7,43.0,28.2,80,1001.3,16.5,0.0,0,19,7,6,-0.3000000000000007,-1.0,-1.7857142857142905,-3.3333333333333326
2026-07-19 01:00:00,16.5,29.9,140.0,7.7,4.3,45.0,28.0,81,1000.8,15.5,0.0,1,19,7,6,0.0,0.8999999999999986,0.0,3.103448275862064
2026-07-19 02:00:00,16.2,30.5,121.0,6.3,4.0,46.0,27.7,82,1000.4,14.5,0.0,2,19,7,6,-0.3000000000000007,0.6000000000000014,-1.8181818181818188,2.006688963210701
2026-07-19 03:00:00,15.8,31.2,114.0,5.4,3.9,47.0,27.7,82,1000.1,13.4,0.0,3,19,7,6,-0.3999999999999986,0.6999999999999993,-2.4691358024691246,2.2950819672131084
2026-07-19 04:00:00,15.3,31.2,116.0,4.8,3.9,47.0,27.6,82,1000.1,14.1,0.0,4,19,7,6,-0.5,0.0,-3.164556962025311,0.0
2026-07-19 05:00:00,15.5,32.9,126.0,4.8,4.1,49.0,27.5,88,1000.2,13.9,0.0,5,19,7,6,0.1999999999999993,1.6999999999999993,1.3071895424836555,5.448717948717952
2026-07-19 06:00:00,15.7,33.8,152.0,5.3,4.4,49.0,27.6,88,1000.3,13.5,0.0,6,19,7,6,0.1999999999999993,0.8999999999999986,1.2903225806451646,2.7355623100303816
2026-07-19 07:00:00,17.4,40.2,186.0,6.0,4.9,50.0,27.9,85,1000.6,14.5,0.0,7,19,7,6,1.6999999999999993,6.400000000000006,10.828025477707005,18.934911242603558
2026-07-19 08:00:00,18.7,43.5,207.0,6.2,5.2,52.0,28.7,80,1000.7,15.2,0.0,8,19,7,6,1.3000000000000007,3.299999999999997,7.471264367816088,8.208955223880587
2026-07-19 09:00:00,28.8,77.3,203.0,5.5,5.2,57.0,29.4,75,1000.9,17.2,0.1,9,19,7,6,10.100000000000001,33.8,54.010695187165794,77.70114942528734
2026-07-19 10:00:00,21.4,53.4,186.0,4.4,5.0,64.0,28.9,77,1001.3,16.7,0.2,10,19,7,6,-7.400000000000002,-23.9,-25.694444444444454,-30.91849935316947
2026-07-19 11:00:00,22.2,56.5,172.0,3.6,4.9,69.0,29.4,75,1001.1,16.4,0.2,11,19,7,6,0.8000000000000007,3.1000000000000014,3.738317757009346,5.805243445692887
2026-07-19 12:00:00,21.9,56.1,166.0,3.3,4.9,70.0,29.8,73,1000.9,15.7,0.1,12,19,7,6,-0.3000000000000007,-0.3999999999999986,-1.3513513513513598,-0.7079646017699059
2026-07-19 13:00:00,22.2,58.1,162.0,3.3,4.9,69.0,29.9,73,1000.3,16.6,0.1,13,19,7,6,0.3000000000000007,2.0,1.3698630136986356,3.5650623885918
2026-07-19 14:00:00,21.9,57.3,163.0,3.5,4.9,67.0,29.9,74,1000.0,17.3,0.2,14,19,7,6,-0.3000000000000007,-0.8000000000000043,-1.3513513513513598,-1.3769363166953652
2026-07-19 15:00:00,22.2,59.0,172.0,3.9,4.9,64.0,29.6,75,999.7,17.1,0.1,15,19,7,6,0.3000000000000007,1.7000000000000028,1.3698630136986356,2.9668411867364908
2026-07-19 16:00:00,22.0,57.4,185.0,4.5,4.9,61.0,29.5,77,999.4,16.5,0.1,16,19,7,6,-0.1999999999999993,-1.6000000000000014,-0.9009009009009028,-2.7118644067796627
2026-07-19 17:00:00,22.8,65.2,194.0,5.8,5.1,55.0,29.9,73,999.1,14.8,0.0,17,19,7,6,0.8000000000000007,7.800000000000004,3.6363636363636376,13.588850174216027
2026-07-19 18:00:00,23.8,66.1,195.0,7.3,5.4,52.0,29.2,75,999.2,13.0,0.0,18,19,7,6,1.0,0.8999999999999915,4.385964912280693,1.3803680981594901
2026-07-19 19:00:00,22.7,59.8,192.0,9.4,5.9,47.0,28.8,76,999.6,14.0,0.1,19,19,7,6,-1.1000000000000014,-6.299999999999997,-4.621848739495804,-9.53101361573373
2026-07-19 20:00:00,23.9,63.6,188.0,10.8,6.2,44.0,28.4,81,1000.2,12.7,0.0,20,19,7,6,1.1999999999999993,3.8000000000000043,5.286343612334798,6.354515050167242
2026-07-19 21:00:00,19.2,44.5,184.0,11.2,6.3,42.0,28.2,83,1000.9,11.3,0.0,21,19,7,6,-4.699999999999999,-19.1,-19.665271966527197,-30.031446540880502
2026-07-19 22:00:00,18.2,43.5,179.0,10.9,6.4,42.0,27.9,85,1001.5,11.6,0.0,22,19,7,6,-1.0,-1.0,-5.2083333333333375,-2.2471910112359605
2026-07-19 23:00:00,17.8,43.2,172.0,10.3,6.2,42.0,28.2,83,1001.2,12.2,0.1,23,19,7,6,-0.3999999999999986,-0.29999999999999716,-2.19780219780219,-0.6896551724137834
2026-07-20 00:00:00,16.9,40.4,161.0,9.2,5.8,43.0,28.3,82,1000.8,11.5,0.0,0,20,7,0,-0.9000000000000021,-2.8000000000000043,-5.056179775280912,-6.481481481481488
2026-07-20 01:00:00,16.4,39.3,149.0,7.7,5.1,45.0,27.9,84,1000.3,10.1,0.0,1,20,7,0,-0.5,-1.1000000000000014,-2.9585798816568087,-2.722772277227725
2026-07-20 02:00:00,15.9,38.8,139.0,6.5,4.7,46.0,27.6,87,999.7,10.7,0.1,2,20,7,0,-0.4999999999999982,-0.5,-3.0487804878048697,-1.2722646310432517
2026-07-20 03:00:00,15.3,36.7,127.0,5.7,4.5,47.0,27.4,88,999.5,10.6,0.0,3,20,7,0,-0.5999999999999996,-2.0999999999999943,-3.7735849056603765,-5.412371134020599
2026-07-20 04:00:00,15.0,36.1,117.0,5.2,4.6,47.0,27.5,87,999.6,8.8,0.0,4,20,7,0,-0.3000000000000007,-0.6000000000000014,-1.9607843137254943,-1.6348773841961872
2026-07-20 05:00:00,16.0,39.0,128.0,5.8,4.9,47.0,27.7,89,999.4,8.9,0.0,5,20,7,0,1.0,2.8999999999999986,6.666666666666665,8.033240997229907
2026-07-20 06:00:00,16.3,39.0,182.0,6.9,5.6,48.0,27.5,90,999.5,10.5,0.0,6,20,7,0,0.3000000000000007,0.0,1.8750000000000044,0.0
2026-07-20 07:00:00,18.2,46.3,256.0,8.3,6.5,50.0,28.0,87,1000.1,11.6,0.0,7,20,7,0,1.8999999999999986,7.299999999999997,11.65644171779141,18.71794871794872
2026-07-20 08:00:00,19.4,52.9,302.0,9.2,7.2,52.0,28.6,82,1000.3,12.9,0.1,8,20,7,0,1.1999999999999993,6.600000000000001,6.593406593406592,14.254859611231097
2026-07-20 09:00:00,21.1,56.9,291.0,9.0,7.3,56.0,28.9,80,1000.7,13.9,0.2,9,20,7,0,1.7000000000000028,4.0,8.762886597938158,7.5614366729678695
2026-07-20 10:00:00,21.9,56.8,251.0,8.3,7.1,61.0,29.4,77,1000.7,14.0,0.1,10,20,7,0,0.7999999999999972,-0.10000000000000142,3.791469194312791,-0.17574692442882123
2026-07-20 11:00:00,21.8,55.2,219.0,7.6,6.8,65.0,29.9,74,1000.6,14.8,0.1,11,20,7,0,-0.09999999999999787,-1.5999999999999943,-0.45662100456620447,-2.8169014084506894
2026-07-20 12:00:00,21.3,52.6,207.0,6.9,6.4,66.0,30.5,71,1000.4,14.4,0.0,12,20,7,0,-0.5,-2.6000000000000014,-2.2935779816513735,-4.710144927536231
2026-07-20 13:00:00,20.7,49.6,204.0,6.2,6.0,65.0,31.2,68,999.8,14.4,0.0,13,20,7,0,-0.6000000000000014,-3.0,-2.8169014084507116,-5.703422053231943
2026-07-20 14:00:00,22.6,54.5,207.0,5.9,5.7,64.0,31.1,68,999.3,14.8,0.0,14,20,7,0,1.9000000000000021,4.899999999999999,9.178743961352676,9.879032258064523
2026-07-20 15:00:00,21.1,47.5,222.0,6.2,5.6,62.0,30.7,70,999.0,15.2,0.1,15,20,7,0,-1.5,-7.0,-6.63716814159292,-12.844036697247708
2026-07-20 16:00:00,21.0,47.1,244.0,6.9,5.6,59.0,30.4,70,998.5,15.7,0.2,16,20,7,0,-0.10000000000000142,-0.3999999999999986,-0.4739336492891044,-0.8421052631578885
2026-07-20 17:00:00,26.1,63.8,258.0,8.2,5.5,55.0,30.3,72,998.5,13.0,0.3,17,20,7,0,5.100000000000001,16.699999999999996,24.28571428571429,35.45647558386411
2026-07-20 18:00:00,26.5,65.7,258.0,10.1,5.8,51.0,29.4,76,998.7,13.3,0.1,18,20,7,0,0.3999999999999986,1.9000000000000057,1.5325670498084198,2.9780564263322873
2026-07-20 19:00:00,26.3,64.0,251.0,12.7,6.2,46.0,29.0,78,999.1,12.9,0.1,19,20,7,0,-0.1999999999999993,-1.7000000000000028,-0.7547169811320753,-2.5875190258751957
2026-07-20 20:00:00,27.7,67.5,240.0,14.6,6.5,42.0,28.5,81,999.7,13.6,0.2,20,20,7,0,1.3999999999999986,3.5,5.323193916349811,5.46875
2026-07-20 21:00:00,24.3,54.8,227.0,15.3,6.8,40.0,28.3,83,1000.3,14.2,0.1,21,20,7,0,-3.3999999999999986,-12.700000000000003,-12.274368231046928,-18.814814814814817
2026-07-20 22:00:00,23.2,49.7,212.0,15.3,7.1,40.0,28.2,84,1000.9,13.8,0.0,22,20,7,0,-1.1000000000000014,-5.099999999999994,-4.526748971193417,-9.306569343065686
2026-07-20 23:00:00,22.7,47.6,195.0,14.5,7.1,40.0,28.3,82,1001.1,12.1,0.0,23,20,7,0,-0.5,-2.1000000000000014,-2.155172413793105,-4.225352112676061
2026-07-21 00:00:00,21.0,42.8,175.0,12.4,6.6,42.0,28.2,83,1000.6,12.0,0.0,0,21,7,1,-1.6999999999999993,-4.800000000000004,-7.488986784140961,-10.084033613445387
2026-07-21 01:00:00,20.1,41.9,153.0,9.5,5.8,44.0,28.1,84,1000.3,12.1,0.0,1,21,7,1,-0.8999999999999986,-0.8999999999999986,-4.285714285714281,-2.102803738317749
2026-07-21 02:00:00,19.3,40.6,138.0,7.3,5.2,46.0,27.9,85,999.6,9.8,0.0,2,21,7,1,-0.8000000000000007,-1.2999999999999972,-3.9800995024875663,-3.1026252983293534
2026-07-21 03:00:00,18.6,39.6,125.0,6.2,5.1,47.0,27.8,87,999.3,9.2,0.0,3,21,7,1,-0.6999999999999993,-1.0,-3.626943005181338,-2.463054187192115
2026-07-21 04:00:00,18.3,40.0,119.0,5.9,5.2,47.0,27.6,88,999.0,10.6,0.0,4,21,7,1,-0.3000000000000007,0.3999999999999986,-1.6129032258064502,1.0101010101010166
2026-07-21 05:00:00,18.4,42.8,138.0,7.0,6.2,46.0,28.0,86,998.8,9.8,0.0,5,21,7,1,0.09999999999999787,2.799999999999997,0.5464480874316724,6.999999999999984
2026-07-21 06:00:00,18.0,40.3,210.0,9.8,7.2,44.0,27.8,87,999.1,9.4,0.0,6,21,7,1,-0.3999999999999986,-2.5,-2.1739130434782483,-5.841121495327107
2026-07-21 07:00:00,19.3,45.8,308.0,13.6,8.5,41.0,28.1,86,999.7,7.9,0.0,7,21,7,1,1.3000000000000007,5.5,7.222222222222219,13.647642679900752
2026-07-21 08:00:00,20.8,50.6,368.0,15.7,9.2,40.0,28.7,81,999.8,9.4,0.0,8,21,7,1,1.5,4.800000000000004,7.772020725388606,10.480349344978169
2026-07-21 09:00:00,21.4,52.2,352.0,14.6,8.9,44.0,29.1,79,1000.0,10.7,0.0,9,21,7,1,0.5999999999999979,1.6000000000000014,2.8846153846153744,3.1620553359683834
2026-07-21 10:00:00,21.9,51.7,299.0,11.9,8.1,50.0,29.2,79,1000.2,10.6,0.0,10,21,7,1,0.5,-0.5,2.336448598130847,-0.9578544061302652
2026-07-21 11:00:00,22.1,52.3,258.0,9.4,7.3,55.0,30.3,72,1000.5,11.0,0.1,11,21,7,1,0.20000000000000284,0.5999999999999943,0.9132420091324311,1.1605415860734825
2026-07-21 12:00:00,22.8,53.2,249.0,7.7,6.8,59.0,30.1,72,1000.4,11.1,0.0,12,21,7,1,0.6999999999999993,0.9000000000000057,3.1674208144796268,1.7208413001912115
2026-07-21 13:00:00,21.2,48.3,252.0,6.2,6.3,62.0,30.1,73,999.9,9.8,0.0,13,21,7,1,-1.6000000000000014,-4.900000000000006,-7.017543859649134,-9.21052631578948
2026-07-21 14:00:00,27.3,68.5,258.0,5.5,6.0,63.0,30.4,73,999.1,11.5,0.0,14,21,7,1,6.100000000000001,20.200000000000003,28.77358490566038,41.82194616977226
2026-07-21 15:00:00,22.0,52.3,268.0,5.9,5.8,61.0,30.3,74,998.5,13.3,0.0,15,21,7,1,-5.300000000000001,-16.200000000000003,-19.413919413919412,-23.649635036496353
2026-07-21 16:00:00,23.5,57.2,281.0,7.0,5.8,57.0,29.7,78,998.1,13.6,0.0,16,21,7,1,1.5,4.900000000000006,6.818181818181812,9.369024856596564
2026-07-21 17:00:00,25.1,63.6,289.0,9.0,6.2,52.0,30.1,75,998.2,13.0,0.2,17,21,7,1,1.6000000000000014,6.399999999999999,6.808510638297882,11.188811188811187
2026-07-21 18:00:00,25.3,62.4,289.0,11.4,6.5,47.0,29.5,77,998.5,13.5,0.2,18,21,7,1,0.1999999999999993,-1.2000000000000028,0.7968127490039834,-1.8867924528301883
2026-07-21 19:00:00,21.2,49.1,284.0,14.7,6.9,40.0,28.7,83,998.7,13.8,0.2,19,21,7,1,-4.100000000000001,-13.299999999999997,-16.205533596837952,-21.314102564102555
2026-07-21 20:00:00,21.0,47.3,279.0,17.0,7.3,35.0,28.5,84,999.3,11.8,0.0,20,21,7,1,-0.1999999999999993,-1.8000000000000043,-0.9433962264150941,-3.665987780040747
2026-07-21 21:00:00,20.6,45.4,277.0,17.6,7.7,33.0,28.4,84,999.8,12.4,0.0,21,21,7,1,-0.3999999999999986,-1.8999999999999986,-1.904761904761898,-4.016913319238902
2026-07-21 22:00:00,18.2,38.0,274.0,17.2,8.0,33.0,28.1,85,1000.2,10.6,0.0,22,21,7,1,-2.400000000000002,-7.399999999999999,-11.65048543689321,-16.299559471365633
2026-07-21 23:00:00,17.4,34.1,261.0,16.3,8.1,34.0,28.6,83,1000.4,9.9,0.0,23,21,7,1,-0.8000000000000007,-3.8999999999999986,-4.395604395604402,-10.26315789473684
2026-07-22 00:00:00,17.3,32.7,227.0,14.8,7.6,35.0,28.5,82,999.9,10.6,0.0,0,22,7,2,-0.09999999999999787,-1.3999999999999986,-0.5747126436781436,-4.105571847507328
2026-07-22 01:00:00,17.9,36.7,182.0,12.9,6.9,37.0,28.1,84,999.7,10.6,0.0,1,22,7,2,0.5999999999999979,4.0,3.4682080924855363,12.23241590214068
2026-07-22 02:00:00,17.8,37.1,149.0,11.2,6.4,38.0,28.0,85,999.0,9.8,0.0,2,22,7,2,-0.09999999999999787,0.3999999999999986,-0.5586592178770777,1.089918256130784
2026-07-22 03:00:00,17.5,38.8,129.0,9.9,6.3,39.0,27.8,86,998.7,8.8,0.0,3,22,7,2,-0.3000000000000007,1.6999999999999957,-1.6853932584269704,4.582210242587581
2026-07-22 04:00:00,18.0,41.4,122.0,8.8,6.4,40.0,27.6,87,998.5,8.5,0.0,4,22,7,2,0.5,2.6000000000000014,2.857142857142847,6.70103092783505
2026-07-22 05:00:00,16.8,37.4,147.0,8.5,6.9,43.0,28.1,86,998.4,4.4,0.0,5,22,7,2,-1.1999999999999993,-4.0,-6.666666666666665,-9.661835748792269
2026-07-22 06:00:00,17.0,37.6,239.0,9.7,7.8,43.0,28.0,87,998.7,4.1,0.0,6,22,7,2,0.1999999999999993,0.20000000000000284,1.1904761904761862,0.5347593582887722
2026-07-22 07:00:00,19.1,45.8,364.0,11.4,8.9,43.0,28.4,85,999.3,4.8,0.0,7,22,7,2,2.1000000000000014,8.199999999999996,12.352941176470589,21.80851063829785
2026-07-22 08:00:00,20.9,54.5,437.0,12.2,9.7,46.0,29.2,80,999.4,4.9,0.0,8,22,7,2,1.7999999999999972,8.700000000000003,9.424083769633484,18.99563318777293
2026-07-22 09:00:00,24.6,68.7,406.0,11.4,9.6,53.0,30.3,74,999.5,8.0,0.0,9,22,7,2,3.700000000000003,14.200000000000003,17.703349282296664,26.055045871559646
2026-07-22 10:00:00,27.5,77.5,322.0,9.7,9.2,62.0,31.2,70,999.5,9.8,0.0,10,22,7,2,2.8999999999999986,8.799999999999997,11.788617886178866,12.809315866084425
2026-07-22 11:00:00,29.6,82.2,256.0,8.3,8.7,69.0,31.4,69,999.3,11.5,0.0,11,22,7,2,2.1000000000000014,4.700000000000003,7.636363636363641,6.064516129032271
2026-07-22 12:00:00,39.2,112.2,234.0,7.5,8.4,72.0,31.2,70,999.1,11.8,0.1,12,22,7,2,9.600000000000001,30.0,32.432432432432435,36.496350364963504
2026-07-22 13:00:00,30.0,79.2,230.0,7.0,8.1,72.0,31.3,70,998.4,12.1,0.1,13,22,7,2,-9.200000000000003,-33.0,-23.469387755102044,-29.411764705882348
2026-07-22 14:00:00,28.7,74.0,234.0,6.9,7.9,70.0,31.1,72,997.9,13.4,0.1,14,22,7,2,-1.3000000000000007,-5.200000000000003,-4.333333333333334,-6.565656565656564
2026-07-22 15:00:00,27.6,70.3,248.0,7.3,7.7,67.0,30.5,75,997.4,12.9,0.1,15,22,7,2,-1.0999999999999979,-3.700000000000003,-3.832752613240409,-5.000000000000004
2026-07-22 16:00:00,26.5,66.6,271.0,8.1,7.6,62.0,30.5,74,996.9,12.1,0.0,16,22,7,2,-1.1000000000000014,-3.700000000000003,-3.985507246376818,-5.263157894736848
2026-07-22 17:00:00,24.7,61.9,290.0,12.2,9.0,56.0,31.1,72,996.6,11.6,0.1,17,22,7,2,-1.8000000000000007,-4.699999999999996,-6.792452830188678,-7.0570570570570474
2026-07-22 18:00:00,24.6,60.5,302.0,15.0,9.0,49.0,30.2,77,997.5,11.6,0.0,18,22,7,2,-0.09999999999999787,-1.3999999999999986,-0.4048582995951344,-2.2617124394184174
2026-07-22 19:00:00,25.1,60.3,310.0,18.8,9.0,40.0,29.2,82,997.8,12.2,0.0,19,22,7,2,0.5,-0.20000000000000284,2.0325203252032464,-0.33057851239669533
2026-07-22 20:00:00,23.1,54.2,305.0,20.9,8.9,34.0,28.5,84,998.1,11.4,0.0,20,22,7,2,-2.0,-6.099999999999994,-7.968127490039844,-10.116086235489208
2026-07-22 21:00:00,21.5,50.3,280.0,19.7,8.6,34.0,28.9,81,998.5,14.2,0.0,21,22,7,2,-1.6000000000000014,-3.9000000000000057,-6.926406926406936,-7.19557195571957
2026-07-22 22:00:00,20.4,47.3,243.0,16.7,8.1,36.0,28.8,81,999.2,12.2,0.0,22,22,7,2,-1.1000000000000014,-3.0,-5.116279069767449,-5.964214711729621
2026-07-22 23:00:00,18.9,43.3,207.0,13.8,7.6,39.0,29.0,79,999.3,11.8,0.0,23,22,7,2,-1.5,-4.0,-7.352941176470584,-8.456659619450313
2026-07-23 00:00:00,18.6,44.0,175.0,11.4,6.9,41.0,28.7,80,998.9,12.2,0.1,0,23,7,3,-0.29999999999999716,0.7000000000000028,-1.5873015873015706,1.616628175519641
2026-07-23 01:00:00,18.3,44.7,144.0,9.0,6.2,44.0,28.6,81,998.6,11.3,0.1,1,23,7,3,-0.3000000000000007,0.7000000000000028,-1.6129032258064502,1.5909090909090873
2026-07-23 02:00:00,19.2,52.9,127.0,7.4,5.8,46.0,28.3,83,997.9,10.1,0.0,2,23,7,3,0.8999999999999986,8.199999999999996,4.918032786885229,18.344519015659944
2026-07-23 03:00:00,20.0,58.4,115.0,6.7,5.8,46.0,28.1,84,997.7,8.6,0.1,3,23,7,3,0.8000000000000007,5.5,4.166666666666674,10.396975425330822
2026-07-23 04:00:00,21.2,66.6,115.0,6.7,6.0,46.0,28.1,84,997.5,5.6,0.0,4,23,7,3,1.1999999999999993,8.199999999999996,6.000000000000005,14.04109589041096
2026-07-23 05:00:00,22.2,67.1,162.0,6.9,7.0,46.0,28.5,82,997.8,2.8,0.0,5,23,7,3,1.0,0.5,4.716981132075482,0.7507507507507505
2026-07-23 06:00:00,24.3,68.5,306.0,9.3,9.0,43.0,28.2,84,997.8,2.8,0.0,6,23,7,3,2.1000000000000014,1.4000000000000057,9.459459459459474,2.086438152011927
2026-07-23 07:00:00,24.6,68.9,496.0,12.5,11.8,40.0,28.7,81,998.5,2.6,0.0,7,23,7,3,0.3000000000000007,0.4000000000000057,1.2345679012345734,0.5839416058394331
2026-07-23 08:00:00,25.4,71.9,612.0,14.2,13.8,43.0,29.5,77,998.0,5.7,0.0,8,23,7,3,0.7999999999999972,3.0,3.2520325203251987,4.354136429608135
2026-07-23 09:00:00,26.2,77.8,585.0,13.1,14.4,55.0,30.4,73,998.6,4.7,0.0,9,23,7,3,0.8000000000000007,5.8999999999999915,3.149606299212593,8.205841446453398
2026-07-23 10:00:00,27.0,80.1,485.0,10.4,14.1,73.0,30.7,72,998.5,7.7,0.0,10,23,7,3,0.8000000000000007,2.299999999999997,3.053435114503822,2.956298200514129
2026-07-23 11:00:00,29.7,82.7,399.0,8.1,13.7,91.0,31.9,65,998.4,5.3,0.0,11,23,7,3,2.6999999999999993,2.6000000000000085,9.999999999999986,3.2459425717852763
2026-07-23 12:00:00,32.8,84.8,361.0,6.6,13.2,110.0,32.8,61,997.9,8.6,0.0,12,23,7,3,3.099999999999998,2.0999999999999943,10.437710437710424,2.539298669891177
2026-07-23 13:00:00,34.2,84.3,337.0,5.3,12.4,127.0,32.0,64,997.5,15.5,0.0,13,23,7,3,1.4000000000000057,-0.5,4.268292682926855,-0.5896226415094352
2026-07-23 14:00:00,33.5,80.3,321.0,4.9,11.5,134.0,32.1,63,996.7,14.8,0.0,14,23,7,3,-0.7000000000000028,-4.0,-2.046783625730997,-4.744958481613281
2026-07-23 15:00:00,31.0,75.7,314.0,5.4,10.4,121.0,32.1,66,996.2,13.2,0.0,15,23,7,3,-2.5,-4.599999999999994,-7.462686567164178,-5.72851805728517
2026-07-23 16:00:00,28.1,71.9,315.0,6.6,9.1,96.0,31.9,66,995.8,11.4,0.0,16,23,7,3,-2.8999999999999986,-3.799999999999997,-9.354838709677416,-5.019815059445176
2026-07-23 17:00:00,38.2,99.9,310.0,9.5,10.6,93.0,31.2,71,995.6,12.1,0.0,17,23,7,3,10.100000000000001,28.0,35.943060498220646,38.94297635605006
2026-07-23 18:00:00,35.3,95.7,293.0,13.2,9.9,74.0,30.5,75,995.8,12.1,0.0,18,23,7,3,-2.9000000000000057,-4.200000000000003,-7.591623036649231,-4.20420420420421
2026-07-23 19:00:00,32.0,87.1,272.0,18.2,9.0,48.0,29.7,78,996.7,8.0,0.0,19,23,7,3,-3.299999999999997,-8.600000000000009,-9.348441926345597,-8.986415882967613
2026-07-23 20:00:00,31.0,85.0,250.0,21.2,8.2,30.0,29.3,82,996.4,12.0,0.0,20,23,7,3,-1.0,-2.0999999999999943,-3.125,-2.411021814006886
2026-07-23 21:00:00,28.6,78.2,230.0,20.1,7.8,28.0,29.3,82,997.2,11.6,0.0,21,23,7,3,-2.3999999999999986,-6.799999999999997,-7.741935483870965,-7.9999999999999964
2026-07-23 22:00:00,25.9,70.3,211.0,16.9,7.5,33.0,29.1,83,998.1,11.6,0.0,22,23,7,3,-2.700000000000003,-7.900000000000006,-9.440559440559449,-10.10230179028133
2026-07-23 23:00:00,24.6,69.2,194.0,14.4,7.4,38.0,29.4,82,999.1,10.5,0.1,23,23,7,3,-1.2999999999999972,-1.0999999999999943,-5.019305019305009,-1.5647226173541862
2026-07-24 00:00:00,23.9,67.3,178.0,13.6,7.5,39.0,29.0,84,998.6,9.9,0.0,0,24,7,4,-0.7000000000000028,-1.9000000000000057,-2.8455284552845628,-2.7456647398844014
2026-07-24 01:00:00,23.9,66.8,164.0,13.4,7.8,38.0,28.8,84,998.4,8.5,0.0,1,24,7,4,0.0,-0.5,0.0,-0.7429420505200568
2026-07-24 02:00:00,23.3,64.3,157.0,13.3,8.2,38.0,28.6,85,997.7,7.5,0.0,2,24,7,4,-0.5999999999999979,-2.5,-2.5104602510460206,-3.7425149700598848
2026-07-24 03:00:00,22.6,61.5,157.0,13.1,8.6,37.0,28.6,84,997.6,6.4,0.0,3,24,7,4,-0.6999999999999993,-2.799999999999997,-3.0042918454935563,-4.3545878693623585
2026-07-24 04:00:00,22.1,58.2,164.0,13.1,9.0,36.0,28.4,85,997.5,4.3,0.0,4,24,7,4,-0.5,-3.299999999999997,-2.212389380530977,-5.3658536585365795
2026-07-24 05:00:00,24.5,70.3,189.0,12.5,10.9,38.0,28.8,85,997.3,5.6,0.0,5,24,7,4,2.3999999999999986,12.099999999999994,10.859728506787313,20.790378006872846
2026-07-24 06:00:00,24.5,66.6,252.0,13.0,11.4,38.0,28.6,86,997.8,5.4,0.0,6,24,7,4,0.0,-3.700000000000003,0.0,-5.263157894736848
2026-07-24 07:00:00,26.0,74.0,332.0,13.5,12.0,39.0,28.9,85,998.5,5.6,0.0,7,24,7,4,1.5,7.400000000000006,6.1224489795918435,11.111111111111116
2026-07-24 08:00:00,27.4,79.6,383.0,13.2,12.3,44.0,29.9,79,998.5,5.2,0.0,8,24,7,4,1.3999999999999986,5.599999999999994,5.384615384615388,7.567567567567557
2026-07-24 09:00:00,31.1,94.5,378.0,11.4,11.9,57.0,30.9,74,999.0,5.6,0.0,9,24,7,4,3.700000000000003,14.900000000000006,13.503649635036496,18.718592964824122
2026-07-24 10:00:00,29.9,88.7,344.0,8.8,11.1,74.0,31.9,69,999.3,8.1,0.0,10,24,7,4,-1.2000000000000028,-5.799999999999997,-3.8585209003215493,-6.137566137566131
2026-07-24 11:00:00,32.0,89.9,311.0,6.6,10.2,88.0,33.1,63,999.4,8.9,0.0,11,24,7,4,2.1000000000000014,1.2000000000000028,7.0234113712374535,1.3528748590755368
2026-07-24 12:00:00,32.9,87.5,286.0,5.2,9.1,97.0,32.6,66,999.0,13.9,0.0,12,24,7,4,0.8999999999999986,-2.4000000000000057,2.8124999999999956,-2.6696329254727535
2026-07-24 13:00:00,32.2,83.1,262.0,4.3,7.8,103.0,32.4,65,998.5,15.1,0.0,13,24,7,4,-0.6999999999999957,-4.400000000000006,-2.127659574468077,-5.028571428571437
2026-07-24 14:00:00,30.3,77.1,250.0,4.2,6.9,103.0,32.5,64,997.8,13.0,0.0,14,24,7,4,-1.9000000000000021,-6.0,-5.9006211180124275,-7.220216606498198
2026-07-24 15:00:00,29.0,75.4,261.0,5.1,6.5,94.0,32.0,67,997.2,13.0,0.0,15,24,7,4,-1.3000000000000007,-1.6999999999999886,-4.290429042904298,-2.204928664072614
2026-07-24 16:00:00,27.9,72.9,285.0,6.8,6.5,79.0,31.4,69,997.1,12.5,0.0,16,24,7,4,-1.1000000000000014,-2.5,-3.7931034482758696,-3.3156498673740042
2026-07-24 17:00:00,30.9,75.9,299.0,10.8,7.2,77.0,31.0,72,996.7,12.5,0.0,17,24,7,4,3.0,3.0,10.752688172043001,4.115226337448563
2026-07-24 18:00:00,29.5,77.3,295.0,13.2,7.1,66.0,30.3,75,996.4,12.1,0.0,18,24,7,4,-1.3999999999999986,1.3999999999999915,-4.53074433656957,1.84453227931487
2026-07-24 19:00:00,29.6,78.0,281.0,16.5,6.9,50.0,29.8,78,996.9,12.1,0.0,19,24,7,4,0.10000000000000142,0.7000000000000028,0.3389830508474523,0.905562742561461
2026-07-24 20:00:00,29.6,76.1,264.0,18.2,6.7,40.0,29.8,79,997.6,11.3,0.0,20,24,7,4,0.0,-1.9000000000000057,0.0,-2.4358974358974383
2026-07-24 21:00:00,26.5,68.9,244.0,17.0,6.6,39.0,29.7,80,998.6,9.2,0.0,21,24,7,4,-3.1000000000000014,-7.199999999999989,-10.472972972972983,-9.461235216819963
2026-07-24 22:00:00,25.4,67.1,219.0,14.3,6.4,43.0,29.5,82,999.4,9.3,0.0,22,24,7,4,-1.1000000000000014,-1.8000000000000114,-4.150943396226426,-2.6124818577648923
2026-07-24 23:00:00,24.4,63.6,195.0,11.8,6.3,47.0,29.1,79,998.9,8.3,0.0,23,24,7,4,-1.0,-3.499999999999993,-3.937007874015752,-5.216095380029795
2026-07-25 00:00:00,26.6,69.4,169.0,10.1,6.1,49.0,28.9,80,998.6,10.0,0.0,0,25,7,5,2.200000000000003,5.800000000000004,9.016393442622972,9.119496855345922
2026-07-25 01:00:00,26.1,70.8,144.0,8.8,5.8,50.0,28.6,82,998.7,11.0,0.0,1,25,7,5,-0.5,1.3999999999999915,-1.8796992481203034,2.0172910662824117
2026-07-25 02:00:00,24.4,63.6,126.0,7.8,5.7,50.0,28.5,82,998.4,10.6,0.0,2,25,7,5,-1.7000000000000028,-7.199999999999996,-6.513409961685834,-10.169491525423723
2026-07-25 03:00:00,22.6,57.0,114.0,7.3,5.9,49.0,28.4,82,998.7,7.0,0.0,3,25,7,5,-1.7999999999999972,-6.600000000000001,-7.377049180327855,-10.377358490566035
2026-07-25 04:00:00,21.7,53.6,110.0,7.2,6.3,48.0,28.4,83,998.4,7.1,0.0,4,25,7,5,-0.9000000000000021,-3.3999999999999986,-3.9823008849557584,-5.964912280701751
2026-07-25 05:00:00,27.0,76.8,126.0,8.0,7.0,48.0,28.4,83,998.5,8.8,0.0,5,25,7,5,5.300000000000001,23.199999999999996,24.423963133640548,43.28358208955223
2026-07-25 06:00:00,25.8,66.8,183.0,9.4,7.3,47.0,28.2,84,998.8,9.0,0.0,6,25,7,5,-1.1999999999999993,-10.0,-4.444444444444439,-13.020833333333337
2026-07-25 07:00:00,27.4,75.2,260.0,11.4,7.8,45.0,28.4,84,999.4,9.3,0.0,7,25,7,5,1.5999999999999979,8.400000000000006,6.201550387596888,12.574850299401197
2026-07-25 08:00:00,29.4,80.6,309.0,12.5,8.2,46.0,29.2,79,1000.1,10.3,0.0,8,25,7,5,2.0,5.3999999999999915,7.299270072992692,7.180851063829774
2026-07-25 09:00:00,30.0,81.7,301.0,12.0,8.5,51.0,30.1,74,1000.6,10.4,0.0,9,25,7,5,0.6000000000000014,1.1000000000000085,2.0408163265306145,1.3647642679900818
2026-07-25 10:00:00,31.0,85.9,265.0,10.7,8.7,57.0,30.4,73,1001.1,10.3,0.0,10,25,7,5,1.0,4.200000000000003,3.3333333333333437,5.140758873929019
2026-07-25 11:00:00,31.3,86.4,238.0,9.6,8.8,63.0,30.7,70,1001.2,11.8,0.0,11,25,7,5,0.3000000000000007,0.5,0.967741935483879,0.5820721769499437
2026-07-25 12:00:00,30.6,82.4,236.0,8.9,8.8,67.0,31.0,69,1000.9,10.6,0.0,12,25,7,5,-0.6999999999999993,-4.0,-2.2364217252396124,-4.629629629629628
2026-07-25 13:00:00,29.2,76.8,243.0,8.5,8.8,70.0,31.6,66,1000.6,9.7,0.0,13,25,7,5,-1.4000000000000021,-5.6000000000000085,-4.575163398692816,-6.796116504854377
2026-07-25 14:00:00,27.5,70.5,251.0,8.5,8.6,70.0,31.5,66,1000.0,10.1,0.0,14,25,7,5,-1.6999999999999993,-6.299999999999997,-5.82191780821918,-8.203125
2026-07-25 15:00:00,24.9,62.2,261.0,9.2,8.1,65.0,31.3,67,999.6,12.5,0.0,15,25,7,5,-2.6000000000000014,-8.299999999999997,-9.45454545454546,-11.773049645390065
2026-07-25 16:00:00,25.9,66.6,272.0,10.4,7.5,58.0,31.0,69,999.2,14.4,0.0,16,25,7,5,1.0,4.3999999999999915,4.016064257028118,7.0739549839228255
2026-07-25 17:00:00,28.7,82.9,276.0,10.8,6.7,52.0,30.5,71,998.8,11.9,0.0,17,25,7,5,2.8000000000000007,16.30000000000001,10.81081081081081,24.474474474474484
2026-07-25 18:00:00,26.3,75.4,270.0,12.8,6.9,47.0,29.6,75,999.1,10.5,0.0,18,25,7,5,-2.3999999999999986,-7.5,-8.362369337979093,-9.047044632086854
2026-07-25 19:00:00,24.8,69.2,257.0,15.5,7.2,41.0,29.2,78,999.8,10.8,0.0,19,25,7,5,-1.5,-6.200000000000003,-5.703422053231943,-8.222811671087538
2026-07-25 20:00:00,23.6,63.8,241.0,16.8,7.3,37.0,28.9,80,999.9,12.3,0.0,20,25,7,5,-1.1999999999999993,-5.400000000000006,-4.8387096774193505,-7.8034682080924895
2026-07-25 21:00:00,21.2,58.8,220.0,15.5,7.0,38.0,28.9,80,1000.8,12.0,0.0,21,25,7,5,-2.400000000000002,-5.0,-10.169491525423735,-7.836990595611281
2026-07-25 22:00:00,20.2,57.0,196.0,12.8,6.6,41.0,28.9,80,1001.1,14.5,0.0,22,25,7,5,-1.0,-1.7999999999999972,-4.716981132075471,-3.0612244897959107
2026-07-25 23:00:00,21.1,62.4,175.0,10.6,6.3,44.0,28.4,79,1001.3,9.2,0.0,23,25,7,5,0.9000000000000021,5.399999999999999,4.455445544554459,9.473684210526322
2026-07-26 00:00:00,22.3,67.5,158.0,9.4,6.3,45.0,28.2,80,1000.7,9.0,0.0,0,26,7,6,1.1999999999999993,5.100000000000001,5.687203791469186,8.173076923076916
2026-07-26 01:00:00,24.1,74.7,143.0,8.7,6.3,46.0,28.2,79,1000.4,6.4,0.0,1,26,7,6,1.8000000000000007,7.200000000000003,8.071748878923767,10.666666666666668
2026-07-26 02:00:00,23.2,70.3,133.0,8.1,6.4,46.0,28.1,80,1000.1,6.7,0.0,2,26,7,6,-0.9000000000000021,-4.400000000000006,-3.734439834024905,-5.8902275769745716
2026-07-26 03:00:00,22.5,66.4,125.0,7.6,6.4,46.0,28.1,80,1000.3,5.8,0.0,3,26,7,6,-0.6999999999999993,-3.8999999999999915,-3.0172413793103425,-5.547652916073953
2026-07-26 04:00:00,22.7,68.2,120.0,7.3,6.5,46.0,28.2,80,1000.2,6.1,0.0,4,26,7,6,0.1999999999999993,1.7999999999999972,0.8888888888888946,2.710843373493965
2026-07-26 05:00:00,23.4,76.1,127.0,8.4,7.1,45.0,28.5,79,1000.0,9.1,0.0,5,26,7,6,0.6999999999999993,7.8999999999999915,3.083700440528636,11.58357771260996
2026-07-26 06:00:00,23.1,74.7,156.0,8.5,7.0,46.0,28.4,79,1000.5,9.4,0.0,6,26,7,6,-0.29999999999999716,-1.3999999999999915,-1.2820512820512664,-1.8396846254927657
2026-07-26 07:00:00,24.4,82.9,195.0,8.6,6.9,47.0,28.6,77,1001.2,11.0,0.0,7,26,7,6,1.2999999999999972,8.200000000000003,5.627705627705626,10.97724230254351
2026-07-26 08:00:00,27.8,96.2,220.0,8.4,7.1,51.0,29.3,74,1001.6,9.9,0.0,8,26,7,6,3.400000000000002,13.299999999999997,13.934426229508201,16.043425814234013
2026-07-26 09:00:00,28.5,98.3,216.0,7.7,7.8,58.0,29.9,70,1001.8,10.1,0.0,9,26,7,6,0.6999999999999993,2.0999999999999943,2.517985611510798,2.182952182952169
2026-07-26 10:00:00,30.7,104.8,197.0,6.7,8.7,67.0,30.4,68,1002.3,10.4,0.0,10,26,7,6,2.1999999999999993,6.5,7.719298245614037,6.612410986775186
2026-07-26 11:00:00,32.9,109.7,182.0,5.7,9.2,75.0,31.2,65,1002.6,11.0,0.0,11,26,7,6,2.1999999999999993,4.900000000000006,7.166123778501632,4.67557251908397
2026-07-26 12:00:00,34.1,109.2,177.0,4.7,8.7,83.0,32.5,60,1002.2,10.3,0.0,12,26,7,6,1.2000000000000028,-0.5,3.647416413373872,-0.45578851412944044
2026-07-26 13:00:00,33.9,104.8,175.0,3.7,7.7,91.0,32.5,61,1001.6,12.5,0.0,13,26,7,6,-0.20000000000000284,-4.400000000000006,-0.5865102639296293,-4.029304029304037
2026-07-26 14:00:00,33.5,100.6,176.0,3.2,6.9,95.0,32.0,63,1001.2,15.6,0.0,14,26,7,6,-0.3999999999999986,-4.200000000000003,-1.179941002949847,-4.007633587786263
2026-07-26 15:00:00,32.1,92.2,183.0,3.3,6.5,93.0,31.8,64,1000.3,14.8,0.0,15,26,7,6,-1.3999999999999986,-8.399999999999991,-4.179104477611939,-8.349900596421467
2026-07-26 16:00:00,28.8,79.2,193.0,4.0,6.3,86.0,31.2,66,999.8,13.6,0.0,16,26,7,6,-3.3000000000000007,-13.0,-10.280373831775702,-14.099783080260309
2026-07-26 17:00:00,28.3,81.3,200.0,5.6,7.0,88.0,31.1,67,999.8,13.3,0.0,17,26,7,6,-0.5,2.0999999999999943,-1.736111111111116,2.651515151515138
2026-07-26 18:00:00,25.7,73.8,202.0,8.0,6.7,75.0,30.2,70,1000.1,11.8,0.0,18,26,7,6,-2.6000000000000014,-7.5,-9.187279151943473,-9.225092250922506
2026-07-26 19:00:00,23.8,66.4,201.0,11.3,6.4,57.0,29.4,74,1000.7,11.3,0.0,19,26,7,6,-1.8999999999999986,-7.3999999999999915,-7.392996108949412,-10.027100271002698
2026-07-26 20:00:00,22.9,60.3,196.0,13.4,6.1,44.0,28.9,77,1001.1,11.8,0.0,20,26,7,6,-0.9000000000000021,-6.1000000000000085,-3.7815126050420256,-9.186746987951821
2026-07-26 21:00:00,21.2,56.1,186.0,13.1,6.1,41.0,28.7,79,1001.5,11.2,0.0,21,26,7,6,-1.6999999999999993,-4.199999999999996,-7.423580786026196,-6.965174129353224
2026-07-26 22:00:00,21.1,55.6,173.0,11.5,6.3,42.0,28.4,81,1001.6,11.0,0.0,22,26,7,6,-0.09999999999999787,-0.5,-0.4716981132075415,-0.89126559714795
2026-07-26 23:00:00,21.2,56.8,159.0,10.0,6.3,44.0,28.7,79,1001.3,9.1,0.0,23,26,7,6,0.09999999999999787,1.1999999999999957,0.4739336492890933,2.1582733812949506
2026-07-27 00:00:00,20.6,52.6,143.0,8.8,6.0,45.0,28.5,80,1001.6,9.5,0.0,0,27,7,0,-0.5999999999999979,-4.199999999999996,-2.8301886792452713,-7.394366197183089
2026-07-27 01:00:00,20.9,54.9,126.0,7.6,5.5,45.0,28.4,81,1001.4,11.4,0.0,1,27,7,0,0.29999999999999716,2.299999999999997,1.4563106796116276,4.372623574144474
2026-07-27 02:00:00,21.2,57.2,115.0,6.7,5.2,46.0,28.3,81,1000.8,11.7,0.0,2,27,7,0,0.3000000000000007,2.3000000000000043,1.4354066985645897,4.189435336976333
2026-07-27 03:00:00,21.5,59.6,108.0,6.1,5.1,46.0,28.2,81,1000.6,11.5,0.0,3,27,7,0,0.3000000000000007,2.3999999999999986,1.4150943396226356,4.195804195804187
2026-07-27 04:00:00,21.9,62.2,107.0,5.7,5.2,46.0,28.1,82,1000.5,11.6,0.0,4,27,7,0,0.3999999999999986,2.6000000000000014,1.8604651162790642,4.36241610738255
2026-07-27 05:00:00,20.8,58.9,121.0,4.6,4.7,49.0,28.5,81,1000.2,11.9,0.0,5,27,7,0,-1.0999999999999979,-3.3000000000000043,-5.022831050228305,-5.305466237942125
2026-07-27 06:00:00,21.4,61.7,165.0,5.7,5.0,49.0,28.3,81,1000.3,10.2,0.0,6,27,7,0,0.5999999999999979,2.8000000000000043,2.8846153846153744,4.753820033955858
2026-07-27 07:00:00,24.3,78.2,225.0,7.1,5.5,48.0,28.8,79,1000.9,11.6,0.0,7,27,7,0,2.900000000000002,16.5,13.551401869158886,26.74230145867098
2026-07-27 08:00:00,30.7,105.0,262.0,7.9,6.0,52.0,29.7,74,1001.2,13.0,0.0,8,27,7,0,6.399999999999999,26.799999999999997,26.337448559670772,34.27109974424552
2026-07-27 09:00:00,31.4,106.4,256.0,7.3,6.5,63.0,30.7,68,1001.2,13.0,0.0,9,27,7,0,0.6999999999999993,1.4000000000000057,2.28013029315961,1.333333333333342
2026-07-27 10:00:00,35.6,120.1,228.0,6.0,7.0,77.0,31.9,62,1000.9,13.9,0.0,10,27,7,0,4.200000000000003,13.699999999999989,13.375796178343968,12.875939849624052
2026-07-27 11:00:00,37.4,121.5,205.0,4.9,7.1,88.0,31.5,65,1000.8,15.0,0.0,11,27,7,0,1.7999999999999972,1.4000000000000057,5.0561797752809,1.1656952539550458
2026-07-27 12:00:00,37.7,118.3,196.0,4.1,6.7,92.0,32.2,62,1000.6,15.7,0.0,12,27,7,0,0.30000000000000426,-3.200000000000003,0.8021390374331583,-2.6337448559670795
2026-07-27 13:00:00,36.8,113.4,192.0,3.4,5.9,91.0,32.1,62,1000.2,16.9,0.0,13,27,7,0,-0.9000000000000057,-4.8999999999999915,-2.3872679045092937,-4.142011834319515
2026-07-27 14:00:00,36.6,113.2,193.0,3.3,5.3,88.0,31.7,64,999.7,17.2,0.0,14,27,7,0,-0.19999999999999574,-0.20000000000000284,-0.5434782608695565,-0.17636684303351524
2026-07-27 15:00:00,36.1,110.6,203.0,3.9,5.1,81.0,31.6,64,998.8,17.2,0.0,15,27,7,0,-0.5,-2.6000000000000085,-1.3661202185792365,-2.296819787985871
2026-07-27 16:00:00,34.8,103.6,217.0,4.9,5.1,71.0,31.4,65,998.0,17.3,0.0,16,27,7,0,-1.3000000000000043,-7.0,-3.6011080332410073,-6.329113924050633
2026-07-27 17:00:00,29.3,89.9,226.0,7.5,5.0,54.0,31.3,64,998.0,16.7,0.0,17,27,7,0,-5.4999999999999964,-13.699999999999989,-15.804597701149415,-13.223938223938214
2026-07-27 18:00:00,27.8,82.0,224.0,9.2,5.2,51.0,30.4,68,998.0,16.9,0.0,18,27,7,0,-1.5,-7.900000000000006,-5.119453924914675,-8.787541713014468
2026-07-27 19:00:00,26.2,74.0,215.0,11.5,5.4,46.0,29.5,73,998.2,16.9,0.0,19,27,7,0,-1.6000000000000014,-8.0,-5.755395683453246,-9.756097560975608
2026-07-27 20:00:00,25.6,70.5,205.0,12.9,5.6,43.0,29.1,77,998.9,16.8,0.1,20,27,7,0,-0.5999999999999979,-3.5,-2.2900763358778553,-4.729729729729726
2026-07-27 21:00:00,25.2,70.3,193.0,12.5,5.6,43.0,28.6,80,999.5,15.8,0.0,21,27,7,0,-0.40000000000000213,-0.20000000000000284,-1.562500000000011,-0.28368794326241176
2026-07-27 22:00:00,21.7,61.9,179.0,11.3,5.6,44.0,28.4,82,999.6,15.6,0.0,22,27,7,0,-3.5,-8.399999999999999,-13.888888888888884,-11.948790896159311
2026-07-27 23:00:00,18.9,55.3,165.0,10.0,5.5,45.0,28.7,79,999.2,15.0,0.0,23,27,7,0,-2.8000000000000007,-6.600000000000001,-12.903225806451612,-10.662358642972535
2026-07-28 00:00:00,18.4,52.6,149.0,9.1,5.4,45.0,28.4,79,999.1,14.0,0.1,0,28,7,1,-0.5,-2.6999999999999957,-2.645502645502651,-4.88245931283905
2026-07-28 01:00:00,16.6,44.8,133.0,8.2,5.2,45.0,28.3,79,998.6,13.4,0.0,1,28,7,1,-1.7999999999999972,-7.800000000000004,-9.782608695652161,-14.828897338403046
2026-07-28 02:00:00,15.6,40.0,121.0,7.4,5.0,45.0,28.0,81,998.0,14.4,0.0,2,28,7,1,-1.0000000000000018,-4.799999999999997,-6.024096385542177,-10.71428571428571
2026-07-28 03:00:00,14.4,35.6,112.0,6.4,4.8,46.0,27.9,80,997.5,14.9,0.0,3,28,7,1,-1.1999999999999993,-4.399999999999999,-7.692307692307687,-10.999999999999998
2026-07-28 04:00:00,13.3,32.4,107.0,5.5,4.7,46.0,27.9,80,997.3,15.1,0.0,4,28,7,1,-1.0999999999999996,-3.200000000000003,-7.638888888888884,-8.988764044943832
2026-07-28 05:00:00,14.5,41.2,120.0,5.4,4.7,47.0,27.9,86,997.3,15.6,0.1,5,28,7,1,1.1999999999999993,8.800000000000004,9.022556390977442,27.160493827160504
2026-07-28 06:00:00,14.7,38.9,169.0,6.4,4.9,47.0,27.7,87,997.4,14.5,0.0,6,28,7,1,0.1999999999999993,-2.3000000000000043,1.379310344827589,-5.582524271844669
2026-07-28 07:00:00,16.2,44.4,235.0,7.7,5.3,48.0,28.1,84,997.9,14.6,0.0,7,28,7,1,1.5,5.5,10.204081632653072,14.13881748071979
2026-07-28 08:00:00,20.1,56.3,275.0,8.2,5.5,51.0,29.0,78,998.2,15.3,0.0,8,28,7,1,3.900000000000002,11.899999999999999,24.07407407407409,26.801801801801805
2026-07-28 09:00:00,22.0,61.5,262.0,7.3,5.6,60.0,30.1,71,998.5,15.8,0.0,9,28,7,1,1.8999999999999986,5.200000000000003,9.45273631840795,9.23623445825934
2026-07-28 10:00:00,23.4,65.9,224.0,5.6,5.6,71.0,30.9,66,998.3,16.7,0.0,10,28,7,1,1.3999999999999986,4.400000000000006,6.363636363636349,7.154471544715446
2026-07-28 11:00:00,24.4,67.5,195.0,4.2,5.6,80.0,31.1,65,998.5,16.9,0.0,11,28,7,1,1.0,1.5999999999999943,4.2735042735042805,2.427921092564489
2026-07-28 12:00:00,25.0,68.9,190.0,3.5,5.5,85.0,31.4,64,998.4,17.3,0.0,12,28,7,1,0.6000000000000014,1.4000000000000057,2.459016393442637,2.0740740740740726
2026-07-28 13:00:00,25.5,69.8,194.0,3.1,5.3,87.0,31.3,65,998.0,16.6,0.0,13,28,7,1,0.5,0.8999999999999915,2.0000000000000018,1.3062409288824295
2026-07-28 14:00:00,25.1,67.5,203.0,3.2,5.1,86.0,31.7,63,997.5,17.6,0.0,14,28,7,1,-0.3999999999999986,-2.299999999999997,-1.5686274509803866,-3.2951289398280736
2026-07-28 15:00:00,25.0,66.4,218.0,3.8,5.0,81.0,31.8,62,996.8,17.8,0.0,15,28,7,1,-0.10000000000000142,-1.0999999999999943,-0.3984063745020028,-1.6296296296296253
2026-07-28 16:00:00,24.8,66.6,236.0,4.8,5.0,73.0,31.1,68,996.3,17.6,0.0,16,28,7,1,-0.1999999999999993,0.19999999999998863,-0.8000000000000007,0.30120481927709
2026-07-28 17:00:00,31.8,92.9,248.0,6.1,4.9,68.0,30.7,71,996.1,18.4,0.0,17,28,7,1,7.0,26.30000000000001,28.2258064516129,39.489489489489515
2026-07-28 18:00:00,30.0,85.2,246.0,8.3,5.1,62.0,29.7,76,996.2,19.0,0.1,18,28,7,1,-1.8000000000000007,-7.700000000000003,-5.660377358490565,-8.288482238966633
2026-07-28 19:00:00,27.8,74.0,238.0,11.3,5.4,53.0,28.9,81,996.7,16.9,0.0,19,28,7,1,-2.1999999999999993,-11.200000000000003,-7.333333333333336,-13.145539906103288
2026-07-28 20:00:00,27.1,64.3,229.0,13.4,5.6,47.0,28.6,82,996.9,15.9,0.0,20,28,7,1,-0.6999999999999993,-9.700000000000003,-2.517985611510787,-13.108108108108107
2026-07-28 21:00:00,26.8,61.0,224.0,13.8,5.8,46.0,28.8,79,997.9,14.0,0.0,21,28,7,1,-0.3000000000000007,-3.299999999999997,-1.1070110701107083,-5.132192846034211
2026-07-28 22:00:00,24.9,54.6,219.0,13.2,6.1,47.0,28.6,82,998.6,12.2,0.0,22,28,7,1,-1.9000000000000021,-6.399999999999999,-7.0895522388059735,-10.491803278688527
2026-07-28 23:00:00,25.7,55.1,208.0,12.3,6.1,49.0,28.9,82,998.5,10.4,0.0,23,28,7,1,0.8000000000000007,0.5,3.2128514056224855,0.9157509157509125
2026-07-29 00:00:00,26.0,53.8,185.0,11.0,5.8,50.0,28.6,85,998.4,11.4,0.0,0,29,7,2,0.3000000000000007,-1.3000000000000043,1.1673151750972721,-2.359346642468252
2026-07-29 01:00:00,25.0,50.5,156.0,9.3,5.4,51.0,28.3,87,998.2,12.0,0.0,1,29,7,2,-1.0,-3.299999999999997,-3.8461538461538436,-6.13382899628252
2026-07-29 02:00:00,23.3,47.3,135.0,7.8,5.0,52.0,28.2,86,997.8,12.4,0.0,2,29,7,2,-1.6999999999999993,-3.200000000000003,-6.799999999999995,-6.336633663366342
2026-07-29 03:00:00,21.5,44.1,125.0,6.5,4.8,52.0,27.7,91,997.4,12.9,0.0,3,29,7,2,-1.8000000000000007,-3.1999999999999957,-7.725321888412018,-6.7653276955602415
2026-07-29 04:00:00,20.0,41.3,122.0,5.5,4.6,52.0,27.7,92,997.3,12.8,0.0,4,29,7,2,-1.5,-2.8000000000000043,-6.976744186046513,-6.34920634920636
2026-07-29 05:00:00,19.8,42.3,136.0,4.9,4.3,54.0,28.0,91,997.2,11.9,0.0,5,29,7,2,-0.1999999999999993,1.0,-1.0000000000000009,2.421307506053272
2026-07-29 06:00:00,19.4,41.1,181.0,6.2,4.5,52.0,28.0,91,997.6,12.4,0.0,6,29,7,2,-0.40000000000000213,-1.1999999999999957,-2.020202020202033,-2.8368794326241065
2026-07-29 07:00:00,19.6,42.7,241.0,7.8,4.9,50.0,28.4,87,997.9,15.1,0.0,7,29,7,2,0.20000000000000284,1.6000000000000014,1.030927835051565,3.8929440389294356
2026-07-29 08:00:00,22.9,52.4,278.0,8.7,5.2,52.0,29.3,81,998.2,16.5,0.0,8,29,7,2,3.299999999999997,9.699999999999996,16.836734693877542,22.7166276346604
2026-07-29 09:00:00,25.1,58.9,268.0,8.0,5.5,60.0,30.4,75,998.5,16.6,0.0,9,29,7,2,2.200000000000003,6.5,9.606986899563342,12.404580152671763
2026-07-29 10:00:00,27.2,66.1,235.0,6.4,5.7,72.0,31.8,66,998.6,15.9,0.0,10,29,7,2,2.099999999999998,7.199999999999996,8.366533864541825,12.224108658743615
2026-07-29 11:00:00,26.8,63.8,210.0,5.2,5.8,81.0,32.2,64,998.8,16.1,0.0,11,29,7,2,-0.3999999999999986,-2.299999999999997,-1.4705882352941124,-3.479576399394857
2026-07-29 12:00:00,27.4,66.6,206.0,4.5,5.8,87.0,32.8,61,998.7,14.9,0.0,12,29,7,2,0.5999999999999979,2.799999999999997,2.238805970149249,4.3887147335423204
2026-07-29 13:00:00,27.6,66.8,210.0,4.2,5.7,91.0,33.2,59,998.3,14.9,0.0,13,29,7,2,0.20000000000000284,0.20000000000000284,0.7299270072992803,0.30030030030030463
2026-07-29 14:00:00,27.5,66.1,219.0,4.3,5.6,91.0,32.5,64,997.8,16.3,0.0,14,29,7,2,-0.10000000000000142,-0.7000000000000028,-0.36231884057971175,-1.0479041916167664
2026-07-29 15:00:00,27.6,66.4,234.0,5.0,5.5,86.0,31.6,68,997.3,18.1,0.0,15,29,7,2,0.10000000000000142,0.30000000000001137,0.363636363636366,0.4538577912254427
2026-07-29 16:00:00,27.4,64.7,253.0,6.2,5.5,77.0,31.0,71,996.9,17.1,0.0,16,29,7,2,-0.20000000000000284,-1.7000000000000028,-0.7246376811594346,-2.56024096385542
2026-07-29 17:00:00,30.3,75.2,268.0,8.3,5.8,71.0,31.0,72,997.1,14.9,0.0,17,29,7,2,2.900000000000002,10.5,10.58394160583942,16.228748068006183
2026-07-29 18:00:00,29.5,70.5,275.0,10.8,6.0,64.0,29.9,77,997.2,14.3,0.0,18,29,7,2,-0.8000000000000007,-4.700000000000003,-2.640264026402639,-6.25
2026-07-29 19:00:00,28.6,66.1,278.0,14.3,6.3,55.0,28.9,83,997.3,14.1,0.0,19,29,7,2,-0.8999999999999986,-4.400000000000006,-3.050847457627115,-6.241134751773059
2026-07-29 20:00:00,26.4,60.3,279.0,16.9,6.6,47.0,28.4,85,997.9,11.6,0.0,20,29,7,2,-2.200000000000003,-5.799999999999997,-7.692307692307699,-8.774583963691374
2026-07-29 21:00:00,23.6,54.0,283.0,18.1,7.0,43.0,28.6,84,998.9,10.7,0.0,21,29,7,2,-2.799999999999997,-6.299999999999997,-10.606060606060597,-10.447761194029848
2026-07-29 22:00:00,22.5,49.5,286.0,18.5,7.4,42.0,28.6,83,999.2,8.6,0.0,22,29,7,2,-1.1000000000000014,-4.5,-4.661016949152552,-8.333333333333337
2026-07-29 23:00:00,22.0,46.9,277.0,18.2,7.6,41.0,28.8,84,998.6,8.9,0.0,23,29,7,2,-0.5,-2.6000000000000014,-2.2222222222222254,-5.252525252525253
2026-07-30 00:00:00,21.2,44.1,245.0,17.0,7.3,41.0,28.4,87,998.1,9.7,0.0,0,30,7,3,-0.8000000000000007,-2.799999999999997,-3.6363636363636376,-5.970149253731338
2026-07-30 01:00:00,20.2,41.4,201.0,15.0,6.7,42.0,28.4,87,998.0,9.0,0.0,1,30,7,3,-1.0,-2.700000000000003,-4.716981132075471,-6.1224489795918435
2026-07-30 02:00:00,19.0,39.5,167.0,13.0,6.2,44.0,28.1,89,997.8,8.9,0.0,2,30,7,3,-1.1999999999999993,-1.8999999999999986,-5.940594059405935,-4.589371980676327
2026-07-30 03:00:00,18.3,38.9,147.0,11.0,5.9,46.0,28.0,90,997.1,9.7,0.0,3,30,7,3,-0.6999999999999993,-0.6000000000000014,-3.68421052631579,-1.51898734177216
2026-07-30 04:00:00,17.8,38.6,137.0,8.9,5.8,48.0,27.8,90,996.7,10.5,0.0,4,30,7,3,-0.5,-0.29999999999999716,-2.732240437158473,-0.7712082262210762
2026-07-30 05:00:00,17.4,37.6,152.0,8.4,5.8,48.0,28.0,91,996.9,8.9,0.0,5,30,7,3,-0.40000000000000213,-1.0,-2.2471910112359716,-2.590673575129532
2026-07-30 06:00:00,18.0,40.3,214.0,9.2,6.2,48.0,27.9,91,996.8,9.0,0.0,6,30,7,3,0.6000000000000014,2.6999999999999957,3.4482758620689724,7.180851063829774
2026-07-30 07:00:00,20.6,50.9,300.0,10.2,6.8,50.0,28.4,88,997.1,8.7,0.0,7,30,7,3,2.6000000000000014,10.600000000000001,14.44444444444446,26.302729528535984
2026-07-30 08:00:00,23.3,61.0,354.0,10.5,7.6,56.0,29.4,81,997.3,9.2,0.0,8,30,7,3,2.6999999999999993,10.100000000000001,13.10679611650485,19.842829076620827
2026-07-30 09:00:00,29.9,82.4,343.0,9.6,8.8,71.0,30.9,73,997.6,9.1,0.0,9,30,7,3,6.599999999999998,21.400000000000006,28.326180257510725,35.081967213114766
2026-07-30 10:00:00,30.4,85.7,300.0,8.1,10.2,91.0,32.1,67,997.5,8.5,0.0,10,30,7,3,0.5,3.299999999999997,1.6722408026755842,4.0048543689320315
2026-07-30 11:00:00,34.9,95.0,267.0,6.7,10.9,108.0,32.1,68,997.8,9.9,0.0,11,30,7,3,4.5,9.299999999999997,14.802631578947366,10.851808634772464
2026-07-30 12:00:00,36.6,92.7,259.0,5.6,10.5,121.0,32.8,66,997.3,10.6,0.0,12,30,7,3,1.7000000000000028,-2.299999999999997,4.871060171919783,-2.421052631578946
2026-07-30 13:00:00,35.7,86.8,261.0,4.8,9.4,131.0,32.9,66,997.1,11.2,0.0,13,30,7,3,-0.8999999999999986,-5.900000000000006,-2.4590163934426146,-6.364617044228704
2026-07-30 14:00:00,33.5,79.6,269.0,4.6,8.5,133.0,32.9,67,996.4,12.9,0.0,14,30,7,3,-2.200000000000003,-7.200000000000003,-6.16246498599441,-8.294930875576046
2026-07-30 15:00:00,31.4,75.4,287.0,5.3,8.0,123.0,32.3,69,995.9,13.0,0.0,15,30,7,3,-2.1000000000000014,-4.199999999999989,-6.26865671641792,-5.276381909547723
2026-07-30 16:00:00,30.4,75.2,310.0,6.8,7.6,106.0,31.8,70,995.3,12.2,0.0,16,30,7,3,-1.0,-0.20000000000000284,-3.1847133757961776,-0.2652519893899252
2026-07-30 17:00:00,36.4,95.2,327.0,9.1,8.4,96.0,31.4,72,995.2,13.5,0.0,17,30,7,3,6.0,20.0,19.736842105263165,26.595744680851062
2026-07-30 18:00:00,34.5,90.1,331.0,12.6,8.2,81.0,30.4,77,995.2,13.2,0.0,18,30,7,3,-1.8999999999999986,-5.1000000000000085,-5.219780219780212,-5.357142857142872
2026-07-30 19:00:00,32.6,82.7,328.0,17.3,8.0,61.0,29.7,81,995.6,10.7,0.0,19,30,7,3,-1.8999999999999986,-7.3999999999999915,-5.507246376811592,-8.213096559378464
2026-07-30 20:00:00,28.8,72.6,321.0,20.9,8.0,46.0,29.2,84,996.1,9.6,0.0,20,30,7,3,-3.8000000000000007,-10.100000000000009,-11.65644171779141,-12.212817412333743
2026-07-30 21:00:00,27.3,69.2,314.0,22.1,8.3,41.0,29.1,84,996.6,8.3,0.0,21,30,7,3,-1.5,-3.3999999999999915,-5.2083333333333375,-4.683195592286493
2026-07-30 22:00:00,27.1,67.3,304.0,22.1,8.8,42.0,29.2,83,997.5,9.0,0.0,22,30,7,3,-0.1999999999999993,-1.9000000000000057,-0.73260073260073,-2.7456647398844014
2026-07-30 23:00:00,27.0,62.9,284.0,22.0,9.1,42.0,29.4,84,997.6,8.5,0.0,23,30,7,3,-0.10000000000000142,-4.399999999999999,-0.3690036900369065,-6.537890044576522
2026-07-31 00:00:00,26.8,59.1,246.0,22.5,9.1,40.0,28.8,87,997.0,7.6,0.0,0,31,7,4,-0.1999999999999993,-3.799999999999997,-0.7407407407407418,-6.0413354531001495
2026-07-31 01:00:00,26.0,54.5,200.0,22.8,8.9,38.0,28.5,88,996.4,5.7,0.0,1,31,7,4,-0.8000000000000007,-4.600000000000001,-2.985074626865669,-7.783417935702197
2026-07-31 02:00:00,24.7,49.2,165.0,22.1,8.6,37.0,28.2,91,995.7,5.6,0.0,2,31,7,4,-1.3000000000000007,-5.299999999999997,-5.000000000000004,-9.724770642201829
2026-07-31 03:00:00,23.4,46.2,144.0,19.3,8.1,39.0,28.0,92,995.8,8.1,0.0,3,31,7,4,-1.3000000000000007,-3.0,-5.263157894736848,-6.097560975609751
2026-07-31 04:00:00,21.9,44.4,135.0,15.4,7.6,43.0,27.8,93,995.8,9.1,0.0,4,31,7,4,-1.5,-1.8000000000000043,-6.41025641025641,-3.8961038961039085
2026-07-31 05:00:00,21.6,44.2,154.0,14.0,7.9,44.0,28.2,91,995.8,7.8,0.0,5,31,7,4,-0.29999999999999716,-0.19999999999999574,-1.3698630136986134,-0.45045045045044585
2026-07-31 06:00:00,21.3,43.1,229.0,14.5,8.7,45.0,27.9,93,995.9,6.3,0.0,6,31,7,4,-0.3000000000000007,-1.1000000000000014,-1.388888888888895,-2.488687782805432
2026-07-31 07:00:00,24.0,54.5,331.0,15.0,9.9,47.0,28.3,90,996.3,5.2,0.0,7,31,7,4,2.6999999999999993,11.399999999999999,12.676056338028175,26.450116009280734
2026-07-31 08:00:00,26.8,71.2,398.0,14.8,10.9,55.0,29.4,82,996.4,6.3,0.0,8,31,7,4,2.8000000000000007,16.700000000000003,11.66666666666667,30.64220183486239
2026-07-31 09:00:00,31.4,93.1,393.0,13.2,11.6,75.0,30.8,74,996.4,7.3,0.0,9,31,7,4,4.599999999999998,21.89999999999999,17.164179104477604,30.75842696629212
2026-07-31 10:00:00,35.4,102.2,352.0,10.7,12.2,101.0,31.8,70,996.6,7.3,0.0,10,31,7,4,4.0,9.100000000000009,12.73885350318471,9.774436090225569
2026-07-31 11:00:00,39.8,108.3,316.0,8.6,12.3,123.0,33.0,64,996.6,9.2,0.0,11,31,7,4,4.399999999999999,6.099999999999994,12.429378531073443,5.96868884540116
2026-07-31 12:00:00,42.8,109.4,298.0,6.9,11.8,139.0,33.2,64,996.2,10.9,0.0,12,31,7,4,3.0,1.1000000000000085,7.537688442211055,1.0156971375808066
2026-07-31 13:00:00,42.6,103.4,286.0,5.5,10.9,150.0,33.2,64,995.8,12.2,0.0,13,31,7,4,-0.19999999999999574,-6.0,-0.4672897196261627,-5.484460694698356
2026-07-31 14:00:00,40.5,95.2,285.0,5.0,10.1,153.0,33.3,63,995.0,11.6,0.0,14,31,7,4,-2.1000000000000014,-8.200000000000003,-4.929577464788737,-7.930367504835589
2026-07-31 15:00:00,38.0,88.2,307.0,5.7,9.4,142.0,33.0,65,994.1,11.8,0.0,15,31,7,4,-2.5,-7.0,-6.172839506172845,-7.352941176470584
2026-07-31 16:00:00,35.4,82.4,340.0,7.3,8.8,122.0,32.2,70,993.8,12.5,0.0,16,31,7,4,-2.6000000000000014,-5.799999999999997,-6.842105263157894,-6.575963718820854
2026-07-31 17:00:00,38.5,88.7,357.0,10.2,10.3,128.0,31.9,72,993.8,11.6,0.0,17,31,7,4,3.1000000000000014,6.299999999999997,8.757062146892668,7.645631067961167
2026-07-31 18:00:00,36.0,84.5,342.0,15.1,9.7,103.0,31.0,76,993.8,10.8,0.0,18,31,7,4,-2.5,-4.200000000000003,-6.493506493506496,-4.7350620067643785
2026-07-31 19:00:00,33.5,79.6,310.0,21.7,8.8,68.0,30.2,82,994.8,9.7,0.0,19,31,7,4,-2.5,-4.900000000000006,-6.944444444444442,-5.798816568047349
2026-07-31 20:00:00,29.8,71.2,287.0,26.3,8.2,42.0,29.7,86,995.6,9.2,0.0,20,31,7,4,-3.6999999999999993,-8.399999999999991,-11.044776119402988,-10.552763819095468
2026-07-31 21:00:00,27.0,65.2,285.0,26.8,8.1,34.0,29.6,87,996.3,7.5,0.0,21,31,7,4,-2.8000000000000007,-6.0,-9.395973154362414,-8.42696629213483
2026-07-31 22:00:00,25.7,64.3,292.0,25.3,8.4,34.0,29.5,87,997.0,4.0,0.0,22,31,7,4,-1.3000000000000007,-0.9000000000000057,-4.814814814814817,-1.3803680981595123
2026-07-31 23:00:00,25.1,62.2,286.0,23.8,8.6,35.0,29.5,86,997.1,4.6,0.0,23,31,7,4,-0.5999999999999979,-2.0999999999999943,-2.3346303501945442,-3.265940902021769
2026-08-01 00:00:00,25.1,58.8,255.0,23.2,8.8,34.0,29.2,87,996.6,4.8,0.0,0,1,8,5,0.0,-3.4000000000000057,0.0,-5.4662379421221985
2026-08-01 01:00:00,24.6,57.2,213.0,22.7,8.9,33.0,29.1,87,996.5,2.5,0.0,1,1,8,5,-0.5,-1.5999999999999943,-1.9920318725099584,-2.7210884353741416
2026-08-01 02:00:00,23.9,55.2,180.0,22.0,9.1,33.0,28.9,88,996.3,2.2,0.0,2,1,8,5,-0.7000000000000028,-2.0,-2.8455284552845628,-3.4965034965035002
2026-08-01 03:00:00,23.0,52.0,157.0,20.8,9.3,32.0,28.7,90,996.2,4.2,0.0,3,1,8,5,-0.8999999999999986,-3.200000000000003,-3.765690376569031,-5.797101449275366
2026-08-01 04:00:00,22.2,50.1,144.0,19.5,9.5,31.0,28.3,93,996.0,7.4,0.0,4,1,8,5,-0.8000000000000007,-1.8999999999999986,-3.4782608695652195,-3.653846153846152
2026-08-01 05:00:00,22.9,53.7,159.0,19.3,10.3,31.0,28.9,90,996.5,5.4,0.0,5,1,8,5,0.6999999999999993,3.6000000000000014,3.153153153153143,7.185628742514982
2026-08-01 06:00:00,22.7,53.8,230.0,19.7,10.6,32.0,28.8,91,997.1,5.7,0.0,6,1,8,5,-0.1999999999999993,0.09999999999999432,-0.8733624454148492,0.18621973929235924
2026-08-01 07:00:00,25.1,67.8,329.0,20.2,11.1,34.0,29.2,88,997.8,6.4,0.0,7,1,8,5,2.400000000000002,14.0,10.572687224669618,26.02230483271375
2026-08-01 08:00:00,27.8,81.7,399.0,19.8,11.9,41.0,30.1,83,997.9,5.6,0.0,8,1,8,5,2.6999999999999993,13.900000000000006,10.756972111553775,20.501474926253692
2026-08-01 09:00:00,31.2,92.2,414.0,18.1,13.4,57.0,31.0,77,997.9,5.3,0.0,9,1,8,5,3.3999999999999986,10.5,12.230215827338121,12.851897184822514
2026-08-01 10:00:00,34.7,101.3,398.0,15.6,15.2,78.0,32.3,72,998.0,6.3,0.0,10,1,8,5,3.5000000000000036,9.099999999999994,11.217948717948723,9.869848156182215
2026-08-01 11:00:00,38.9,107.6,370.0,13.0,15.9,96.0,32.2,71,998.7,11.3,0.0,11,1,8,5,4.199999999999996,6.299999999999997,12.103746397694515,6.219151036525172
2026-08-01 12:00:00,41.8,107.3,323.0,10.1,14.5,111.0,32.4,69,998.5,12.9,0.0,12,1,8,5,2.8999999999999986,-0.29999999999999716,7.455012853470433,-0.27881040892192566
2026-08-01 13:00:00,41.2,101.5,262.0,7.1,12.0,122.0,32.6,66,998.0,13.8,0.0,13,1,8,5,-0.5999999999999943,-5.799999999999997,-1.4354066985645786,-5.405405405405405
2026-08-01 14:00:00,37.8,94.1,223.0,5.4,9.8,124.0,32.5,66,997.7,15.8,0.0,14,1,8,5,-3.4000000000000057,-7.400000000000006,-8.252427184466038,-7.290640394088676
2026-08-01 15:00:00,33.6,86.8,225.0,5.6,8.2,109.0,32.3,67,996.9,15.9,0.0,15,1,8,5,-4.199999999999996,-7.299999999999997,-11.111111111111105,-7.757704569606794
2026-08-01 16:00:00,31.8,86.8,249.0,7.0,6.8,85.0,31.1,73,997.0,16.3,0.0,16,1,8,5,-1.8000000000000007,0.0,-5.35714285714286,0.0
2026-08-01 17:00:00,31.7,90.6,267.0,11.3,6.6,63.0,30.8,72,997.0,14.9,0.0,17,1,8,5,-0.10000000000000142,3.799999999999997,-0.3144654088050314,4.377880184331784
2026-08-01 18:00:00,30.0,84.5,271.0,13.0,6.4,56.0,30.1,75,997.0,13.8,0.0,18,1,8,5,-1.6999999999999993,-6.099999999999994,-5.3627760252365935,-6.732891832229571
2026-08-01 19:00:00,27.3,76.6,270.0,15.2,6.0,47.0,29.5,78,997.4,12.0,0.0,19,1,8,5,-2.6999999999999993,-7.900000000000006,-8.999999999999996,-9.34911242603551
2026-08-01 20:00:00,25.0,71.2,260.0,16.4,5.8,41.0,29.2,79,998.0,11.9,0.0,20,1,8,5,-2.3000000000000007,-5.3999999999999915,-8.424908424908429,-7.049608355091374
2026-08-01 21:00:00,23.7,68.7,235.0,15.6,5.8,40.0,29.0,80,998.5,11.5,0.0,21,1,8,5,-1.3000000000000007,-2.5,-5.200000000000005,-3.51123595505618
2026-08-01 22:00:00,23.1,66.6,201.0,13.7,5.8,41.0,28.8,81,998.6,12.2,0.0,22,1,8,5,-0.5999999999999979,-2.1000000000000085,-2.5316455696202445,-3.056768558951972
2026-08-01 23:00:00,22.4,62.4,171.0,11.8,5.8,42.0,29.0,77,999.5,11.5,0.0,23,1,8,5,-0.7000000000000028,-4.199999999999996,-3.0303030303030387,-6.306306306306297
2026-08-02 00:00:00,21.1,56.5,150.0,10.2,5.5,43.0,28.9,78,999.4,10.7,0.0,0,2,8,6,-1.2999999999999972,-5.899999999999999,-5.803571428571419,-9.455128205128204
2026-08-02 01:00:00,20.3,54.2,135.0,8.7,5.1,44.0,28.7,79,999.0,10.6,0.0,1,2,8,6,-0.8000000000000007,-2.299999999999997,-3.791469194312802,-4.070796460176984
2026-08-02 02:00:00,19.0,49.9,124.0,7.4,4.8,45.0,28.6,80,998.8,9.0,0.0,2,2,8,6,-1.3000000000000007,-4.300000000000004,-6.403940886699511,-7.933579335793361
2026-08-02 03:00:00,18.7,49.4,115.0,6.4,4.7,46.0,28.5,80,998.9,10.4,0.0,3,2,8,6,-0.3000000000000007,-0.5,-1.5789473684210575,-1.002004008016033
2026-08-02 04:00:00,18.2,48.3,112.0,5.8,4.6,46.0,28.5,80,999.0,11.4,0.0,4,2,8,6,-0.5,-1.1000000000000014,-2.67379679144385,-2.2267206477732837
2026-08-02 05:00:00,20.9,61.2,124.0,5.2,4.7,49.0,28.5,80,999.4,11.1,0.1,5,2,8,6,2.6999999999999993,12.900000000000006,14.835164835164827,26.708074534161508
2026-08-02 06:00:00,19.6,55.5,169.0,5.9,4.9,48.0,28.3,81,999.5,11.4,0.0,6,2,8,6,-1.2999999999999972,-5.700000000000003,-6.220095693779893,-9.313725490196079
2026-08-02 07:00:00,20.4,61.0,231.0,6.8,5.2,48.0,28.2,82,999.6,11.3,0.0,7,2,8,6,0.7999999999999972,5.5,4.081632653061207,9.90990990990992
2026-08-02 08:00:00,23.1,68.2,268.0,7.2,5.6,50.0,28.4,81,1000.2,10.7,0.0,8,2,8,6,2.700000000000003,7.200000000000003,13.23529411764708,11.8032786885246
2026-08-02 09:00:00,24.2,71.5,257.0,6.5,6.1,57.0,28.6,79,1000.6,11.6,0.0,9,2,8,6,1.0999999999999979,3.299999999999997,4.761904761904745,4.8387096774193505
2026-08-02 10:00:00,25.3,75.7,221.0,5.4,6.6,66.0,29.2,76,1000.7,11.3,0.0,10,2,8,6,1.1000000000000014,4.200000000000003,4.545454545454541,5.8741258741258795
2026-08-02 11:00:00,26.4,78.9,193.0,4.3,6.8,73.0,28.9,74,1001.6,10.5,0.1,11,2,8,6,1.0999999999999979,3.200000000000003,4.347826086956519,4.2272126816380595
2026-08-02 12:00:00,27.2,80.6,183.0,3.5,6.5,77.0,28.9,75,1001.4,12.2,0.2,12,2,8,6,0.8000000000000007,1.6999999999999886,3.0303030303030276,2.154626108998725
2026-08-02 13:00:00,26.4,76.8,180.0,2.9,5.8,80.0,29.0,75,1001.2,12.3,0.2,13,2,8,6,-0.8000000000000007,-3.799999999999997,-2.941176470588236,-4.714640198511166
2026-08-02 14:00:00,25.2,71.9,182.0,2.7,5.3,79.0,29.2,74,1001.0,12.6,0.1,14,2,8,6,-1.1999999999999993,-4.8999999999999915,-4.545454545454541,-6.380208333333326
2026-08-02 15:00:00,23.6,65.0,192.0,3.3,5.0,72.0,29.3,73,999.9,15.0,0.0,15,2,8,6,-1.5999999999999979,-6.900000000000006,-6.349206349206337,-9.596662030598058
2026-08-02 16:00:00,22.8,61.7,207.0,4.4,4.9,61.0,29.3,71,999.9,12.2,0.0,16,2,8,6,-0.8000000000000007,-3.299999999999997,-3.3898305084745783,-5.076923076923068
2026-08-02 17:00:00,26.4,77.8,216.0,7.2,5.4,49.0,29.6,71,999.7,12.6,0.0,17,2,8,6,3.599999999999998,16.099999999999994,15.78947368421051,26.09400324149107
2026-08-02 18:00:00,26.5,76.1,213.0,8.3,5.6,47.0,29.2,72,999.7,11.8,0.0,18,2,8,6,0.10000000000000142,-1.7000000000000028,0.37878787878788955,-2.185089974293064
2026-08-02 19:00:00,26.8,74.5,204.0,9.9,5.9,44.0,28.7,77,1000.2,11.0,0.0,19,2,8,6,0.3000000000000007,-1.5999999999999943,1.132075471698113,-2.1024967148488782
2026-08-02 20:00:00,27.3,73.6,192.0,11.2,6.1,41.0,28.5,79,1000.7,10.4,0.0,20,2,8,6,0.5,-0.9000000000000057,1.8656716417910557,-1.2080536912751794
2026-08-02 21:00:00,27.8,69.2,178.0,12.0,6.4,39.0,28.5,79,1001.2,11.0,0.0,21,2,8,6,0.5,-4.3999999999999915,1.831501831501825,-5.978260869565211
2026-08-02 22:00:00,28.8,70.3,163.0,12.6,6.6,38.0,28.3,80,1001.6,12.4,0.0,22,2,8,6,1.0,1.0999999999999943,3.597122302158273,1.5895953757225412
2026-08-02 23:00:00,25.3,63.8,149.0,12.4,6.6,37.0,28.2,81,1002.0,11.0,0.0,23,2,8,6,-3.5,-6.5,-12.152777777777779,-9.246088193456615
2026-08-03 00:00:00,27.5,68.0,138.0,11.1,6.2,38.0,27.9,83,1001.6,11.6,0.0,0,3,8,0,2.1999999999999993,4.200000000000003,8.695652173913038,6.583072100313481
2026-08-03 01:00:00,30.4,77.1,128.0,9.1,5.7,40.0,27.5,84,1001.4,11.0,0.0,1,3,8,0,2.8999999999999986,9.099999999999994,10.545454545454547,13.382352941176467
2026-08-03 02:00:00,30.0,74.7,123.0,7.4,5.2,41.0,27.3,85,1000.9,9.4,0.0,2,3,8,0,-0.3999999999999986,-2.3999999999999915,-1.3157894736842035,-3.112840466926059
2026-08-03 03:00:00,29.8,74.0,117.0,6.1,4.9,42.0,27.2,86,1000.9,9.5,0.0,3,3,8,0,-0.1999999999999993,-0.7000000000000028,-0.6666666666666599,-0.9370816599732268
2026-08-03 04:00:00,27.8,70.8,116.0,5.2,4.6,43.0,27.3,85,1001.0,8.9,0.0,4,3,8,0,-2.0,-3.200000000000003,-6.711409395973156,-4.324324324324325
2026-08-03 05:00:00,26.8,69.2,132.0,5.0,4.7,44.0,28.1,82,1000.5,11.3,0.0,5,3,8,0,-1.0,-1.5999999999999943,-3.597122302158273,-2.259887005649708
2026-08-03 06:00:00,25.2,65.4,187.0,7.5,5.3,42.0,27.9,83,1000.6,11.4,0.0,6,3,8,0,-1.6000000000000014,-3.799999999999997,-5.97014925373135,-5.491329479768781
2026-08-03 07:00:00,24.2,61.7,260.0,10.9,6.2,40.0,28.1,82,1001.1,12.9,0.0,7,3,8,0,-1.0,-3.700000000000003,-3.9682539682539653,-5.657492354740068
2026-08-03 08:00:00,26.5,71.2,305.0,12.9,6.8,39.0,28.4,79,1001.6,12.8,0.0,8,3,8,0,2.3000000000000007,9.5,9.50413223140496,15.397082658022686
2026-08-03 09:00:00,26.1,70.8,293.0,12.3,6.9,41.0,28.6,78,1001.8,12.7,0.0,9,3,8,0,-0.3999999999999986,-0.4000000000000057,-1.5094339622641506,-0.5617977528090012
2026-08-03 10:00:00,25.6,71.0,252.0,10.4,6.8,45.0,29.2,74,1002.1,13.5,0.0,10,3,8,0,-0.5,0.20000000000000284,-1.9157088122605415,0.28248587570622874
2026-08-03 11:00:00,25.5,72.4,220.0,8.7,6.6,49.0,30.2,69,1002.7,14.3,0.0,11,3,8,0,-0.10000000000000142,1.4000000000000057,-0.390625,1.9718309859154903
2026-08-03 12:00:00,25.6,72.2,209.0,7.7,6.4,52.0,30.0,70,1002.5,15.3,0.1,12,3,8,0,0.10000000000000142,-0.20000000000000284,0.39215686274509665,-0.2762430939226568
2026-08-03 13:00:00,25.2,69.8,207.0,7.1,6.1,55.0,30.8,68,1002.2,15.4,0.0,13,3,8,0,-0.40000000000000213,-2.4000000000000057,-1.562500000000011,-3.3240997229917024
2026-08-03 14:00:00,24.9,67.8,210.0,6.8,5.8,56.0,31.0,68,1001.6,15.6,0.0,14,3,8,0,-0.3000000000000007,-2.0,-1.1904761904761973,-2.865329512893988
2026-08-03 15:00:00,24.4,64.5,222.0,6.8,5.6,56.0,30.8,67,1001.0,15.7,0.0,15,3,8,0,-0.5,-3.299999999999997,-2.008032128514059,-4.867256637168138
2026-08-03 16:00:00,24.1,61.5,240.0,7.3,5.5,55.0,30.3,70,1000.5,17.0,0.1,16,3,8,0,-0.29999999999999716,-3.0,-1.2295081967212962,-4.651162790697672
2026-08-03 17:00:00,29.0,75.9,251.0,8.7,5.6,53.0,30.1,68,1000.6,16.7,0.0,17,3,8,0,4.899999999999999,14.400000000000006,20.331950207468875,23.414634146341463
2026-08-03 18:00:00,29.6,76.4,249.0,11.8,5.9,48.0,29.3,72,1000.6,14.9,0.0,18,3,8,0,0.6000000000000014,0.5,2.0689655172413834,0.6587615283267567
2026-08-03 19:00:00,30.4,75.0,241.0,16.1,6.4,41.0,28.8,74,1000.5,13.9,0.0,19,3,8,0,0.7999999999999972,-1.4000000000000057,2.7027027027026973,-1.832460732984298
2026-08-03 20:00:00,28.9,65.2,236.0,19.3,6.8,36.0,28.6,75,1001.2,14.4,0.1,20,3,8,0,-1.5,-9.799999999999997,-4.934210526315786,-13.06666666666666
2026-08-03 21:00:00,27.4,60.8,241.0,20.8,7.2,34.0,28.4,77,1001.6,14.5,0.1,21,3,8,0,-1.5,-4.400000000000006,-5.190311418685123,-6.748466257668717
2026-08-03 22:00:00,27.6,61.2,247.0,21.3,7.5,33.0,28.2,79,1002.2,14.1,0.1,22,3,8,0,0.20000000000000284,0.4000000000000057,0.7299270072992803,0.657894736842124
2026-08-03 23:00:00,27.9,61.7,243.0,20.6,7.6,33.0,28.1,78,1002.3,12.1,0.0,23,3,8,0,0.29999999999999716,0.5,1.086956521739113,0.8169934640522847
2026-08-04 00:00:00,28.1,63.1,215.0,18.1,7.2,35.0,27.8,80,1002.4,11.7,0.0,0,4,8,1,0.20000000000000284,1.3999999999999986,0.7168458781362075,2.269043760129663
2026-08-04 01:00:00,32.1,77.3,176.0,14.4,6.4,39.0,27.6,82,1002.1,11.8,0.0,1,4,8,1,4.0,14.199999999999996,14.234875444839856,22.50396196513469
2026-08-04 02:00:00,28.8,67.8,147.0,11.2,5.8,42.0,27.5,82,1001.8,11.5,0.0,2,4,8,1,-3.3000000000000007,-9.5,-10.280373831775702,-12.28978007761966
2026-08-04 03:00:00,25.1,58.7,133.0,8.9,5.4,44.0,27.4,83,1001.6,11.0,0.0,3,4,8,1,-3.6999999999999993,-9.099999999999994,-12.847222222222221,-13.421828908554566
2026-08-04 04:00:00,23.4,55.4,130.0,7.2,5.1,46.0,27.4,83,1001.7,10.0,0.0,4,4,8,1,-1.7000000000000028,-3.3000000000000043,-6.772908366533881,-5.621805792163547
2026-08-04 05:00:00,22.5,53.2,142.0,7.4,5.7,45.0,28.0,81,1001.9,9.9,0.0,5,4,8,1,-0.8999999999999986,-2.1999999999999957,-3.8461538461538436,-3.971119133573997
2026-08-04 06:00:00,22.6,53.2,185.0,8.2,5.9,46.0,27.8,81,1002.1,10.0,0.0,6,4,8,1,0.10000000000000142,0.0,0.4444444444444473,0.0
2026-08-04 07:00:00,23.7,58.3,243.0,9.2,6.2,48.0,28.3,77,1002.4,10.8,0.0,7,4,8,1,1.0999999999999979,5.099999999999994,4.867256637168138,9.58646616541352
2026-08-04 08:00:00,25.3,63.6,279.0,9.6,6.4,51.0,29.3,71,1003.0,13.3,0.0,8,4,8,1,1.6000000000000014,5.300000000000004,6.7510548523206815,9.090909090909104
2026-08-04 09:00:00,26.9,69.2,268.0,8.7,6.4,57.0,30.0,67,1003.2,14.4,0.0,9,4,8,1,1.5999999999999979,5.600000000000001,6.324110671936745,8.805031446540879
2026-08-04 10:00:00,27.0,71.2,234.0,7.1,6.2,64.0,30.3,67,1003.5,14.1,0.0,10,4,8,1,0.10000000000000142,2.0,0.3717472118959231,2.8901734104046284
2026-08-04 11:00:00,27.0,71.0,208.0,5.8,6.0,70.0,31.0,63,1003.4,15.4,0.0,11,4,8,1,0.0,-0.20000000000000284,0.0,-0.2808988764045006
2026-08-04 12:00:00,26.2,67.5,203.0,4.9,5.8,75.0,31.3,62,1003.2,15.2,0.0,12,4,8,1,-0.8000000000000007,-3.5,-2.9629629629629672,-4.929577464788737
2026-08-04 13:00:00,25.6,65.2,206.0,4.1,5.5,78.0,31.4,62,1002.7,14.9,0.0,13,4,8,1,-0.5999999999999979,-2.299999999999997,-2.2900763358778553,-3.4074074074074034
2026-08-04 14:00:00,25.5,64.7,214.0,4.1,5.3,79.0,31.3,63,1002.2,14.1,0.0,14,4,8,1,-0.10000000000000142,-0.5,-0.390625,-0.7668711656441674
2026-08-04 15:00:00,25.7,64.7,230.0,5.0,5.3,75.0,31.2,63,1001.5,13.8,0.0,15,4,8,1,0.1999999999999993,0.0,0.7843137254901933,0.0
2026-08-04 16:00:00,25.7,65.2,252.0,6.7,5.5,69.0,30.6,66,1000.8,13.7,0.0,16,4,8,1,0.0,0.5,0.0,0.7727975270479082
2026-08-04 17:00:00,27.8,70.5,265.0,7.9,5.6,66.0,30.5,67,1001.0,13.0,0.0,17,4,8,1,2.1000000000000014,5.299999999999997,8.17120622568095,8.128834355828207
2026-08-04 18:00:00,27.6,70.5,263.0,9.7,5.9,60.0,29.5,72,1000.9,13.7,0.0,18,4,8,1,-0.1999999999999993,0.0,-0.7194244604316502,0.0
2026-08-04 19:00:00,27.9,69.6,254.0,12.2,6.2,52.0,29.1,76,1001.3,13.8,0.0,19,4,8,1,0.29999999999999716,-0.9000000000000057,1.086956521739113,-1.276595744680864
2026-08-04 20:00:00,28.3,68.9,242.0,14.2,6.5,45.0,28.7,77,1002.0,14.6,0.0,20,4,8,1,0.40000000000000213,-0.6999999999999886,1.433691756272415,-1.0057471264367623
2026-08-04 21:00:00,27.8,66.6,231.0,15.5,6.7,42.0,28.4,78,1002.8,12.4,0.0,21,4,8,1,-0.5,-2.3000000000000114,-1.7667844522968212,-3.338171262699585
2026-08-04 22:00:00,25.1,57.5,219.0,16.2,6.8,40.0,28.2,79,1003.0,12.4,0.0,22,4,8,1,-2.6999999999999993,-9.099999999999994,-9.712230215827333,-13.66366366366366
2026-08-04 23:00:00,24.0,53.6,204.0,16.1,6.7,40.0,28.4,80,1002.6,11.7,0.0,23,4,8,1,-1.1000000000000014,-3.8999999999999986,-4.382470119521919,-6.78260869565217
2026-08-05 00:00:00,23.7,52.6,183.0,14.6,6.4,41.0,28.1,83,1002.1,12.1,0.0,0,5,8,2,-0.3000000000000007,-1.0,-1.2500000000000067,-1.8656716417910446
2026-08-05 01:00:00,23.2,51.5,158.0,12.2,5.8,43.0,27.9,85,1001.8,14.0,0.0,1,5,8,2,-0.5,-1.1000000000000014,-2.1097046413502074,-2.0912547528517123
2026-08-05 02:00:00,22.6,49.8,140.0,10.0,5.4,45.0,27.7,86,1001.6,13.8,0.0,2,5,8,2,-0.5999999999999979,-1.7000000000000028,-2.5862068965517127,-3.300970873786413
2026-08-05 03:00:00,21.6,47.6,127.0,8.2,5.1,47.0,27.6,87,1001.3,13.7,0.0,3,5,8,2,-1.0,-2.1999999999999957,-4.424778761061942,-4.417670682730912
2026-08-05 04:00:00,17.7,38.6,121.0,6.5,4.9,49.0,27.5,87,1000.8,13.3,0.0,4,5,8,2,-3.900000000000002,-9.0,-18.055555555555568,-18.907563025210084
2026-08-05 05:00:00,15.8,34.9,132.0,6.0,4.9,51.0,28.0,83,1000.6,11.7,0.0,5,5,8,2,-1.8999999999999986,-3.700000000000003,-10.734463276836149,-9.585492227979287
2026-08-05 06:00:00,16.1,36.0,180.0,7.2,5.2,50.0,27.8,85,1000.8,12.1,0.0,6,5,8,2,0.3000000000000007,1.1000000000000014,1.8987341772152,3.151862464183375
2026-08-05 07:00:00,17.8,41.8,245.0,8.8,5.6,50.0,28.0,83,1001.1,12.7,0.0,7,5,8,2,1.6999999999999993,5.799999999999997,10.559006211180112,16.1111111111111
2026-08-05 08:00:00,20.4,49.2,285.0,9.5,5.9,52.0,29.0,77,1001.2,14.0,0.0,8,5,8,2,2.599999999999998,7.400000000000006,14.606741573033698,17.703349282296664
2026-08-05 09:00:00,22.8,56.3,272.0,8.4,5.9,60.0,30.1,70,1001.4,13.8,0.0,9,5,8,2,2.400000000000002,7.099999999999994,11.764705882352944,14.430894308943088
2026-08-05 10:00:00,24.9,62.6,233.0,6.4,5.7,71.0,31.2,64,1001.3,14.9,0.0,10,5,8,2,2.099999999999998,6.300000000000004,9.210526315789469,11.190053285968027
2026-08-05 11:00:00,25.6,64.0,204.0,4.8,5.5,79.0,31.1,64,1001.0,16.3,0.0,11,5,8,2,0.7000000000000028,1.3999999999999986,2.8112449799196915,2.2364217252396124
2026-08-05 12:00:00,26.0,65.0,197.0,3.9,5.3,83.0,31.3,63,1000.8,16.7,0.0,12,5,8,2,0.3999999999999986,1.0,1.5625,1.5625
2026-08-05 13:00:00,26.0,64.0,200.0,3.5,5.0,84.0,31.5,61,1000.1,16.7,0.0,13,5,8,2,0.0,-1.0,0.0,-1.538461538461533
2026-08-05 14:00:00,25.8,63.1,207.0,3.5,4.8,83.0,31.7,62,999.7,17.7,0.0,14,5,8,2,-0.1999999999999993,-0.8999999999999986,-0.7692307692307665,-1.4062499999999978
2026-08-05 15:00:00,25.8,62.6,221.0,4.2,4.8,78.0,31.4,63,998.9,17.9,0.0,15,5,8,2,0.0,-0.5,0.0,-0.7923930269413626
2026-08-05 16:00:00,26.5,64.3,240.0,5.4,4.8,70.0,31.0,66,998.3,18.5,0.0,16,5,8,2,0.6999999999999993,1.6999999999999957,2.7131782945736482,2.7156549520766626
2026-08-05 17:00:00,36.1,90.1,249.0,6.6,4.8,63.0,30.3,70,998.4,18.2,0.0,17,5,8,2,9.600000000000001,25.799999999999997,36.226415094339636,40.124416796267504
2026-08-05 18:00:00,36.3,89.9,241.0,9.0,5.0,57.0,29.5,74,998.5,18.5,0.0,18,5,8,2,0.19999999999999574,-0.19999999999998863,0.5540166204986097,-0.221975582685896
2026-08-05 19:00:00,36.4,87.1,223.0,12.3,5.3,50.0,28.7,78,998.9,17.4,0.0,19,5,8,2,0.10000000000000142,-2.8000000000000114,0.27548209366392573,-3.1145717463848865
2026-08-05 20:00:00,35.5,80.8,208.0,14.4,5.5,44.0,28.3,80,999.2,16.0,0.0,20,5,8,2,-0.8999999999999986,-6.299999999999997,-2.4725274725274637,-7.233065442020658
2026-08-05 21:00:00,34.0,75.7,203.0,14.5,5.7,43.0,28.4,80,1000.1,14.0,0.0,21,5,8,2,-1.5,-5.099999999999994,-4.225352112676061,-6.311881188118806
2026-08-05 22:00:00,32.2,70.3,200.0,13.5,5.8,43.0,28.4,80,1000.5,13.0,0.0,22,5,8,2,-1.7999999999999972,-5.400000000000006,-5.294117647058815,-7.133421400264206
2026-08-05 23:00:00,27.2,61.5,192.0,12.2,5.8,44.0,28.5,81,1000.1,14.7,0.0,23,5,8,2,-5.0000000000000036,-8.799999999999997,-15.527950310559014,-12.517780938833567
2026-08-06 00:00:00,25.8,58.8,172.0,10.9,5.6,44.0,28.1,83,999.8,13.8,0.0,0,6,8,3,-1.3999999999999986,-2.700000000000003,-5.147058823529404,-4.390243902439028
2026-08-06 01:00:00,25.5,59.3,147.0,9.4,5.2,45.0,27.8,85,999.3,12.6,0.0,1,6,8,3,-0.3000000000000007,0.5,-1.1627906976744207,0.8503401360544283
2026-08-06 02:00:00,25.3,59.3,129.0,8.0,4.9,46.0,27.8,86,998.8,11.9,0.0,2,6,8,3,-0.1999999999999993,0.0,-0.7843137254901933,0.0
2026-08-06 03:00:00,24.6,58.1,120.0,6.8,4.7,47.0,27.6,87,998.5,13.0,0.0,3,6,8,3,-0.6999999999999993,-1.1999999999999957,-2.766798418972327,-2.02360876897133
2026-08-06 04:00:00,22.8,53.4,119.0,5.7,4.6,49.0,27.5,88,998.3,13.9,0.0,4,6,8,3,-1.8000000000000007,-4.700000000000003,-7.317073170731714,-8.089500860585208
2026-08-06 05:00:00,22.5,52.2,131.0,5.6,4.8,50.0,27.5,87,998.5,13.8,0.0,5,6,8,3,-0.3000000000000007,-1.1999999999999957,-1.3157894736842146,-2.2471910112359494
2026-08-06 06:00:00,22.4,50.8,171.0,7.1,5.0,49.0,27.4,88,998.9,13.5,0.0,6,6,8,3,-0.10000000000000142,-1.4000000000000057,-0.4444444444444473,-2.6819923371647625
2026-08-06 07:00:00,23.4,53.1,225.0,9.0,5.3,49.0,27.8,85,999.2,15.9,0.0,7,6,8,3,1.0,2.3000000000000043,4.464285714285721,4.527559055118124
2026-08-06 08:00:00,25.6,59.8,258.0,9.9,5.5,50.0,28.7,79,999.6,16.5,0.0,8,6,8,3,2.200000000000003,6.699999999999996,9.401709401709413,12.61770244821092
2026-08-06 09:00:00,27.5,64.5,249.0,8.7,5.5,56.0,29.6,73,999.9,17.1,0.1,9,6,8,3,1.8999999999999986,4.700000000000003,7.421875,7.859531772575257
2026-08-06 10:00:00,29.8,71.0,219.0,6.4,5.3,64.0,30.0,71,1000.0,17.1,0.1,10,6,8,3,2.3000000000000007,6.5,8.363636363636374,10.077519379844958
2026-08-06 11:00:00,27.0,62.6,196.0,4.6,5.2,70.0,30.4,70,999.8,17.7,0.1,11,6,8,3,-2.8000000000000007,-8.399999999999999,-9.395973154362414,-11.830985915492953
2026-08-06 12:00:00,26.5,62.2,189.0,3.7,5.1,74.0,30.9,68,999.5,17.9,0.1,12,6,8,3,-0.5,-0.3999999999999986,-1.851851851851849,-0.6389776357827448
2026-08-06 13:00:00,27.6,67.5,188.0,3.4,4.9,76.0,30.9,69,999.0,18.1,0.1,13,6,8,3,1.1000000000000014,5.299999999999997,4.150943396226414,8.520900321543401
2026-08-06 14:00:00,26.3,61.5,194.0,3.5,4.8,76.0,30.6,70,998.9,18.7,0.1,14,6,8,3,-1.3000000000000007,-6.0,-4.710144927536231,-8.888888888888891
2026-08-06 15:00:00,27.5,63.8,210.0,4.3,4.8,72.0,30.5,71,998.4,18.9,0.1,15,6,8,3,1.1999999999999993,2.299999999999997,4.562737642585546,3.7398373983739797
2026-08-06 16:00:00,25.0,53.2,232.0,5.7,4.8,65.0,30.4,71,997.7,19.5,0.0,16,6,8,3,-2.5,-10.599999999999994,-9.090909090909093,-16.614420062695913
2026-08-06 17:00:00,22.4,46.2,247.0,6.7,4.8,61.0,30.1,72,997.9,17.9,0.0,17,6,8,3,-2.6000000000000014,-7.0,-10.40000000000001,-13.157894736842103
2026-08-06 18:00:00,21.8,42.8,249.0,8.5,5.0,57.0,29.4,73,997.9,17.1,0.0,18,6,8,3,-0.5999999999999979,-3.4000000000000057,-2.678571428571419,-7.359307359307376
2026-08-06 19:00:00,22.2,43.0,243.0,10.9,5.3,51.0,28.8,77,998.4,16.7,0.1,19,6,8,3,0.3999999999999986,0.20000000000000284,1.83486238532109,0.4672897196261738
2026-08-06 20:00:00,22.7,43.7,236.0,12.6,5.5,47.0,28.5,78,998.9,15.7,0.1,20,6,8,3,0.5,0.7000000000000028,2.2522522522522515,1.6279069767441978
2026-08-06 21:00:00,21.3,42.4,230.0,13.0,5.7,46.0,28.2,79,999.8,16.2,0.1,21,6,8,3,-1.3999999999999986,-1.3000000000000043,-6.167400881057262,-2.974828375286054
2026-08-06 22:00:00,19.6,38.6,223.0,12.7,5.8,46.0,27.8,85,1000.7,15.0,0.1,22,6,8,3,-1.6999999999999993,-3.799999999999997,-7.981220657276989,-8.962264150943389
2026-08-06 23:00:00,19.1,38.4,211.0,11.9,5.7,47.0,27.9,84,1000.4,13.8,0.0,23,6,8,3,-0.5,-0.20000000000000284,-2.5510204081632626,-0.5181347150259086
2026-08-07 00:00:00,18.1,36.8,190.0,10.5,5.4,48.0,27.6,85,1000.3,13.0,0.0,0,7,8,4,-1.0,-1.6000000000000014,-5.235602094240832,-4.166666666666674
2026-08-07 01:00:00,20.3,43.1,165.0,8.5,4.9,48.0,27.5,86,999.9,11.8,0.0,1,7,8,4,2.1999999999999993,6.300000000000004,12.154696132596676,17.119565217391308
2026-08-07 02:00:00,18.3,38.0,145.0,7.0,4.5,49.0,27.3,87,999.7,10.1,0.0,2,7,8,4,-2.0,-5.100000000000001,-9.852216748768472,-11.832946635730856
2026-08-07 03:00:00,16.1,32.5,131.0,6.0,4.4,49.0,27.4,85,999.1,12.6,0.0,3,7,8,4,-2.1999999999999993,-5.5,-12.021857923497258,-14.473684210526317
2026-08-07 04:00:00,14.7,29.7,122.0,5.4,4.4,49.0,27.3,85,998.9,13.2,0.0,4,7,8,4,-1.4000000000000021,-2.8000000000000007,-8.69565217391306,-8.615384615384613
2026-08-07 05:00:00,18.7,41.8,131.0,5.7,4.7,52.0,27.5,84,999.2,12.1,0.0,5,7,8,4,4.0,12.099999999999998,27.210884353741505,40.74074074074075
2026-08-07 06:00:00,16.8,35.4,175.0,7.5,5.2,51.0,27.4,85,999.5,11.2,0.0,6,7,8,4,-1.8999999999999986,-6.399999999999999,-10.160427807486627,-15.311004784688997
2026-08-07 07:00:00,17.6,36.1,236.0,10.0,5.8,49.0,27.9,83,1000.0,11.3,0.0,7,7,8,4,0.8000000000000007,0.7000000000000028,4.761904761904767,1.9774011299435124
2026-08-07 08:00:00,19.6,42.1,273.0,11.1,6.2,50.0,28.8,77,1000.4,14.2,0.0,8,7,8,4,2.0,6.0,11.363636363636353,16.620498614958446
2026-08-07 09:00:00,21.8,50.9,263.0,9.7,6.1,56.0,29.5,72,1000.8,14.8,0.0,9,7,8,4,2.1999999999999993,8.799999999999997,11.22448979591837,20.902612826603328
2026-08-07 10:00:00,22.6,54.7,229.0,7.0,5.7,64.0,30.5,67,1001.1,15.0,0.0,10,7,8,4,0.8000000000000007,3.8000000000000043,3.669724770642202,7.465618860510803
2026-08-07 11:00:00,22.8,54.6,203.0,4.9,5.3,71.0,30.7,65,1001.3,16.1,0.0,11,7,8,4,0.1999999999999993,-0.10000000000000142,0.8849557522123908,-0.1828153564899515
2026-08-07 12:00:00,23.3,57.3,195.0,3.9,5.1,75.0,30.9,65,1000.9,15.3,0.0,12,7,8,4,0.5,2.6999999999999957,2.1929824561403466,4.9450549450549275
2026-08-07 13:00:00,23.4,55.9,194.0,3.4,5.0,77.0,31.7,61,1000.3,15.4,0.0,13,7,8,4,0.09999999999999787,-1.3999999999999986,0.42918454935620964,-2.44328097731239
2026-08-07 14:00:00,24.6,63.1,199.0,3.6,4.9,76.0,31.1,65,1000.1,16.8,0.0,14,7,8,4,1.2000000000000028,7.200000000000003,5.128205128205132,12.880143112701248
2026-08-07 15:00:00,25.0,64.7,214.0,4.6,4.9,70.0,30.2,70,999.7,16.4,0.0,15,7,8,4,0.3999999999999986,1.6000000000000014,1.6260162601625883,2.535657686212356
2026-08-07 16:00:00,23.9,59.6,234.0,6.1,5.0,61.0,30.3,68,999.0,16.2,0.0,16,7,8,4,-1.1000000000000014,-5.100000000000001,-4.400000000000004,-7.8825347758887165
2026-08-07 17:00:00,26.5,69.4,248.0,7.5,4.9,55.0,30.0,69,999.0,15.3,0.0,17,7,8,4,2.6000000000000014,9.800000000000004,10.878661087866126,16.442953020134233
2026-08-07 18:00:00,26.7,66.6,248.0,9.7,5.3,49.0,29.2,72,999.4,12.9,0.0,18,7,8,4,0.1999999999999993,-2.8000000000000114,0.7547169811320753,-4.034582132564857
2026-08-07 19:00:00,27.1,64.7,242.0,12.8,5.8,42.0,28.7,74,999.7,13.4,0.0,19,7,8,4,0.40000000000000213,-1.8999999999999915,1.4981273408239737,-2.8528528528528385
2026-08-07 20:00:00,28.6,64.5,234.0,14.8,6.2,36.0,28.4,77,1000.0,14.5,0.0,20,7,8,4,1.5,-0.20000000000000284,5.535055350553497,-0.3091190108191699
2026-08-07 21:00:00,24.0,53.7,228.0,14.9,6.4,35.0,28.1,79,1000.8,12.1,0.0,21,7,8,4,-4.600000000000001,-10.799999999999997,-16.083916083916083,-16.744186046511622
2026-08-07 22:00:00,23.2,53.0,221.0,14.0,6.5,35.0,27.8,81,1000.9,12.9,0.0,22,7,8,4,-0.8000000000000007,-0.7000000000000028,-3.3333333333333326,-1.3035381750465591
2026-08-07 23:00:00,21.8,48.5,208.0,12.9,6.4,36.0,28.1,81,1001.3,12.0,0.0,23,7,8,4,-1.3999999999999986,-4.5,-6.034482758620685,-8.490566037735848
2026-08-08 00:00:00,20.7,45.9,183.0,11.7,6.2,37.0,28.0,81,1001.0,11.1,0.0,0,8,8,5,-1.1000000000000014,-2.6000000000000014,-5.045871559633031,-5.360824742268044
2026-08-08 01:00:00,23.7,55.2,153.0,10.2,5.8,37.0,27.9,81,1000.7,11.5,0.0,1,8,8,5,3.0,9.300000000000004,14.492753623188403,20.26143790849675
2026-08-08 02:00:00,20.4,45.4,131.0,9.0,5.5,38.0,27.7,83,1000.4,12.4,0.0,2,8,8,5,-3.3000000000000007,-9.800000000000004,-13.924050632911399,-17.75362318840581
2026-08-08 03:00:00,18.2,40.3,118.0,8.0,5.4,38.0,27.5,84,1000.2,12.0,0.0,3,8,8,5,-2.1999999999999993,-5.100000000000001,-10.784313725490192,-11.233480176211453
2026-08-08 04:00:00,17.1,38.3,114.0,7.3,5.3,38.0,27.3,85,1000.0,10.8,0.0,4,8,8,5,-1.0999999999999979,-2.0,-6.043956043956033,-4.962779156327546
2026-08-08 05:00:00,16.5,36.2,128.0,6.5,5.3,42.0,27.3,86,1000.6,10.8,0.0,5,8,8,5,-0.6000000000000014,-2.0999999999999943,-3.5087719298245723,-5.483028720626615
2026-08-08 06:00:00,16.6,37.0,179.0,7.9,5.7,41.0,27.0,87,1000.5,9.6,0.0,6,8,8,5,0.10000000000000142,0.7999999999999972,0.60606060606061,2.20994475138121
2026-08-08 07:00:00,18.6,44.0,249.0,9.7,6.3,41.0,27.5,84,1001.0,10.5,0.0,7,8,8,5,2.0,7.0,12.04819277108433,18.918918918918926
2026-08-08 08:00:00,20.9,51.1,291.0,10.5,6.7,43.0,28.3,79,1001.3,12.2,0.0,8,8,8,5,2.299999999999997,7.100000000000001,12.365591397849451,16.136363636363637
2026-08-08 09:00:00,23.5,60.8,278.0,9.3,6.6,51.0,29.2,73,1001.7,13.1,0.0,9,8,8,5,2.6000000000000014,9.699999999999996,12.440191387559807,18.982387475538154
2026-08-08 10:00:00,25.4,68.7,237.0,7.0,6.3,61.0,30.2,67,1002.0,13.8,0.0,10,8,8,5,1.8999999999999986,7.900000000000006,8.085106382978724,12.993421052631593
2026-08-08 11:00:00,27.4,78.0,206.0,5.2,6.0,70.0,30.3,67,1002.5,14.6,0.1,11,8,8,5,2.0,9.299999999999997,7.874015748031504,13.53711790393013
2026-08-08 12:00:00,27.2,78.2,197.0,4.3,5.8,76.0,29.9,70,1002.3,15.4,0.1,12,8,8,5,-0.1999999999999993,0.20000000000000284,-0.7299270072992692,0.2564102564102555
2026-08-08 13:00:00,27.5,78.7,197.0,3.9,5.5,79.0,30.8,66,1001.9,15.0,0.0,13,8,8,5,0.3000000000000007,0.5,1.1029411764705843,0.6393861892583175
2026-08-08 14:00:00,27.4,78.7,204.0,4.0,5.4,80.0,30.9,65,1001.3,14.4,0.0,14,8,8,5,-0.10000000000000142,0.0,-0.363636363636366,0.0
2026-08-08 15:00:00,26.5,75.0,223.0,4.7,5.5,76.0,30.5,66,1000.6,13.2,0.0,15,8,8,5,-0.8999999999999986,-3.700000000000003,-3.2846715328467058,-4.701397712833543
2026-08-08 16:00:00,25.6,70.8,250.0,5.8,5.7,69.0,30.6,64,1000.1,11.6,0.0,16,8,8,5,-0.8999999999999986,-4.200000000000003,-3.396226415094339,-5.600000000000005
2026-08-08 17:00:00,32.7,97.6,266.0,6.7,6.0,74.0,30.6,65,1000.1,11.7,0.0,17,8,8,5,7.100000000000001,26.799999999999997,27.734375,37.85310734463276
2026-08-08 18:00:00,30.2,85.4,263.0,8.8,6.1,64.0,29.7,68,1000.3,11.7,0.0,18,8,8,5,-2.5000000000000036,-12.199999999999989,-7.645259938837934,-12.49999999999999
2026-08-08 19:00:00,27.0,69.2,251.0,11.6,6.3,51.0,29.0,72,1000.8,12.1,0.0,19,8,8,5,-3.1999999999999993,-16.200000000000003,-10.596026490066224,-18.969555035128806
2026-08-08 20:00:00,25.6,61.7,237.0,13.6,6.4,41.0,28.4,77,1001.6,11.9,0.0,20,8,8,5,-1.3999999999999986,-7.5,-5.185185185185182,-10.838150289017346
2026-08-08 21:00:00,24.0,56.9,226.0,14.1,6.4,37.0,28.2,79,1002.2,11.5,0.0,21,8,8,5,-1.6000000000000014,-4.800000000000004,-6.25,-7.779578606158843
2026-08-08 22:00:00,23.3,55.2,214.0,13.9,6.4,37.0,28.0,80,1003.0,11.5,0.0,22,8,8,5,-0.6999999999999993,-1.6999999999999957,-2.9166666666666674,-2.987697715289972
2026-08-08 23:00:00,21.1,48.5,198.0,13.4,6.3,37.0,27.9,80,1003.3,10.5,0.0,23,8,8,5,-2.1999999999999993,-6.700000000000003,-9.442060085836912,-12.1376811594203
2026-08-09 00:00:00,19.9,44.2,173.0,12.8,6.2,37.0,27.6,82,1003.4,9.9,0.0,0,9,8,6,-1.2000000000000028,-4.299999999999997,-5.687203791469209,-8.865979381443289
2026-08-09 01:00:00,18.8,41.6,145.0,11.9,6.0,37.0,27.4,83,1003.2,9.7,0.0,1,9,8,6,-1.0999999999999979,-2.6000000000000014,-5.5276381909547645,-5.882352941176472
2026-08-09 02:00:00,17.6,38.2,125.0,11.0,5.9,37.0,27.2,84,1002.6,8.7,0.0,2,9,8,6,-1.1999999999999993,-3.3999999999999986,-6.382978723404253,-8.173076923076916
2026-08-09 03:00:00,16.8,36.8,118.0,10.2,5.9,37.0,27.0,85,1002.6,7.6,0.0,3,9,8,6,-0.8000000000000007,-1.4000000000000057,-4.545454545454552,-3.664921465968596
2026-08-09 04:00:00,16.3,36.0,120.0,9.4,5.9,37.0,26.7,87,1002.3,8.5,0.0,4,9,8,6,-0.5,-0.7999999999999972,-2.9761904761904767,-2.1739130434782483
2026-08-09 05:00:00,16.1,33.9,130.0,9.7,6.4,38.0,27.1,84,1002.3,8.5,0.0,5,9,8,6,-0.1999999999999993,-2.1000000000000014,-1.2269938650306678,-5.833333333333335
2026-08-09 06:00:00,16.2,33.2,157.0,9.5,6.7,40.0,27.0,85,1002.9,7.9,0.0,6,9,8,6,0.09999999999999787,-0.6999999999999957,0.6211180124223503,-2.0648967551622266
2026-08-09 07:00:00,18.2,41.2,193.0,9.1,7.1,43.0,27.5,83,1003.3,8.9,0.0,7,9,8,6,2.0,8.0,12.34567901234569,24.09638554216866
2026-08-09 08:00:00,19.7,51.3,215.0,8.4,7.3,48.0,28.5,77,1003.6,10.7,0.0,8,9,8,6,1.5,10.099999999999994,8.241758241758234,24.514563106796096
2026-08-09 09:00:00,22.7,63.3,211.0,6.9,7.3,58.0,29.6,71,1003.7,10.4,0.0,9,9,8,6,3.0,12.0,15.228426395939088,23.391812865497073
2026-08-09 10:00:00,25.6,76.4,194.0,5.0,7.2,71.0,30.8,65,1003.7,10.2,0.0,10,9,8,6,2.900000000000002,13.100000000000009,12.77533039647578,20.695102685624022
2026-08-09 11:00:00,28.0,85.0,179.0,3.6,7.0,82.0,31.1,64,1003.8,10.4,0.0,11,9,8,6,2.3999999999999986,8.599999999999994,9.375,11.256544502617793
2026-08-09 12:00:00,28.9,83.6,170.0,2.9,6.8,90.0,30.7,67,1003.4,12.5,0.0,12,9,8,6,0.8999999999999986,-1.4000000000000057,3.214285714285703,-1.6470588235294237
2026-08-09 13:00:00,29.0,81.0,164.0,2.6,6.7,97.0,30.7,68,1003.1,14.5,0.0,13,9,8,6,0.10000000000000142,-2.5999999999999943,0.34602076124568004,-3.1100478468899406
2026-08-09 14:00:00,27.5,74.5,162.0,2.6,6.4,98.0,31.0,67,1002.7,15.0,0.0,14,9,8,6,-1.5,-6.5,-5.1724137931034475,-8.024691358024693
2026-08-09 15:00:00,24.2,63.6,168.0,3.0,6.0,90.0,30.6,68,1002.1,15.9,0.0,15,9,8,6,-3.3000000000000007,-10.899999999999999,-12.0,-14.63087248322148
2026-08-09 16:00:00,21.8,57.2,180.0,3.7,5.5,77.0,30.2,69,1001.8,15.8,0.0,16,9,8,6,-2.3999999999999986,-6.399999999999999,-9.917355371900815,-10.062893081761004
2026-08-09 17:00:00,32.4,99.2,188.0,4.6,5.5,72.0,30.1,68,1001.9,15.8,0.0,17,9,8,6,10.599999999999998,42.0,48.62385321100917,73.42657342657341
2026-08-09 18:00:00,28.7,85.7,191.0,6.3,5.6,64.0,29.1,73,1001.9,14.0,0.0,18,9,8,6,-3.6999999999999993,-13.5,-11.419753086419748,-13.608870967741938
2026-08-09 19:00:00,25.3,71.2,191.0,8.6,5.7,53.0,28.6,75,1002.4,12.5,0.0,19,9,8,6,-3.3999999999999986,-14.5,-11.846689895470375,-16.919486581096855
2026-08-09 20:00:00,23.1,58.6,187.0,10.1,5.8,45.0,28.3,77,1002.9,11.1,0.0,20,9,8,6,-2.1999999999999993,-12.600000000000001,-8.695652173913038,-17.69662921348315
2026-08-09 21:00:00,21.1,51.3,177.0,10.3,5.8,42.0,28.2,78,1003.2,12.9,0.0,21,9,8,6,-2.0,-7.300000000000004,-8.658008658008654,-12.457337883959053
2026-08-09 22:00:00,19.5,46.1,162.0,9.7,5.6,43.0,28.0,79,1004.0,12.5,0.0,22,9,8,6,-1.6000000000000014,-5.199999999999996,-7.582938388625604,-10.136452241715388
2026-08-09 23:00:00,16.0,36.8,149.0,9.0,5.5,43.0,28.2,78,1003.8,14.3,0.0,23,9,8,6,-3.5,-9.300000000000004,-17.948717948717952,-20.173535791757057
2026-08-10 00:00:00,13.8,30.5,138.0,8.3,5.3,43.0,27.8,80,1003.4,15.1,0.1,0,10,8,0,-2.1999999999999993,-6.299999999999997,-13.749999999999996,-17.119565217391298
2026-08-10 01:00:00,12.6,27.1,127.0,7.5,5.1,44.0,27.5,83,1003.1,12.7,0.0,1,10,8,0,-1.200000000000001,-3.3999999999999986,-8.695652173913048,-11.147540983606552
2026-08-10 02:00:00,11.9,25.2,120.0,6.8,4.9,44.0,27.3,84,1002.7,9.7,0.0,2,10,8,0,-0.6999999999999993,-1.9000000000000021,-5.5555555555555465,-7.011070110701112
2026-08-10 03:00:00,11.6,24.7,111.0,6.3,4.8,44.0,27.1,86,1002.4,9.4,0.0,3,10,8,0,-0.3000000000000007,-0.5,-2.5210084033613467,-1.9841269841269882
2026-08-10 04:00:00,11.6,24.6,105.0,5.9,4.9,44.0,27.0,86,1002.1,11.2,0.0,4,10,8,0,0.0,-0.09999999999999787,0.0,-0.4048582995951344
2026-08-10 05:00:00,11.7,28.3,118.0,5.7,4.8,47.0,27.3,84,1002.4,12.9,0.0,5,10,8,0,0.09999999999999964,3.6999999999999993,0.8620689655172376,15.040650406504064
2026-08-10 06:00:00,12.4,28.3,170.0,7.0,5.2,46.0,27.2,85,1002.5,11.5,0.0,6,10,8,0,0.7000000000000011,0.0,5.982905982905984,0.0
2026-08-10 07:00:00,14.3,32.4,241.0,8.8,5.7,46.0,27.6,83,1002.9,13.0,0.0,7,10,8,0,1.9000000000000004,4.099999999999998,15.322580645161299,14.487632508833915
2026-08-10 08:00:00,17.2,42.1,282.0,9.5,6.0,48.0,28.5,78,1003.2,13.6,0.0,8,10,8,0,2.8999999999999986,9.700000000000003,20.27972027972027,29.938271604938272
2026-08-10 09:00:00,20.5,57.6,264.0,8.1,5.8,56.0,29.6,71,1003.4,16.0,0.0,9,10,8,0,3.3000000000000007,15.5,19.186046511627918,36.81710213776721
2026-08-10 10:00:00,23.5,70.5,217.0,5.8,5.4,67.0,30.7,64,1003.4,16.9,0.0,10,10,8,0,3.0,12.899999999999999,14.634146341463406,22.395833333333325
2026-08-10 11:00:00,25.0,71.7,181.0,3.9,5.0,75.0,30.6,66,1003.4,18.9,0.0,11,10,8,0,1.5,1.2000000000000028,6.382978723404253,1.7021276595744705
2026-08-10 12:00:00,26.0,73.8,174.0,3.2,4.8,79.0,31.1,64,1002.7,18.9,0.0,12,10,8,0,1.0,2.0999999999999943,4.0000000000000036,2.9288702928870203
2026-08-10 13:00:00,25.8,67.5,178.0,3.0,4.7,81.0,30.8,65,1002.1,18.6,0.0,13,10,8,0,-0.1999999999999993,-6.299999999999997,-0.7692307692307665,-8.536585365853655
2026-08-10 14:00:00,24.7,61.2,186.0,3.2,4.6,80.0,30.6,67,1001.6,18.8,0.0,14,10,8,0,-1.1000000000000014,-6.299999999999997,-4.263565891472876,-9.333333333333327
2026-08-10 15:00:00,23.7,55.9,198.0,3.9,4.6,75.0,30.0,70,1001.1,19.5,0.0,15,10,8,0,-1.0,-5.300000000000004,-4.048582995951422,-8.660130718954251
2026-08-10 16:00:00,25.4,59.8,214.0,5.1,4.6,67.0,29.6,73,1000.4,19.5,0.0,16,10,8,0,1.6999999999999993,3.8999999999999986,7.1729957805907185,6.976744186046502
2026-08-10 17:00:00,25.6,65.4,223.0,6.1,4.5,60.0,29.5,70,1000.4,20.2,0.0,17,10,8,0,0.20000000000000284,5.6000000000000085,0.7874015748031704,9.364548494983293
2026-08-10 18:00:00,23.3,55.3,218.0,7.6,4.6,55.0,28.5,74,1000.4,20.1,0.0,18,10,8,0,-2.3000000000000007,-10.100000000000009,-8.984375,-15.44342507645261
2026-08-10 19:00:00,22.3,49.9,206.0,9.6,4.7,47.0,27.8,77,1000.8,18.2,0.0,19,10,8,0,-1.0,-5.399999999999999,-4.29184549356223,-9.76491862567812
2026-08-10 20:00:00,22.2,47.6,195.0,11.2,4.9,42.0,27.7,77,1001.3,17.1,0.0,20,10,8,0,-0.10000000000000142,-2.299999999999997,-0.4484304932735439,-4.609218436873741
2026-08-10 21:00:00,20.9,43.5,189.0,11.9,5.2,40.0,27.7,77,1001.9,14.5,0.1,21,10,8,0,-1.3000000000000007,-4.100000000000001,-5.855855855855863,-8.613445378151264
2026-08-10 22:00:00,18.7,39.1,183.0,12.2,5.5,40.0,27.5,81,1002.7,13.6,0.1,22,10,8,0,-2.1999999999999993,-4.399999999999999,-10.526315789473683,-10.114942528735627
2026-08-10 23:00:00,19.5,40.3,174.0,11.8,5.6,40.0,27.8,81,1002.0,14.6,0.0,23,10,8,0,0.8000000000000007,1.1999999999999957,4.278074866310155,3.069053708439884
2026-08-11 00:00:00,19.7,39.7,157.0,10.6,5.4,41.0,27.4,83,1001.4,14.0,0.0,0,11,8,1,0.1999999999999993,-0.5999999999999943,1.025641025641022,-1.4888337468982438
2026-08-11 01:00:00,19.0,37.8,137.0,8.8,5.0,42.0,27.2,85,1000.9,13.4,0.0,1,11,8,1,-0.6999999999999993,-1.9000000000000057,-3.5532994923857864,-4.785894206549135
2026-08-11 02:00:00,17.9,35.7,122.0,7.2,4.6,43.0,27.1,86,1000.1,12.9,0.0,2,11,8,1,-1.1000000000000014,-2.0999999999999943,-5.789473684210533,-5.555555555555536
2026-08-11 03:00:00,17.4,35.6,112.0,6.0,4.4,44.0,27.1,86,1000.1,12.5,0.0,3,11,8,1,-0.5,-0.10000000000000142,-2.7932960893854775,-0.2801120448179262
2026-08-11 04:00:00,17.5,36.3,108.0,5.1,4.2,45.0,27.1,86,999.9,12.7,0.0,4,11,8,1,0.10000000000000142,0.6999999999999957,0.5747126436781658,1.9662921348314377
2026-08-11 05:00:00,18.8,38.6,120.0,4.9,4.2,46.0,27.4,83,1000.4,15.0,0.0,5,11,8,1,1.3000000000000007,2.3000000000000043,7.428571428571429,6.336088154269981
2026-08-11 06:00:00,24.2,51.7,165.0,6.7,4.6,45.0,27.4,83,1000.7,14.5,0.0,6,11,8,1,5.399999999999999,13.100000000000001,28.72340425531914,33.9378238341969
2026-08-11 07:00:00,21.9,45.5,227.0,9.2,5.2,43.0,27.7,83,1001.2,14.1,0.0,7,11,8,1,-2.3000000000000007,-6.200000000000003,-9.50413223140496,-11.992263056092845
2026-08-11 08:00:00,23.1,47.5,265.0,10.5,5.5,44.0,28.7,76,1001.4,16.5,0.0,8,11,8,1,1.2000000000000028,2.0,5.4794520547945424,4.395604395604402
2026-08-11 09:00:00,25.8,54.9,255.0,9.5,5.4,49.0,29.2,72,1001.7,18.1,0.0,9,11,8,1,2.6999999999999993,7.399999999999999,11.688311688311682,15.578947368421048
2026-08-11 10:00:00,27.8,61.9,220.0,7.2,5.1,56.0,29.5,71,1001.8,18.4,0.2,10,11,8,1,2.0,7.0,7.751937984496116,12.7504553734062
2026-08-11 11:00:00,28.7,65.9,195.0,5.4,4.9,62.0,30.1,69,1002.1,18.9,0.2,11,11,8,1,0.8999999999999986,4.000000000000007,3.237410071942448,6.462035541195488
2026-08-11 12:00:00,29.1,68.2,191.0,4.5,4.8,66.0,30.2,69,1001.4,19.2,0.1,12,11,8,1,0.40000000000000213,2.299999999999997,1.3937282229965264,3.490136570561453
2026-08-11 13:00:00,29.0,68.2,196.0,3.9,4.7,69.0,30.1,69,1000.8,18.3,0.1,13,11,8,1,-0.10000000000000142,0.0,-0.3436426116838587,0.0
2026-08-11 14:00:00,29.6,70.5,205.0,3.9,4.6,70.0,30.2,71,1000.4,17.1,0.2,14,11,8,1,0.6000000000000014,2.299999999999997,2.0689655172413834,3.372434017595305
2026-08-11 15:00:00,27.9,63.3,220.0,4.6,4.6,67.0,29.8,72,999.5,16.9,0.1,15,11,8,1,-1.7000000000000028,-7.200000000000003,-5.743243243243256,-10.212765957446813
2026-08-11 16:00:00,26.7,59.4,238.0,5.8,4.7,61.0,29.9,72,998.6,16.9,0.2,16,11,8,1,-1.1999999999999993,-3.8999999999999986,-4.3010752688172005,-6.16113744075829
2026-08-11 17:00:00,26.0,62.4,250.0,7.1,4.9,56.0,29.5,73,999.0,16.1,0.1,17,11,8,1,-0.6999999999999993,3.0,-2.621722846441943,5.050505050505061
2026-08-11 18:00:00,24.2,53.3,249.0,9.1,5.2,51.0,28.6,77,998.8,15.6,0.0,18,11,8,1,-1.8000000000000007,-9.100000000000001,-6.923076923076921,-14.583333333333337
2026-08-11 19:00:00,22.9,47.8,240.0,12.0,5.6,45.0,28.0,80,999.5,14.5,0.0,19,11,8,1,-1.3000000000000007,-5.5,-5.371900826446286,-10.31894934333959
2026-08-11 20:00:00,21.6,42.6,234.0,14.3,6.0,40.0,27.6,83,1000.4,12.7,0.0,20,11,8,1,-1.2999999999999972,-5.199999999999996,-5.676855895196498,-10.878661087866103
2026-08-11 21:00:00,19.4,38.1,236.0,15.8,6.4,38.0,27.3,85,1001.1,11.6,0.0,21,11,8,1,-2.200000000000003,-4.5,-10.185185185185198,-10.563380281690138
2026-08-11 22:00:00,19.4,38.1,240.0,16.9,6.8,37.0,27.1,87,1001.3,11.2,0.0,22,11,8,1,0.0,0.0,0.0,0.0
2026-08-11 23:00:00,19.0,36.8,233.0,16.7,6.9,37.0,27.4,84,1001.2,11.9,0.0,23,11,8,1,-0.3999999999999986,-1.3000000000000043,-2.0618556701030855,-3.4120734908136607
2026-08-12 00:00:00,19.0,37.7,205.0,14.5,6.5,39.0,27.0,86,1001.1,10.1,0.0,0,12,8,2,0.0,0.9000000000000057,0.0,2.44565217391306
2026-08-12 01:00:00,18.7,39.3,167.0,11.1,5.9,43.0,26.8,87,1001.1,9.2,0.0,1,12,8,2,-0.3000000000000007,1.5999999999999943,-1.5789473684210575,4.244031830238715
2026-08-12 02:00:00,17.6,37.8,140.0,8.5,5.4,46.0,26.7,88,1000.8,9.7,0.0,2,12,8,2,-1.0999999999999979,-1.5,-5.88235294117646,-3.8167938931297662
2026-08-12 03:00:00,16.8,36.4,126.0,7.2,5.2,47.0,26.4,89,1000.6,10.5,0.0,3,12,8,2,-0.8000000000000007,-1.3999999999999986,-4.545454545454552,-3.703703703703698
2026-08-12 04:00:00,17.2,36.9,123.0,6.7,5.2,46.0,26.5,88,1000.9,10.3,0.0,4,12,8,2,0.3999999999999986,0.5,2.3809523809523725,1.3736263736263687
2026-08-12 05:00:00,17.5,37.5,141.0,6.8,5.3,47.0,27.0,88,1001.2,10.0,0.0,5,12,8,2,0.3000000000000007,0.6000000000000014,1.744186046511631,1.6260162601626105
2026-08-12 06:00:00,17.6,36.4,201.0,8.7,5.6,45.0,26.9,88,1001.5,10.9,0.0,6,12,8,2,0.10000000000000142,-1.1000000000000014,0.5714285714285783,-2.9333333333333322
2026-08-12 07:00:00,18.3,39.6,281.0,11.3,6.1,44.0,27.1,87,1002.0,11.5,0.0,7,12,8,2,0.6999999999999993,3.200000000000003,3.9772727272727293,8.791208791208804
2026-08-12 08:00:00,19.8,42.5,329.0,12.5,6.4,45.0,27.9,81,1002.4,13.1,0.1,8,12,8,2,1.5,2.8999999999999986,8.196721311475418,7.323232323232309
2026-08-12 09:00:00,21.7,46.9,313.0,11.1,6.5,52.0,28.9,75,1002.7,13.1,0.0,9,12,8,2,1.8999999999999986,4.399999999999999,9.595959595959581,10.352941176470587
2026-08-12 10:00:00,22.2,48.4,266.0,8.3,6.6,61.0,29.6,72,1002.7,13.9,0.1,10,12,8,2,0.5,1.5,2.304147465437789,3.1982942430703654
2026-08-12 11:00:00,23.7,52.0,228.0,6.0,6.5,70.0,30.0,69,1002.6,14.7,0.0,11,12,8,2,1.5,3.6000000000000014,6.756756756756754,7.438016528925617
2026-08-12 12:00:00,24.0,52.5,216.0,4.7,6.3,78.0,29.8,70,1002.0,15.2,0.0,12,12,8,2,0.3000000000000007,0.5,1.2658227848101333,0.9615384615384581
2026-08-12 13:00:00,24.3,53.0,213.0,4.0,5.9,86.0,30.6,67,1001.8,14.9,0.0,13,12,8,2,0.3000000000000007,0.5,1.2499999999999956,0.952380952380949
2026-08-12 14:00:00,24.4,53.1,218.0,4.0,5.7,89.0,30.5,67,1001.4,13.9,0.0,14,12,8,2,0.09999999999999787,0.10000000000000142,0.411522633744843,0.18867924528302993
2026-08-12 15:00:00,24.5,52.5,233.0,5.1,5.7,84.0,30.6,67,1001.1,13.1,0.0,15,12,8,2,0.10000000000000142,-0.6000000000000014,0.4098360655737654,-1.1299435028248594
2026-08-12 16:00:00,24.9,52.9,256.0,6.9,5.9,74.0,30.1,70,1000.9,13.1,0.0,16,12,8,2,0.3999999999999986,0.3999999999999986,1.6326530612244872,0.7619047619047636
2026-08-12 17:00:00,27.5,63.3,271.0,8.5,5.9,69.0,29.7,70,1000.8,13.9,0.0,17,12,8,2,2.6000000000000014,10.399999999999999,10.441767068273089,19.659735349716435
2026-08-12 18:00:00,26.3,57.4,273.0,10.4,6.1,61.0,28.9,74,1001.2,13.7,0.0,18,12,8,2,-1.1999999999999993,-5.899999999999999,-4.363636363636358,-9.320695102685628
2026-08-12 19:00:00,25.1,53.2,268.0,13.1,6.3,51.0,28.4,78,1001.7,12.0,0.0,19,12,8,2,-1.1999999999999993,-4.199999999999996,-4.562737642585546,-7.317073170731703
2026-08-12 20:00:00,24.6,50.6,257.0,14.9,6.5,43.0,28.2,79,1002.5,10.7,0.0,20,12,8,2,-0.5,-2.6000000000000014,-1.9920318725099584,-4.8872180451127845
2026-08-12 21:00:00,24.9,49.9,240.0,15.3,6.6,40.0,28.1,80,1003.2,10.7,0.0,21,12,8,2,0.29999999999999716,-0.7000000000000028,1.21951219512193,-1.3833992094861691
2026-08-12 22:00:00,21.7,43.4,218.0,14.8,6.7,40.0,28.0,81,1003.9,10.4,0.0,22,12,8,2,-3.1999999999999993,-6.5,-12.851405622489953,-13.026052104208418
2026-08-12 23:00:00,20.3,40.3,197.0,14.0,6.7,40.0,28.0,81,1004.1,12.8,0.0,23,12,8,2,-1.3999999999999986,-3.1000000000000014,-6.451612903225801,-7.142857142857151
2026-08-13 00:00:00,19.4,38.3,176.0,12.8,6.4,40.0,27.5,84,1003.8,11.7,0.1,0,13,8,3,-0.9000000000000021,-2.0,-4.4334975369458185,-4.962779156327546
2026-08-13 01:00:00,20.8,41.8,155.0,11.2,6.0,41.0,27.3,85,1003.4,11.7,0.0,1,13,8,3,1.4000000000000021,3.5,7.2164948453608435,9.138381201044377
2026-08-13 02:00:00,19.3,38.5,140.0,9.8,5.7,42.0,27.0,86,1003.1,10.7,0.0,2,13,8,3,-1.5,-3.299999999999997,-7.211538461538458,-7.894736842105255
2026-08-13 03:00:00,18.3,36.9,129.0,8.6,5.5,42.0,26.9,87,1003.1,9.7,0.0,3,13,8,3,-1.0,-1.6000000000000014,-5.181347150259064,-4.155844155844157
2026-08-13 04:00:00,17.2,34.5,124.0,7.6,5.4,42.0,26.8,88,1002.9,11.0,0.0,4,13,8,3,-1.1000000000000014,-2.3999999999999986,-6.0109289617486406,-6.5040650406503975
2026-08-13 05:00:00,17.7,36.8,136.0,6.8,5.3,47.0,27.1,86,1002.9,10.7,0.0,5,13,8,3,0.5,2.299999999999997,2.9069767441860517,6.666666666666665
2026-08-13 06:00:00,17.8,37.6,183.0,7.7,5.4,47.0,27.0,86,1003.2,10.7,0.0,6,13,8,3,0.10000000000000142,0.8000000000000043,0.5649717514124353,2.1739130434782705
2026-08-13 07:00:00,19.6,44.5,246.0,8.9,5.6,48.0,27.0,86,1003.3,11.9,0.0,7,13,8,3,1.8000000000000007,6.899999999999999,10.1123595505618,18.35106382978724
2026-08-13 08:00:00,22.4,51.9,284.0,9.3,5.8,51.0,28.2,79,1003.4,14.2,0.1,8,13,8,3,2.799999999999997,7.399999999999999,14.28571428571428,16.629213483146053
2026-08-13 09:00:00,23.9,56.3,271.0,8.2,6.0,58.0,29.4,73,1003.5,15.3,0.0,9,13,8,3,1.5,4.399999999999999,6.696428571428581,8.477842003853553
2026-08-13 10:00:00,24.3,58.8,232.0,6.4,6.2,68.0,30.1,68,1003.7,15.1,0.1,10,13,8,3,0.40000000000000213,2.5,1.673640167364021,4.440497335701599
2026-08-13 11:00:00,25.3,64.3,202.0,4.9,6.2,76.0,30.2,67,1004.3,15.5,0.2,11,13,8,3,1.0,5.5,4.115226337448563,9.353741496598644
2026-08-13 12:00:00,25.4,62.6,194.0,4.0,5.9,83.0,30.2,67,1003.8,15.7,0.0,12,13,8,3,0.09999999999999787,-1.6999999999999957,0.39525691699604515,-2.6438569206842844
2026-08-13 13:00:00,25.6,61.0,195.0,3.4,5.5,89.0,30.5,66,1003.3,16.0,0.0,13,13,8,3,0.20000000000000284,-1.6000000000000014,0.7874015748031704,-2.5559105431309903
2026-08-13 14:00:00,25.1,57.6,201.0,3.4,5.2,90.0,30.9,64,1002.6,16.1,0.0,14,13,8,3,-0.5,-3.3999999999999986,-1.953125,-5.573770491803276
2026-08-13 15:00:00,23.9,53.3,216.0,4.2,5.1,83.0,30.5,64,1002.2,16.0,0.0,15,13,8,3,-1.2000000000000028,-4.300000000000004,-4.780876494023911,-7.46527777777779
2026-08-13 16:00:00,22.8,50.2,236.0,5.6,5.0,71.0,30.2,66,1001.4,16.1,0.0,16,13,8,3,-1.0999999999999979,-3.0999999999999943,-4.602510460251041,-5.816135084427754
2026-08-13 17:00:00,21.6,50.8,248.0,6.5,4.6,61.0,29.6,69,1001.8,16.8,0.0,17,13,8,3,-1.1999999999999993,0.5999999999999943,-5.263157894736836,1.195219123505975
2026-08-13 18:00:00,21.0,48.0,247.0,8.8,5.0,55.0,28.7,74,1002.0,14.8,0.0,18,13,8,3,-0.6000000000000014,-2.799999999999997,-2.777777777777779,-5.5118110236220375
2026-08-13 19:00:00,21.5,48.0,238.0,11.9,5.5,47.0,28.0,77,1002.2,14.6,0.0,19,13,8,3,0.5,0.0,2.3809523809523725,0.0
2026-08-13 20:00:00,22.3,48.0,225.0,13.9,5.8,41.0,27.9,77,1002.8,14.5,0.1,20,13,8,3,0.8000000000000007,0.0,3.7209302325581506,0.0
2026-08-13 21:00:00,22.6,47.5,206.0,13.8,5.8,40.0,27.8,77,1003.2,15.6,0.1,21,13,8,3,0.3000000000000007,-0.5,1.3452914798206317,-1.041666666666663
2026-08-13 22:00:00,20.4,43.1,183.0,12.6,5.7,41.0,27.4,81,1003.8,15.0,0.1,22,13,8,3,-2.200000000000003,-4.399999999999999,-9.734513274336297,-9.263157894736839
2026-08-13 23:00:00,20.1,41.7,163.0,11.3,5.5,42.0,27.3,82,1003.6,15.5,0.1,23,13,8,3,-0.29999999999999716,-1.3999999999999986,-1.4705882352941013,-3.24825986078886
2026-08-14 00:00:00,21.4,44.5,150.0,10.0,5.2,43.0,27.1,82,1003.5,13.2,0.0,0,14,8,4,1.2999999999999972,2.799999999999997,6.46766169154227,6.714628297362113
2026-08-14 01:00:00,27.4,60.3,141.0,8.6,4.8,44.0,26.7,85,1003.1,12.1,0.0,1,14,8,4,6.0,15.799999999999997,28.037383177570096,35.50561797752809
2026-08-14 02:00:00,21.2,43.9,134.0,7.4,4.6,45.0,26.6,86,1002.4,11.7,0.0,2,14,8,4,-6.199999999999999,-16.4,-22.627737226277368,-27.197346600331674
2026-08-14 03:00:00,19.8,41.1,125.0,6.5,4.5,45.0,26.7,85,1002.0,12.7,0.0,3,14,8,4,-1.3999999999999986,-2.799999999999997,-6.6037735849056585,-6.378132118451019
2026-08-14 04:00:00,18.9,39.3,118.0,5.9,4.6,45.0,26.6,85,1001.9,13.0,0.0,4,14,8,4,-0.9000000000000021,-1.8000000000000043,-4.545454545454552,-4.379562043795627
2026-08-14 05:00:00,19.4,41.7,127.0,5.3,4.3,48.0,26.8,82,1001.5,12.8,0.0,5,14,8,4,0.5,2.4000000000000057,2.645502645502651,6.106870229007644
2026-08-14 06:00:00,19.8,41.0,170.0,6.6,4.6,47.0,26.8,82,1001.7,13.5,0.0,6,14,8,4,0.40000000000000213,-0.7000000000000028,2.0618556701031077,-1.6786570743405393
2026-08-14 07:00:00,21.7,46.3,228.0,8.4,5.0,47.0,27.1,81,1002.1,14.4,0.0,7,14,8,4,1.8999999999999986,5.299999999999997,9.595959595959581,12.926829268292671
2026-08-14 08:00:00,24.5,54.0,263.0,9.2,5.3,49.0,28.1,75,1002.5,15.6,0.0,8,14,8,4,2.8000000000000007,7.700000000000003,12.903225806451623,16.630669546436284
2026-08-14 09:00:00,26.8,60.8,251.0,8.0,5.2,57.0,29.0,69,1002.9,16.4,0.0,9,14,8,4,2.3000000000000007,6.799999999999997,9.387755102040817,12.592592592592577
2026-08-14 10:00:00,26.8,61.0,215.0,5.7,5.0,67.0,29.6,66,1002.9,17.3,0.0,10,14,8,4,0.0,0.20000000000000284,0.0,0.328947368421062
2026-08-14 11:00:00,26.4,59.3,188.0,4.1,4.7,73.0,30.2,63,1003.0,19.1,0.1,11,14,8,4,-0.40000000000000213,-1.7000000000000028,-1.4925373134328401,-2.786885245901649
2026-08-14 12:00:00,25.4,57.0,183.0,3.8,4.5,72.0,29.6,67,1003.0,18.2,0.1,12,14,8,4,-1.0,-2.299999999999997,-3.7878787878787845,-3.8785834738617186
2026-08-14 13:00:00,23.3,52.6,186.0,4.1,4.2,67.0,29.7,69,1002.6,19.3,0.3,13,14,8,4,-2.099999999999998,-4.399999999999999,-8.267716535433067,-7.719298245614037
2026-08-14 14:00:00,21.9,49.7,194.0,4.8,4.1,62.0,29.2,73,1002.6,19.2,0.1,14,14,8,4,-1.4000000000000021,-2.8999999999999986,-6.008583690987135,-5.513307984790872
2026-08-14 15:00:00,20.5,44.6,208.0,6.0,4.2,58.0,29.6,71,1002.2,19.3,0.2,15,14,8,4,-1.3999999999999986,-5.100000000000001,-6.392694063926929,-10.261569416498995
2026-08-14 16:00:00,20.1,42.5,227.0,7.6,4.4,54.0,29.1,72,1001.3,19.6,0.2,16,14,8,4,-0.3999999999999986,-2.1000000000000014,-1.9512195121951126,-4.7085201793722
2026-08-14 17:00:00,22.1,47.4,239.0,8.7,4.5,52.0,29.3,69,1001.4,18.0,0.2,17,14,8,4,2.0,4.899999999999999,9.950248756218905,11.529411764705877
2026-08-14 18:00:00,22.5,46.4,238.0,9.8,4.7,50.0,28.6,73,1001.6,16.4,0.0,18,14,8,4,0.3999999999999986,-1.0,1.8099547511312153,-2.1097046413502074
2026-08-14 19:00:00,22.4,45.1,230.0,11.4,5.0,47.0,28.1,75,1001.8,16.3,0.0,19,14,8,4,-0.10000000000000142,-1.2999999999999972,-0.4444444444444473,-2.8017241379310276
2026-08-14 20:00:00,23.5,46.3,223.0,12.5,5.2,44.0,27.7,77,1002.1,15.1,0.0,20,14,8,4,1.1000000000000014,1.1999999999999957,4.910714285714302,2.6607538802660757
2026-08-14 21:00:00,21.1,42.4,224.0,12.8,5.4,43.0,27.5,78,1002.7,14.0,0.0,21,14,8,4,-2.3999999999999986,-3.8999999999999986,-10.212765957446802,-8.423326133909281
2026-08-14 22:00:00,18.8,36.9,227.0,12.7,5.5,42.0,27.3,80,1003.3,13.4,0.0,22,14,8,4,-2.3000000000000007,-5.5,-10.900473933649291,-12.971698113207552
2026-08-14 23:00:00,19.8,39.8,220.0,12.0,5.5,42.0,27.4,80,1002.8,14.9,0.0,23,14,8,4,1.0,2.8999999999999986,5.319148936170204,7.859078590785895
2026-08-15 00:00:00,19.6,38.4,192.0,10.5,5.2,43.0,27.1,82,1002.6,12.5,0.0,0,15,8,5,-0.1999999999999993,-1.3999999999999986,-1.0101010101010055,-3.5175879396984855
2026-08-15 01:00:00,18.0,35.4,153.0,8.6,4.6,44.0,26.9,83,1002.2,11.4,0.0,1,15,8,5,-1.6000000000000014,-3.0,-8.163265306122458,-7.8125
2026-08-15 02:00:00,19.0,38.5,125.0,7.0,4.3,45.0,27.0,82,1002.0,11.7,0.0,2,15,8,5,1.0,3.1000000000000014,5.555555555555558,8.757062146892668
2026-08-15 03:00:00,19.4,39.8,111.0,6.1,4.3,45.0,27.0,83,1001.8,12.7,0.0,3,15,8,5,0.3999999999999986,1.2999999999999972,2.105263157894721,3.3766233766233666
2026-08-15 04:00:00,18.3,37.4,107.0,5.6,4.5,45.0,26.9,85,1001.8,13.2,0.0,4,15,8,5,-1.0999999999999979,-2.3999999999999986,-5.670103092783496,-6.030150753768837
2026-08-15 05:00:00,16.2,33.9,123.0,5.9,4.6,47.0,27.3,82,1001.8,13.4,0.0,5,15,8,5,-2.1000000000000014,-3.5,-11.475409836065587,-9.35828877005348
2026-08-15 06:00:00,16.2,33.2,178.0,7.4,4.9,46.0,27.2,83,1002.1,12.4,0.0,6,15,8,5,0.0,-0.6999999999999957,0.0,-2.0648967551622266
2026-08-15 07:00:00,17.8,36.9,254.0,9.5,5.2,45.0,27.4,82,1002.5,12.0,0.0,7,15,8,5,1.6000000000000014,3.6999999999999957,9.876543209876543,11.144578313252996
2026-08-15 08:00:00,20.3,43.4,299.0,10.5,5.5,46.0,27.9,78,1002.8,13.8,0.0,8,15,8,5,2.5,6.5,14.04494382022472,17.615176151761514
2026-08-15 09:00:00,22.0,48.8,284.0,9.6,5.5,51.0,28.5,75,1003.3,14.9,0.0,9,15,8,5,1.6999999999999993,5.399999999999999,8.374384236453203,12.442396313364057
2026-08-15 10:00:00,23.3,51.8,239.0,7.7,5.4,57.0,29.3,71,1003.4,15.6,0.1,10,15,8,5,1.3000000000000007,3.0,5.909090909090908,6.1475409836065475
2026-08-15 11:00:00,23.5,52.9,205.0,6.1,5.3,63.0,30.0,67,1003.6,16.1,0.1,11,15,8,5,0.1999999999999993,1.1000000000000014,0.8583690987124415,2.1235521235521304
2026-08-15 12:00:00,24.4,55.1,197.0,5.3,5.2,67.0,29.5,71,1003.4,16.7,0.1,12,15,8,5,0.8999999999999986,2.200000000000003,3.8297872340425476,4.15879017013232
2026-08-15 13:00:00,24.4,54.9,200.0,4.9,5.1,69.0,30.2,68,1003.0,16.1,0.1,13,15,8,5,0.0,-0.20000000000000284,0.0,-0.3629764065335772
2026-08-15 14:00:00,24.7,54.9,207.0,5.0,5.1,69.0,30.1,70,1002.5,16.6,0.1,14,15,8,5,0.3000000000000007,0.0,1.2295081967213184,0.0
2026-08-15 15:00:00,23.2,51.2,221.0,6.0,5.1,66.0,29.7,73,1001.8,16.9,0.0,15,15,8,5,-1.5,-3.6999999999999957,-6.072874493927127,-6.739526411657549
2026-08-15 16:00:00,22.2,48.4,240.0,7.5,5.2,60.0,29.5,73,1001.6,16.4,0.0,16,15,8,5,-1.0,-2.8000000000000043,-4.31034482758621,-5.468750000000011
2026-08-15 17:00:00,23.1,50.9,252.0,8.4,5.3,58.0,29.1,75,1001.8,15.9,0.0,17,15,8,5,0.9000000000000021,2.5,4.054054054054057,5.165289256198347
2026-08-15 18:00:00,23.0,49.6,251.0,10.4,5.6,53.0,28.4,77,1001.9,13.9,0.0,18,15,8,5,-0.10000000000000142,-1.2999999999999972,-0.43290043290044045,-2.5540275049115824
2026-08-15 19:00:00,22.7,47.5,242.0,13.2,6.0,47.0,27.7,81,1002.1,12.5,0.0,19,15,8,5,-0.3000000000000007,-2.1000000000000014,-1.30434782608696,-4.233870967741938
2026-08-15 20:00:00,21.0,42.8,232.0,15.4,6.3,42.0,27.5,82,1002.6,11.7,0.0,20,15,8,5,-1.6999999999999993,-4.700000000000003,-7.488986784140961,-9.894736842105267
2026-08-15 21:00:00,19.1,38.4,223.0,16.6,6.5,39.0,27.4,83,1003.2,12.7,0.1,21,15,8,5,-1.8999999999999986,-4.399999999999999,-9.047619047619037,-10.280373831775702
2026-08-15 22:00:00,18.9,36.7,212.0,17.3,6.7,37.0,27.2,85,1003.3,12.5,0.0,22,15,8,5,-0.20000000000000284,-1.6999999999999957,-1.0471204188481797,-4.427083333333326
2026-08-15 23:00:00,18.5,34.2,196.0,16.9,6.6,37.0,27.4,85,1003.2,12.6,0.0,23,15,8,5,-0.3999999999999986,-2.5,-2.116402116402105,-6.811989100817439
2026-08-16 00:00:00,17.8,32.8,170.0,14.8,6.1,38.0,27.1,86,1003.2,11.5,0.0,0,16,8,6,-0.6999999999999993,-1.4000000000000057,-3.7837837837837784,-4.093567251462005
2026-08-16 01:00:00,17.1,31.5,140.0,11.7,5.4,41.0,27.1,86,1002.7,10.9,0.0,1,16,8,6,-0.6999999999999993,-1.2999999999999972,-3.93258426966292,-3.963414634146334
2026-08-16 02:00:00,16.4,30.7,119.0,9.2,4.8,43.0,27.0,86,1001.9,10.9,0.0,2,16,8,6,-0.7000000000000028,-0.8000000000000007,-4.093567251462005,-2.5396825396825418
2026-08-16 03:00:00,16.1,30.7,111.0,7.8,4.6,44.0,26.6,89,1001.7,10.9,0.0,3,16,8,6,-0.29999999999999716,0.0,-1.8292682926829062,0.0
2026-08-16 04:00:00,16.1,31.4,112.0,7.1,4.6,44.0,26.6,89,1001.5,11.8,0.0,4,16,8,6,0.0,0.6999999999999993,0.0,2.28013029315961
2026-08-16 05:00:00,16.9,32.6,122.0,6.4,4.5,45.0,27.0,88,1001.4,12.8,0.0,5,16,8,6,0.7999999999999972,1.2000000000000028,4.968944099378869,3.821656050955413
2026-08-16 06:00:00,16.9,34.0,149.0,7.1,4.9,46.0,27.1,87,1001.7,12.2,0.0,6,16,8,6,0.0,1.3999999999999986,0.0,4.294478527607359
2026-08-16 07:00:00,18.0,37.5,185.0,8.0,5.4,47.0,27.3,85,1001.9,11.7,0.0,7,16,8,6,1.1000000000000014,3.5,6.5088757396449815,10.294117647058831
2026-08-16 08:00:00,18.5,41.8,206.0,8.2,5.7,49.0,27.9,82,1002.1,11.9,0.0,8,16,8,6,0.5,4.299999999999997,2.777777777777768,11.466666666666669
2026-08-16 09:00:00,21.5,51.0,198.0,7.1,5.7,54.0,29.2,74,1002.3,13.5,0.0,9,16,8,6,3.0,9.200000000000003,16.216216216216207,22.009569377990434
2026-08-16 10:00:00,22.5,56.2,176.0,5.4,5.4,60.0,29.9,70,1001.9,16.8,0.1,10,16,8,6,1.0,5.200000000000003,4.651162790697683,10.196078431372557
2026-08-16 11:00:00,23.8,63.1,159.0,4.1,5.2,65.0,29.4,73,1002.2,18.0,0.2,11,16,8,6,1.3000000000000007,6.899999999999999,5.777777777777771,12.277580071174366
2026-08-16 12:00:00,24.2,63.1,154.0,3.5,5.0,67.0,29.3,74,1001.8,17.7,0.2,12,16,8,6,0.3999999999999986,0.0,1.680672268907557,0.0
2026-08-16 13:00:00,24.0,61.9,155.0,3.2,4.8,68.0,29.7,72,1001.2,17.7,0.1,13,16,8,6,-0.1999999999999993,-1.2000000000000028,-0.8264462809917328,-1.9017432646592725
2026-08-16 14:00:00,23.2,57.9,159.0,3.3,4.6,67.0,29.9,70,1000.7,16.8,0.0,14,16,8,6,-0.8000000000000007,-4.0,-3.3333333333333326,-6.462035541195476
2026-08-16 15:00:00,22.4,53.9,168.0,3.7,4.5,64.0,29.7,71,1000.5,16.5,0.0,15,16,8,6,-0.8000000000000007,-4.0,-3.4482758620689724,-6.908462867012089
2026-08-16 16:00:00,21.9,51.5,180.0,4.5,4.4,61.0,29.2,74,1000.3,16.9,0.1,16,16,8,6,-0.5,-2.3999999999999986,-2.2321428571428603,-4.452690166975881
2026-08-16 17:00:00,22.5,53.9,187.0,5.5,4.5,55.0,29.0,75,1000.6,17.5,0.1,17,16,8,6,0.6000000000000014,2.3999999999999986,2.7397260273972712,4.660194174757271
2026-08-16 18:00:00,22.6,52.0,186.0,6.2,4.6,53.0,28.4,76,1001.0,17.1,0.0,18,16,8,6,0.10000000000000142,-1.8999999999999986,0.4444444444444473,-3.525046382189234
2026-08-16 19:00:00,22.4,49.5,180.0,7.1,4.8,51.0,27.8,79,1001.4,16.7,0.0,19,16,8,6,-0.20000000000000284,-2.5,-0.8849557522124019,-4.807692307692313
2026-08-16 20:00:00,20.1,44.0,174.0,7.8,5.0,49.0,27.7,81,1001.9,16.4,0.2,20,16,8,6,-2.299999999999997,-5.5,-10.267857142857128,-11.111111111111116
2026-08-16 21:00:00,18.2,38.3,172.0,8.2,5.1,48.0,27.5,81,1002.7,16.2,0.0,21,16,8,6,-1.9000000000000021,-5.700000000000003,-9.452736318407972,-12.954545454545464
2026-08-16 22:00:00,17.4,35.9,171.0,8.3,5.2,49.0,27.2,84,1003.2,14.6,0.0,22,16,8,6,-0.8000000000000007,-2.3999999999999986,-4.395604395604402,-6.266318537859005
2026-08-16 23:00:00,16.9,34.6,165.0,8.1,5.1,49.0,27.3,83,1002.8,14.4,0.0,23,16,8,6,-0.5,-1.2999999999999972,-2.8735632183908066,-3.62116991643453
2026-08-17 00:00:00,16.6,34.3,150.0,7.3,4.7,50.0,27.0,83,1002.6,13.7,0.0,0,17,8,0,-0.29999999999999716,-0.30000000000000426,-1.7751479289940697,-0.8670520231213952
2026-08-17 01:00:00,15.9,33.3,130.0,6.0,4.3,50.0,26.9,84,1002.3,14.3,0.0,1,17,8,0,-0.7000000000000011,-1.0,-4.216867469879526,-2.9154518950437303
2026-08-17 02:00:00,15.4,32.1,115.0,5.1,3.9,51.0,26.7,85,1001.8,15.0,0.0,2,17,8,0,-0.5,-1.1999999999999957,-3.1446540880503138,-3.603603603603589
2026-08-17 03:00:00,15.0,31.8,105.0,4.5,3.8,51.0,26.7,84,1001.3,15.4,0.0,3,17,8,0,-0.40000000000000036,-0.3000000000000007,-2.5974025974025983,-0.9345794392523366
2026-08-17 04:00:00,14.8,31.5,100.0,4.2,3.8,51.0,26.7,84,1001.0,15.0,0.0,4,17,8,0,-0.1999999999999993,-0.3000000000000007,-1.3333333333333308,-0.9433962264150941
2026-08-17 05:00:00,18.6,42.4,113.0,4.8,4.1,50.0,26.8,87,1001.2,12.7,0.0,5,17,8,0,3.8000000000000007,10.899999999999999,25.67567567567568,34.603174603174594
2026-08-17 06:00:00,16.9,36.7,163.0,6.5,4.7,49.0,26.8,86,1001.5,12.2,0.0,6,17,8,0,-1.7000000000000028,-5.699999999999996,-9.139784946236574,-13.443396226415082
2026-08-17 07:00:00,17.7,39.0,232.0,8.7,5.4,48.0,26.9,84,1002.0,12.2,0.0,7,17,8,0,0.8000000000000007,2.299999999999997,4.7337278106508895,6.267029972752036
2026-08-17 08:00:00,19.1,45.1,273.0,9.9,5.9,49.0,27.9,79,1002.4,15.2,0.1,8,17,8,0,1.4000000000000021,6.100000000000001,7.909604519774027,15.641025641025653
2026-08-17 09:00:00,22.1,53.8,260.0,8.9,5.9,54.0,28.7,74,1002.6,16.5,0.1,9,17,8,0,3.0,8.699999999999996,15.706806282722518,19.290465631929045
2026-08-17 10:00:00,23.1,57.2,220.0,6.9,5.7,60.0,29.6,69,1002.9,16.3,0.0,10,17,8,0,1.0,3.4000000000000057,4.52488687782806,6.3197026022304925
2026-08-17 11:00:00,23.5,58.6,189.0,5.2,5.4,65.0,30.3,65,1003.0,16.9,0.1,11,17,8,0,0.3999999999999986,1.3999999999999986,1.7316017316017174,2.447552447552437
2026-08-17 12:00:00,23.1,56.1,182.0,4.3,5.1,67.0,29.5,70,1002.7,17.6,0.2,12,17,8,0,-0.3999999999999986,-2.5,-1.7021276595744594,-4.2662116040955596
2026-08-17 13:00:00,22.1,53.1,184.0,3.7,4.7,68.0,29.5,71,1002.2,18.6,0.1,13,17,8,0,-1.0,-3.0,-4.329004329004327,-5.3475935828877
2026-08-17 14:00:00,21.3,50.1,191.0,3.7,4.5,67.0,29.6,71,1002.1,18.9,0.0,14,17,8,0,-0.8000000000000007,-3.0,-3.6199095022624417,-5.649717514124298
2026-08-17 15:00:00,20.8,47.7,204.0,4.4,4.4,63.0,29.7,70,1001.6,18.7,0.1,15,17,8,0,-0.5,-2.3999999999999986,-2.3474178403755874,-4.79041916167664
2026-08-17 16:00:00,19.8,44.0,220.0,5.7,4.4,57.0,29.1,72,1001.5,19.1,0.1,16,17,8,0,-1.0,-3.700000000000003,-4.807692307692313,-7.756813417190777
2026-08-17 17:00:00,23.0,54.0,230.0,6.7,4.4,53.0,28.9,74,1001.7,18.7,0.2,17,17,8,0,3.1999999999999993,10.0,16.161616161616156,22.72727272727273
2026-08-17 18:00:00,22.4,50.4,227.0,8.2,4.6,50.0,28.3,78,1002.0,17.9,0.0,18,17,8,0,-0.6000000000000014,-3.6000000000000014,-2.60869565217392,-6.666666666666665
2026-08-17 19:00:00,22.2,48.4,216.0,10.3,5.0,45.0,27.7,80,1002.1,17.6,0.0,19,17,8,0,-0.1999999999999993,-2.0,-0.8928571428571397,-3.9682539682539653
2026-08-17 20:00:00,22.4,47.1,208.0,11.6,5.2,42.0,27.3,83,1002.7,16.9,0.0,20,17,8,0,0.1999999999999993,-1.2999999999999972,0.9009009009008917,-2.685950413223137
2026-08-17 21:00:00,22.0,45.4,207.0,11.7,5.3,41.0,27.2,83,1003.2,15.9,0.0,21,17,8,0,-0.3999999999999986,-1.7000000000000028,-1.7857142857142794,-3.6093418259023458
2026-08-17 22:00:00,20.2,42.5,208.0,11.1,5.4,41.0,27.2,83,1004.0,13.7,0.0,22,17,8,0,-1.8000000000000007,-2.8999999999999986,-8.18181818181819,-6.38766519823788
2026-08-17 23:00:00,19.1,41.6,202.0,10.2,5.3,42.0,27.3,84,1003.8,13.9,0.0,23,17,8,0,-1.0999999999999979,-0.8999999999999986,-5.44554455445544,-2.117647058823524
2026-08-18 00:00:00,17.3,36.9,181.0,8.9,5.0,43.0,27.2,84,1003.5,13.2,0.0,0,18,8,1,-1.8000000000000007,-4.700000000000003,-9.424083769633507,-11.298076923076927
2026-08-18 01:00:00,16.9,36.4,153.0,7.3,4.6,44.0,27.0,84,1003.3,13.5,0.0,1,18,8,1,-0.40000000000000213,-0.5,-2.3121387283237094,-1.3550135501354976
2026-08-18 02:00:00,22.1,51.2,132.0,6.1,4.3,45.0,26.9,86,1003.0,13.7,0.0,2,18,8,1,5.200000000000003,14.800000000000004,30.769230769230795,40.65934065934067
2026-08-18 03:00:00,18.3,39.5,120.0,5.5,4.3,45.0,26.7,87,1002.7,13.7,0.0,3,18,8,1,-3.8000000000000007,-11.700000000000003,-17.194570135746613,-22.8515625
2026-08-18 04:00:00,17.4,36.8,114.0,5.3,4.4,46.0,26.8,88,1002.5,14.0,0.0,4,18,8,1,-0.9000000000000021,-2.700000000000003,-4.918032786885263,-6.835443037974686
2026-08-18 05:00:00,16.5,34.8,125.0,5.5,4.6,47.0,27.2,82,1002.3,14.2,0.0,5,18,8,1,-0.8999999999999986,-2.0,-5.172413793103436,-5.434782608695654
2026-08-18 06:00:00,16.0,32.9,168.0,7.0,4.9,47.0,27.0,84,1002.6,13.4,0.0,6,18,8,1,-0.5,-1.8999999999999986,-3.0303030303030276,-5.459770114942531
2026-08-18 07:00:00,16.2,32.4,228.0,9.0,5.4,46.0,27.3,83,1003.0,13.1,0.0,7,18,8,1,0.1999999999999993,-0.5,1.2499999999999956,-1.5197568389057725
2026-08-18 08:00:00,17.2,35.9,265.0,9.9,5.6,48.0,28.4,76,1003.5,17.7,0.0,8,18,8,1,1.0,3.5,6.172839506172845,10.802469135802472
2026-08-18 09:00:00,17.9,37.3,256.0,8.6,5.5,54.0,29.2,71,1003.8,17.5,0.0,9,18,8,1,0.6999999999999993,1.3999999999999986,4.06976744186045,3.899721448467952
2026-08-18 10:00:00,17.0,35.3,224.0,6.1,5.2,62.0,29.8,69,1004.2,17.3,0.0,10,18,8,1,-0.8999999999999986,-2.0,-5.027932960893844,-5.36193029490617
2026-08-18 11:00:00,16.3,32.6,199.0,4.2,4.9,67.0,30.3,62,1004.4,19.1,0.0,11,18,8,1,-0.6999999999999993,-2.6999999999999957,-4.117647058823525,-7.64872521246458
2026-08-18 12:00:00,16.6,33.1,190.0,3.4,4.7,68.0,30.5,63,1004.3,19.2,0.0,12,18,8,1,0.3000000000000007,0.5,1.8404907975460238,1.5337423312883347
2026-08-18 13:00:00,16.9,32.9,188.0,3.2,4.5,67.0,30.5,64,1003.9,19.6,0.0,13,18,8,1,0.29999999999999716,-0.20000000000000284,1.8072289156626287,-0.6042296072507614
2026-08-18 14:00:00,17.0,32.7,192.0,3.5,4.4,64.0,30.1,67,1003.4,20.3,0.0,14,18,8,1,0.10000000000000142,-0.19999999999999574,0.591715976331364,-0.6079027355622935
2026-08-18 15:00:00,16.9,32.6,206.0,4.2,4.3,60.0,29.7,70,1003.0,21.0,0.2,15,18,8,1,-0.10000000000000142,-0.10000000000000142,-0.5882352941176561,-0.3058103975535187
2026-08-18 16:00:00,17.0,32.8,227.0,5.4,4.3,54.0,29.0,74,1002.3,20.2,0.1,16,18,8,1,0.10000000000000142,0.19999999999999574,0.591715976331364,0.6134969325153339
2026-08-18 17:00:00,17.6,38.5,239.0,6.7,4.1,49.0,29.2,70,1002.6,19.3,0.1,17,18,8,1,0.6000000000000014,5.700000000000003,3.529411764705892,17.37804878048781
2026-08-18 18:00:00,18.3,36.8,236.0,8.8,4.4,45.0,28.5,72,1002.8,19.0,0.1,18,18,8,1,0.6999999999999993,-1.7000000000000028,3.9772727272727293,-4.415584415584428
2026-08-18 19:00:00,19.6,38.0,224.0,11.7,4.8,40.0,28.0,76,1003.0,19.3,0.1,19,18,8,1,1.3000000000000007,1.2000000000000028,7.10382513661203,3.260869565217406
2026-08-18 20:00:00,20.8,38.3,214.0,13.4,5.1,36.0,27.7,79,1003.5,18.4,0.1,20,18,8,1,1.1999999999999993,0.29999999999999716,6.1224489795918435,0.7894736842105177
2026-08-18 21:00:00,19.8,37.3,211.0,13.0,5.2,35.0,27.7,80,1003.9,18.5,0.1,21,18,8,1,-1.0,-1.0,-4.807692307692313,-2.610966057441255
2026-08-18 22:00:00,18.7,36.3,208.0,11.6,5.1,36.0,27.5,82,1004.2,16.7,0.1,22,18,8,1,-1.1000000000000014,-1.0,-5.555555555555558,-2.680965147453085
2026-08-18 23:00:00,16.5,31.7,199.0,10.0,4.9,37.0,27.4,81,1004.5,16.9,0.0,23,18,8,1,-2.1999999999999993,-4.599999999999998,-11.764705882352933,-12.672176308539939
